item ID,source ID
7,B004SK419E
9,B000CQBZQA
22,B002U8ABDQ
57,B001EQ4AKU
61,B001CTO0YA
72,B000NMI6VA
76,B003KK099E
83,B00A2A7LBE
129,B004L54ST4
164,B0016BPX0E
189,B0057FSQDQ
221,B003U4SDHK
275,B0029JXM6O
296,B000QFOXTS
304,B000EMD23Q
306,B004K04L1K
310,B001EO6654
317,B006BXUGHW
320,B004UJ6C4U
326,B001SB1QNK
336,B00HQUJOGI
347,B00CIX6P1U
375,B001GQ3E5A
385,B0039KEQUI
398,B0077SH5JM
432,B0047YN854
446,B003SBXJDS
448,B004T2RE3G
539,B00BJ6EVK4
565,B000FDKQK6
573,B00B4IGS3A
577,B000EMM9X0
637,B002UUJ590
642,B004538TME
653,B00A414YCK
656,B00C91ZR8S
664,B00BP36RTY
675,B009M516HU
679,B009A8EXFG
682,B000DZB4HK
690,B000ILMQF8
695,B000G176EG
700,B007B9NC0I
746,B00338BVF4
749,B004BKRLT8
759,B000LKZA36
800,B004NRHBBM
804,B001IZJVJM
833,B00G6663G2
864,B007HQFSMU
946,B00A66S7FS
967,B0007PB6SS
979,B009M4M6NE
989,B0029J6QLM
993,B000V17MLS
999,B007F1MMR6
1000,B001EO7IOC
1026,B008CG3BW8
1038,B001PQREOI
1058,B000P09RJ0
1075,B00G4OWAPY
1077,B00AZCNZGE
1088,B001I7RINQ
1127,B004WN7DNS
1150,B000V9CLG6
1152,B001ENKEDA
1178,B001K36UR8
1195,B004BCV4HQ
1201,B00579ISP8
1240,B000Q6XR0S
1247,B0078DU1CY
1254,B000H26J7E
1270,B002CBXTS0
1286,B001V78QZW
1359,B000JL4L7S
1397,B00BZZDEPM
1399,B0044R19V4
1403,B0001I1HFS
1414,B0012BS9F4
1446,B003V8QGAG
1447,B002ATEZOG
1457,B0051NHI6U
1464,B00AEJ3IJW
1480,B005BI0UQK
1523,B000H1558E
1533,B003Z4F56C
1556,B0047TLRP2
1560,B0001KH4AI
1570,B004VLVCGU
1578,B00FDET0P4
1583,B004ZWR6VU
1632,B000V992WC
1634,B000FAKY1A
1684,B0005ZYN62
1717,B00J0KPBEG
1742,B0009F5B4G
1748,B006OI6FMO
1757,B001FA1E5Y
1781,B0032GREV2
1799,B001EO5ZBU
1814,B005XAYXRS
1879,B00473M8PQ
1887,B000FYXBE8
1907,B004KUV136
1931,B000WS1KHM
1946,B00B9IPKEI
1957,B004XHWRIE
1969,B003M4U1YG
2009,B002OTY2EK
2014,B000ITWX2G
2015,B001EO5ROA
2046,B000F6SNPS
2049,B000LSIUOE
2054,B007P4BX1Y
2152,B0006O4OIO
2154,B001VNGMGG
2160,B0068ZWRUC
2170,B00CWFDEEA
2183,B005MHRB7G
2190,B004NCGFIC
2202,B003Y19D82
2208,B003Q4U0B6
2220,B008VQ1RE8
2230,B000F7PW9M
2239,B004R8FKO2
2268,B008GZ1A7I
2302,B000SATIE6
2308,B0039ZEDZG
2336,B0096RP84Q
2339,B003IMSFI6
2360,B002WWBT4K
2376,B001D4VK10
2392,B001NG72UQ
2402,B002GWHATY
2413,B000FDN6QC
2427,B002E7MA1O
2434,B000NMJWZO
2451,B000FYVKVY
2464,B0065JA1IQ
2512,B00BOTZTDO
2534,B000RL2W0I
2538,B005FC6T08
2545,B00315VOD8
2560,B0031JK95S
2567,B000YFOSLS
2615,B005Q8BL72
2638,B00C6OI6LS
2657,B00C4YOJ2K
2692,B0039QXWPM
2731,B00BPETQXM
2753,B0017U24LA
2760,B003CB0VAI
2763,B001RMB4WI
2802,B000WS3AMU
2808,B0001M12JA
2831,B0000DHYNJ
2843,B002DVNM7W
2850,B00B5BICZS
2859,B003N0ZEJG
2862,B00DTRJ2HS
2876,B001KPRGQA
2905,B007FFNZK0
2906,B004VLV922
2928,B000EZOP0W
2954,B002RBOB9G
2959,B0070AJMFC
2961,B000F3Q6W8
2964,B00IBDO0IQ
2965,B001FA1LW0
2977,B000KELHTO
2982,B002I0T7TK
3006,B003TXBJCS
3016,B0084786RK
3027,B00375LB2G
3061,B008I1WVAU
3069,B00BAYQ658
3124,B00B8CYNN4
3126,B002NGY2TE
3148,B007HQOVBO
3152,B00DBSG3K4
3186,B009RMBTHU
3192,B000FDDESM
3228,B000PGSL64
3241,B0001M12MW
3254,B003KYIX0C
3270,B009AH7OU8
3285,B0032RPLSY
3306,B001ELL364
3340,B009M516HA
3354,B000WYF2UC
3379,B004YGQP5K
3388,B00EGEJQO2
3400,B000EDGB2E
3421,9742356831
3427,B0050Z3PRU
3488,B000LKZI60
3498,B00HDLZ072
3501,B0083CRDUC
3522,B00A66TZKY
3532,B004J0IDU6
3542,B004AXZEW2
3645,B0083V6UKC
3674,B000LKTW3K
3685,B00B5I1ZO6
3699,B00AWEDP2O
3750,B00609QU5O
3763,B008OUJGV2
3827,B00ATJUHI2
3836,B005T4F98K
3841,B000OQXXOA
3843,B00142C0JM
3880,B001D4CJJ2
3895,B0044V2LZ8
3917,B00C7MGHVA
3936,B00B9HHHLI
3965,B000RHSVN4
3973,B00032FS0C
4001,B003DIIMLK
4009,B000FFIEMQ
4018,B002MGM64I
4027,B00A1SDH6K
4033,B000OLTIAI
4043,B001P734XC
4050,B001U91OS2
4057,B00B9AAI9S
4091,B000EVG8H4
4102,B000F4OLJ2
4140,B001PEWJWC
4149,B004IX03MK
4172,B000HNF8ZW
4180,B000M9LROC
4205,B002YM5WIW
4209,B00B7QQOA6
4236,B0099XI58S
4240,B001D0676C
4287,B004VDH4L0
4293,B00A8PN3CY
4368,B005EKI68Y
4371,B006S4Y5B2
4383,B0018S2178
4400,B004GU3YXU
4404,B005YYFHCS
4422,B001LFABO8
4427,B003JI3B4W
4434,B006N3I4P6
4438,B001CUGD9Y
4479,B007C7VQ5M
4515,B000PL20KM
4516,B000I68S9Q
4518,B0004MVRH4
4529,B008KHWSKA
4536,B006Y7WGC8
4570,B0009PAVQY
4574,B0039LVLS2
4585,B004I5IC5I
4593,B00E1Z40DI
4622,B00EVQ66EI
4628,B005I0JJ6I
4633,B000HGC96K
4649,B000HDI5O8
4659,B001LO1A0S
4685,B005KSILB2
4700,B000LKTW5S
4711,B005LRBGEQ
4727,B005RF029M
4745,B003E6COMO
4766,B00AR6Q5JC
4780,B000E1DSPE
4808,B0009F3S7I
4820,B006J23YQ0
4822,B0046LLEBS
4839,B009ZJHQVS
4851,B0035LYCPU
4852,B007C7NHVS
4860,B0039QQXDU
4861,B004N5KUV2
4881,B001EQ5HRU
4882,B00DVKYQ2Y
4923,B00520I9GA
4944,B0075ANCIK
4945,B002R81L92
4948,B004H4SEN0
4958,B002YR7A9Q
5020,B004HK46BS
5026,B00239K3LW
5032,B001E5E2RC
5050,B000TTDDWE
5071,B006HT4W4S
5076,B001PQOAN6
5085,B001NIQVLU
5090,B004JNZL1W
5118,B0000DIWWD
5120,B002OTU7GW
5154,B0012OPDTG
5171,B00BV6R3PM
5206,B006Y7WLB4
5210,B0093K4YJQ
5223,B003832GRQ
5239,B00FT6LRH0
5252,B004TPWSAW
5266,B001M1950M
5281,B000E1BLOO
5285,B00511MJO8
5288,B001SAU13C
5322,B006OPV108
5330,B001IZM8WY
5368,B000N4G78C
5370,B00A64MVMU
5372,B00BWYQONA
5410,B003SBRO84
5412,B000LRIITM
5430,B005AHYMMA
5477,B0079EIIZ4
5484,B002U4OV6I
5487,B009OI09KK
5495,B0039QS496
5499,B0070XYM1I
5562,B006YH3VEA
5568,B003CAYRU4
5570,B009RS1ILG
5588,B001942GAI
5593,B0049YMBKA
5604,B009PARMMA
5644,B0019GVYR2
5658,B009PQR6OS
5674,B00EHZVEK4
5701,B001YXVSN0
5718,B0001W2W58
5729,B000EONEU0
5753,B001DCBT7C
5761,B000FBO9H4
5806,B00BBZ8YH4
5827,B0025UNP3W
5828,B00269VK20
5842,B00979EAL0
5850,B0018QLG9Y
5858,B000F8J2HO
5883,B0046H3GNG
5889,B001LQO1MU
5896,B00ETK4VB6
5901,B0078DQ7PE
5908,B001SB1F1I
5942,B008YPDEGA
5975,B00421DMLM
5997,B004VLVBSY
5998,B004IY1MGU
6015,B0079QE4LE
6017,B001EDAHZK
6057,B000LO40AG
6067,B003VM4STI
6068,B0001W2W2Q
6079,B000EICISA
6081,B001LO501S
6090,B001PB2ZP6
6093,B001EO66OA
6117,B000P0VRW0
6145,B006J23YYW
6150,B001PAS5GK
6157,B0076MB68U
6158,B000FA7Q2A
6184,B003YXAQN6
6202,B005FPDEHQ
6212,B00C3JBFZU
6258,B00449NWZS
6265,B00AZ8FLNS
6266,B00495RQNG
6319,B001F35WU4
6323,B004KPZOIE
6348,B0036FEB4W
6414,B000V79VSY
6423,B00497XVW4
6424,B0000ESTGX
6441,B005C3IVN8
6443,B000BEZVW2
6458,B003USZF2C
6460,B004P7QDR8
6476,B000MDCDOG
6477,B001VE26I8
6483,B004TPUSPE
6491,B004VLV3QE
6508,B004URPYHS
6548,B001TNXSZG
6597,B008AZ08D6
6604,B000G1EO6E
6623,B004ZIF15W
6635,B000JMFCRU
6644,B00BPNRIR4
6667,B00451SGZ6
6697,B005K4Q1T0
6706,B0009EIOPK
6720,B006JW5166
6730,B00B8YZ2LE
6744,B00GQGGNRQ
6752,B003A9Q8IQ
6771,B003TOES7K
6790,B006GL6N9E
6804,B001872UCA
6810,B0014M1VR4
6825,B000EM6Q3O
6827,B001U337VU
6828,B0010OE8FI
6837,B00794CGRK
6839,B002HQC31Y
6866,B0001YR058
6875,B001IZIC7E
6877,B004VLVEMM
6906,B004H6MV28
6909,B0004N1K48
6922,B000ED9LDU
6927,B001792ULU
6933,B0057FSPNM
6954,B0001M11BO
6960,B0045TI2XE
6967,B0000DI085
7002,B000F1LMNS
7003,B004JRSAJS
7032,B004H85S8A
7033,B00473X5N0
7042,B007KTFY2S
7056,B002Y2OWOC
7068,B000F70OXG
7070,B004GU7GK2
7096,B0026HMVS4
7110,B004391DK0
7111,B000HL5JNK
7117,B005LDVJVK
7120,B000611RH8
7122,B00BJ90R54
7161,B00FDZJN4G
7186,B00D358MK4
7188,B004VLVGKC
7196,B001GHYO4E
7239,B0019LPCPM
7251,B000WJ0YVE
7280,B000UXH9WE
7282,B00017028M
7287,B00CSSPQJC
7295,B000SAPXGS
7336,B005LVSAQ4
7337,B001E6GL66
7347,B002BWS1OM
7352,B002TXT502
7358,B00CFNVUR2
7360,B000GBXIOI
7372,B008MTGHYO
7374,B007C7J5CS
7379,B001CWSK98
7386,B005Z0OKFQ
7415,B004SKOKOK
7439,B00BL7E200
7442,B008K8JRVC
7447,B003V1BT3W
7457,B00EH1EYLO
7459,B004YV7VDU
7462,B002YJ6K2M
7472,B008478JF4
7492,B000RHXMCY
7505,B007C7JWG2
7508,B004QP7YQ8
7509,B000DZB0SS
7518,B005EKI0K8
7522,B000F4D5GC
7554,B00ADX5WZ2
7562,B00D7I6N62
7573,B0000DID5R
7597,B002DHNJE2
7601,B0049YMAJ2
7629,B001L7X1HA
7632,B000FDMLV8
7642,B00FV9GZMC
7683,B004772P0U
7687,B00794ITEO
7696,B003C4UDEY
7701,B000FICDO8
7721,B004P5B668
7730,B002E0UEBE
7755,B00EGXVG3M
7767,B000EUJK5C
7779,B00A9HBUJO
7796,B0035N3AK6
7806,B000WS039S
7820,B009NYDORA
7839,B0004MVRFG
7855,B0041HVNZ4
7856,B000SANUAE
7860,B000AOV9BU
7873,B000GJQ5C2
7890,B00515JKXW
7896,B00408NAPA
7899,B0087N7L90
7910,B000GZW5MA
7921,B000EVOQNC
7954,B000JMFCV6
7961,B000JMBFZ8
7966,B000H27PAO
7969,B001EO6ESS
7974,B004RASGOQ
8020,B008RVURIE
8036,B004U49T36
8041,B000JZHE1O
8046,B00A4ASPXU
8060,B000V1AWBU
8078,B007L3Y34S
8081,B008OUN6JK
8091,B000E5GFQE
8094,B00D3AZACM
8112,B000CRIUNU
8138,B004KARTKU
8157,B009NEJY42
8158,B007PA34DI
8174,B00K0QVYWC
8180,B0033GMSTY
8182,B00F4JQ6R8
8186,B002ESMHOI
8193,B007M8FRV0
8213,B00HQ3ZPJA
8214,B006R4ZMFG
8240,B00C30SOF8
8272,B00497Z9HO
8288,B000M2C536
8346,B00HRR6MYW
8352,B001LO4YZQ
8365,B0044QW7FC
8367,B00DJ62Z14
8391,B001KZ1AE4
8402,B004729O18
8413,B0049TX1E0
8414,B009PGCRD8
8418,B000E682M8
8455,B007FFG6X8
8461,B000MXGMCK
8474,B001EQ4JD8
8491,B000BHRD5W
8516,B004G9226Q
8517,B000HQL5J2
8523,B001G8UC3A
8665,B000G176DW
8673,B003E5R4F2
8682,B001EO61AY
8686,B000PXXQNK
8707,B002HQCS5U
8720,B000EDG3TU
8740,B000NME0BU
8796,B001EQ55O0
8826,B005258A2I
8848,B00CM259KK
8867,B002GWFAM8
8869,B000XDJU0A
8895,B000PFEWEA
8919,B006YUHEU4
8952,B0025U9ZTU
8957,B005ECLIUA
8958,B00451U9RO
8994,B00BDFNTNQ
8995,B000H21VRM
9000,B003118SAE
9020,B004VLV6ES
9032,B0000CDBQZ
9033,B001EYUE5M
9046,B009D62LMW
9065,B00FN2ZGP4
9066,B000G176CI
9079,B0019GZ7Z2
9081,B00IRL93SY
9088,B00GH4CI1C
9095,B004EG8HEW
9098,B00BYNDPNG
9131,B001E5E0HO
9145,B001E5E2GS
9164,B00375LB3K
9166,B000M9O5Y6
9188,B003SO2O18
9226,B001AMGPZ6
9227,B0090DY68A
9232,B0045CTYNI
9250,B0041CK71U
9266,B002HQCJOK
9283,B00AO890YA
9315,B0057RME8M
9341,B000FSKIS6
9347,B00K0QVV52
9375,B000VSDNMS
9390,B001VNGM2K
9397,B008XFE2YO
9415,B009SR4OQ2
9416,B000Z3V3LM
9435,B000ER1EQI
9452,B00DPEK43G
9465,B007VA2EOC
9471,B00473PNGW
9493,B000XBCBW6
9516,B00C3J9PCK
9522,B0013Z1R1W
9531,B004U7QSYQ
9541,B003EMO8JA
9554,B000GBXG2C
9569,B000KHMWQS
9606,B006045ONI
9611,B000EDK5LM
9655,B00DOORDNG
9718,B0077URTZU
9722,B003GYZ7QE
9729,B001E5DZWK
9732,B00AQM72LW
9744,B000MT8FK6
9758,B00886NBA4
9770,B000FOIYS6
9810,B003Q4TTUO
9855,B001AY9GF0
9856,B003QTZ2RS
9868,B008FD9K28
9917,B0007IR288
9926,B001CGTN1I
9935,B0044R368S
9974,B003AYEHLQ
9982,B000E1BL5S
9986,B00016JGZI
10011,B0097DJU4I
10020,B002UMD9KO
10023,B0072BHX6Y
10024,B0000E2EP4
10025,B00B42SV6I
10037,B00FABS60K
10045,B000IKDHFM
10046,B00934S5JM
10057,B006ISCRUO
10062,B004JR2KZ8
10079,B00IO1GELG
10084,B000E123N2
10110,B00AAL6W2Y
10118,B002C4U0MU
10125,B00BLTKUJ0
10138,B0044QWDHO
10146,B0002LD9K0
10162,B00CUICX8C
10168,B000LKUSTM
10171,B000FFLHSY
10186,B0027Z5J6G
10199,B003FY82YE
10204,B002HQCJZY
10254,B0000DHXGL
10273,B004TNVSDW
10285,B0086XR146
10287,B000KEPBBY
10308,B005P0I7T6
10309,B00BBR1G9U
10323,B0060AU32Y
10366,B008PP3HKM
10368,B001CJWASI
10373,B00I8W3SXS
10378,B006JLI4RU
10388,B004TNXDDU
10396,B001HB1IH0
10397,B002SIDKPE
10402,B00473RWXY
10418,B004741202
10420,B000F3OA7G
10449,B004IRSSHI
10516,B003IDZAU6
10523,B00BQJYNPM
10537,B0010AP7GQ
10541,B003G4FVMY
10547,B000THB382
10606,B000EVG8HE
10622,B003OB6CGI
10628,B0030VBQOK
10632,B009OJW5OW
10650,B000FNLEHK
10669,B00014JNI0
10674,B007TOOIXU
10690,B006CNTR6W
10715,B005Y642CM
10719,B0050X8EK0
10723,B000EH0RU2
10750,B001ELL512
10767,B00AR6NJNC
10795,B001KPSN7G
10806,B0040WHJQM
10855,B00AU0E6DC
10862,B001ELL4F4
10872,B0039QXWWA
10906,B0045TVLNW
10922,B005K4Q8WU
10936,B007X27OMU
10946,B00536IFBM
10956,B007ZK9NO2
10961,B008M0EIQC
10967,B0083PR7GE
10981,B004LZG2N4
11007,B00032K7Y4
11017,B000OU5EFW
11021,B000GPRNGS
11027,B000IXWCQO
11039,B00I3PQVTI
11045,B002957S2W
11067,B001FA1DUU
11095,B00099XOVE
11100,B0055IRNAC
11105,B0039QOS3C
11108,B003PWC346
11176,B000WSK5N2
11214,B0001AVRQK
11228,B000EDG3LS
11235,B00F1PXP0G
11248,B003WECB5S
11267,B005T04UNY
11295,B0098WV8F2
11323,B001HTE5GS
11362,B003MNOBMU
11372,B0040QCJDG
11418,B003XUE9UQ
11420,B009MON6UG
11424,B000RHXI7I
11441,B003ZTPXNM
11443,B0028A8ZEI
11483,B000FFPXBG
11500,B00B044BNW
11520,B0017T6S1I
11549,B002DM62BY
11569,B003TN6ZN6
11571,B003SBRLLO
11577,B003QU2LYY
11584,B008OIW5NK
11618,B000VEHPNK
11629,B003CRKNPK
11671,B00014FT06
11680,B004IY18UK
11695,B0024YDXTK
11714,B0029JDVFQ
11750,B0047SBDW0
11760,B004SUESLU
11782,B004X8TFDS
11785,B000LKTJ9C
11808,B001D3NXKM
11810,B004P7QDJ6
11872,B000M9LRR4
11878,B0044MTGHI
11880,B001PQOAVS
11885,B001E50TJC
11886,B007FWA4RU
11896,B000GHJJVI
11921,B007TGDXMK
11939,B0025UJVGM
11943,B004ZK3I3M
11950,B00AOAS7ZQ
11951,B0000D9NBV
11963,B0019FR0WQ
11972,B00032IMAU
11994,B000ETZU34
12003,B00B4P50Z0
12008,B001E52XIC
12025,B001SAXNE6
12058,B001XUM9B4
12059,B0086UMIYM
12062,B003LTOBAC
12067,B00C203VUW
12069,B005DVIJIG
12080,B005IOXBY0
12110,B004727PFK
12151,B003DU924E
12164,B0035JCOPC
12180,B001D05RWC
12216,B0028667PG
12222,B0093K44O6
12236,B001PQMJCA
12272,B000ELGPAO
12273,B000HDK0D2
12290,B00473SRCY
12308,B005CP1WZ0
12325,B006JMK6V6
12343,B0014CBTGC
12384,B003XUL1VQ
12409,B0019MYYFA
12421,B005Y110NQ
12455,B002RXQRF0
12472,B0001M12LS
12490,B001F3J868
12499,B000F34KOE
12508,B000NORDQM
12516,B00ARABJZS
12517,B0007RRO1O
12542,B009VV79XU
12545,B00C8PXZSE
12575,B000FIZW50
12578,B0017T6S0Y
12580,B008A0ACNC
12582,B007NG91CC
12599,B000FFLTD2
12601,B003ZI5RK2
12608,B00FTBDCZU
12615,B0053B6V1S
12635,B0051SU0OW
12659,B00K0QVRYM
12673,B000MDAT2E
12694,B003XFOXQ6
12701,B00716PFYM
12706,B004CYJX2Q
12750,B0001M12DG
12760,B004CH81LM
12774,B000QSUZKQ
12779,B005ISUOEQ
12782,B000LKXRNQ
12854,B0034EDMCW
12876,B004LW0KXK
12890,B0044CJDTO
12921,B0014UFXRK
12930,B000VSDA3A
12935,B000F41ZFA
12941,B0051T3R6E
12946,B00B3PJHCS
12960,B006WS5WWA
12965,B002DOG6VS
12991,B003J9Q9ZY
12994,B003WOCT96
13002,B000G1CPV0
13019,B001ELL60W
13026,B003VF7Q62
13051,B00474VPY0
13088,B000LKU1LW
13095,B000EM8UFG
13117,B00411RU5C
13130,B008KZAFZM
13132,B009M516NE
13141,B0011DMV5M
13195,B00975HW1Y
13229,B00112ILZM
13281,B000NY6PY8
13320,B005JXHHBS
13325,B0062MAJPG
13338,B004IMEU6G
13352,B000WR4SJ0
13372,B002F0RY20
13376,B00934S33A
13380,B003QDRJXY
13390,B00473X6ZM
13423,B000HRVV4A
13425,B003J9W0UC
13430,B000Z93FQC
13453,B007SO06VE
13482,B004HZTA9Q
13488,B000R8VHFM
13516,B009M515HG
13519,B001EQ5Q3U
13527,B004PXEZ9K
13534,B002YLCO7K
13537,B007CM2IAY
13544,B002UGMH9Y
13558,B000CQE3HS
13559,B006FYS368
13583,B0014EOV60
13592,B0014EQI4I
13593,B004I4AWJ8
13602,B007VCF1QI
13606,B003M1PKUO
13610,B004X8W1YS
13628,B001LQRJ4C
13633,B0034EDLS2
13650,B006WOFLL6
13667,B004K7O1BS
13676,B0028GY9J2
13704,B000NY6Q0G
13738,B00470UXQ0
13752,B000EVT04C
13775,B001HTE4RS
13789,B005BSR8GU
13792,B000FAB4GE
13815,B000WS1KH2
13828,B004H20YL2
13838,B000BXZ4MK
13850,B001PKX4H0
13856,B00430MA5Q
13889,B00CA2CF7W
13924,B000WS1ELY
13933,B001SAXNF0
13946,B001VNEBSC
13958,B00DBSG2NC
13985,B004P7QDHI
13997,B003LPM9XM
14014,B0073F2DI2
14019,B0062TYRFW
14041,B000JGLE0U
14059,B003SWGI1C
14072,B009M515HQ
14086,B001IZJZE8
14087,B004GH6X68
14088,B00286M6TW
14105,B003O7T87C
14135,B004SKJ6W6
14155,B0046HEB08
14181,B00FA8NFAO
14191,B000SKH21C
14212,B00C37857S
14215,B00H49IYD0
14226,B007VDOZEQ
14251,B003EYNJMA
14266,B004LQRNT0
14275,B000G18NO8
14284,B00AEV100E
14295,B000E48IMO
14297,B00C1CLQG2
14302,B00BCQMPVS
14311,B004VLVN6Y
14327,B00016Q6DS
14330,B005P52R9C
14355,B004YT5ZTY
14356,B001VNGNEM
14373,B0040WHJM6
14376,B0088W0DG8
14377,B000KEPB9Q
14402,B000H27NTM
14424,B007S7ON92
14489,B001ESHOA6
14492,B000FJLXHU
14510,B001GE8N4Y
14530,B002HQR4X6
14563,B000BF3AGU
14569,B001SAWE5U
14572,B0039X9KUQ
14590,B007OTXW3W
14627,B000FDKQCY
14636,B00C5J8WKY
14639,B00AV5AIOC
14688,B004G964GA
14696,B00117YTBC
14701,B0071QZSYO
14726,B006R0M8KC
14737,B001ULE64Y
14754,B0017T6S2M
14764,B000JMAVYO
14774,B007SJIMRY
14776,B009M515DA
14796,B003THE2EG
14809,B001BOC8IQ
14821,B00A7OBO7C
14830,B004XN8RWI
14835,B009ZJGYPW
14841,B0000DGDMO
14843,B001US9VL0
14846,B00497XW8W
14863,B0037YP7GS
14885,B00EVJVBGI
14890,B008VHEJS8
14891,B008YFWH3G
14929,B002F4XTAC
14956,B002UKXD70
14980,B001QKE59U
14995,B000HGC988
15004,B00473OQ56
15027,B000MDHHGU
15099,B00G91O3TS
15104,B008ITX1TC
15109,B005CD3A8E
15131,B000JZA1VO
15134,B007NVJ4CY
15140,B00AYGEGXW
15141,B001ELL332
15142,B0002PSOMO
15152,B000LKXFMO
15172,B00BTWIFV4
15174,B00DBSG77S
15176,B004CGXBS6
15190,B001GHYO5I
15231,B002ALYK8A
15239,B001GQ9YJ0
15251,B00BT7C9R0
15262,B003ZJED74
15266,B004770O08
15277,B000VQD4Z6
15316,B00437EN2C
15347,B00IRFM1JS
15360,B003SBRV14
15371,B003E3OTPC
15392,B00DXOHA12
15400,B0045IO2XO
15423,B000UBPTQE
15424,B00BZ2WDHK
15466,B000EI2LLO
15468,B0046HJN5G
15477,B0005YLUNW
15483,B00HSY0OPW
15507,B00HKGB9ZW
15529,B000FF9DV2
15540,B000EIE7GQ
15571,B0001IOSDQ
15594,B0001M0YK8
15614,B000H7D1HK
15636,B001CTYT6E
15641,B004SKP0MG
15642,B0048C8Q2K
15668,B0053DLPIA
15675,B0085000BG
15678,B00C1LXBFC
15696,B00099XNO2
15703,B004WX5J9I
15773,B001EO6BDG
15782,B003VN5BIE
15805,B000I5FD2M
15811,B004K0862K
15859,B00C6VNWTC
15864,B00F548V7U
15889,B00470NIOO
15909,B007TV53KA
15912,B00AJRKITM
15920,B0005ZXT12
15943,B0089S7U5S
15977,B001XSMANI
15989,B004M14AXQ
15996,B003P7ZMXA
16037,B000FAUOI8
16050,B00474F6VS
16052,B00FMLAKR0
16091,B003LPMAUO
16096,B0009F8JRC
16103,B000WS3APW
16127,B009M4M760
16165,B004I3Y4IE
16169,B001KWF1A6
16170,B000H9NFR4
16201,B000216TSE
16214,B000TGWXZ0
16218,B008OY7CXW
16225,B007C7IGTQ
16234,B000F409HK
16241,B003KI7U9S
16252,B004IMYBB0
16262,B007ZDITJ4
16270,B004772OWE
16283,B007F1L5CE
16284,B004AFODLI
16296,B0012S8VHS
16310,B0051NHRN4
16315,B005X7XWL4
16323,B007OSSW5Q
16359,B0000GHNUY
16403,B000P3KCD2
16404,B00CP3L91O
16413,B004TJF39Q
16419,B00CVDJSWA
16429,B00DUA6B1Y
16445,B00A4ASPWG
16453,B004Y32MNC
16463,B000Z4WRYS
16491,B000TAZPCO
16497,B007WW5E8M
16560,B002BX1HMY
16593,B004PX81RM
16594,B0040PYG9W
16604,B0000CDBPV
16611,B00E9OWZ42
16614,B00DEYEKT6
16634,B001BM6LVS
16652,B001PILVGI
16680,B00826N39Y
16686,B009A79M9O
16687,B008BRLNAA
16708,B00158KMCW
16714,B000RL88YW
16739,B00BTWIIG6
16754,B00596SCM8
16777,B004V3INE2
16780,B001L4JH5I
16781,B002GWFA64
16803,B000V6FTTU
16822,B0002IZD02
16845,B001A1TVNA
16853,B000GFYRHG
16861,B00C43N80U
16870,B005Z6MXBI
16878,B00B96KHR0
16885,B0040PUJ0M
16910,B00A8NHQ92
16913,B001L1MOOW
16932,B003Z7VYXW
16939,B001VNEDDA
16946,B004O626OO
16967,B005IVX0OY
17007,B005M4AM5M
17014,B0094IZ3V0
17051,B00G1516KG
17106,B008269HC6
17119,B004AWTR6M
17123,B004Z4PKP2
17131,B004BKM2MO
17159,B001D3LUR0
17164,B004V3IO0U
17177,B001M0AKWA
17182,B0099PC08M
17187,B000VQ9I92
17196,B002BG38R8
17201,B002B8GH74
17238,B00C1Q18G6
17245,B000HQRCDA
17252,B001O8PSRW
17273,B00FU1YVDQ
17306,B000N1ZB6Y
17309,B000EZMRP2
17336,B002DXVFAQ
17342,B0049YMAII
17363,B004WJ4XOE
17368,B001EO5Q64
17397,B003TRYMHS
17403,B001E5E4C0
17405,B00DHETWR8
17428,B003NUYCV2
17433,B004FWN1V4
17445,B000BTAREY
17447,B000Y02VZI
17455,B0041CD3W0
17468,B0040Q0TPQ
17496,B004N5FRD8
17513,B000E1D7RS
17552,B00356BR3K
17556,B009PAQ262
17590,B00GPU11HA
17602,B005HBMZ96
17629,B00JD77Z36
17664,B00DDKQI5K
17678,B000O8KKB2
17679,B003J9USLK
17687,B005ER1JI6
17705,B0043FC4GQ
17718,B000SATIZA
17743,B000E1BLK8
17747,B002UMCSY2
17757,B001EO5RZY
17801,B000M56BS8
17810,B0040PWYVO
17839,B002ATOUZA
17870,B004085MA6
17902,B001CRSR0U
17924,B000SWTKV0
17977,B0025VPE9O
18000,B00CJVQEI0
18005,B000ISZ310
18014,B0068Z37ME
18043,B000HDKZCS
18050,B00B1HL0H8
18068,B000FA393A
18069,B000VS8O86
18101,B00EWT1M4S
18114,B003LPKEPC
18158,B006BHQU6Y
18185,B002YR97BU
18186,B001M1YW0U
18192,B002GWH7QA
18197,B000LKZ9IC
18250,B007B9WAH4
18279,B0039QS4OQ
18291,B002K660GA
18300,B000G6522Y
18313,B001EQ55YU
18339,B0032ZB03G
18352,B001EYUE5C
18353,B006E0O1BY
18365,B00F3I9CBM
18371,B0014S83YC
18382,B00A3815IA
18395,B00A381JOA
18398,B007HDSPVO
18407,B002ZOKNGU
18421,B005T03EK4
18444,B000LKVIEG
18468,B00CJ6NB54
18486,B001R300WM
18503,B000UXWQMC
18529,B001NXHY8Y
18531,B001ELL5EO
18627,B00B2BIUGM
18636,B00HTOXUM0
18646,B00B9LYTT2
18649,B00A2N7DUA
18650,B0094IN7UE
18664,B004BJWTBY
18684,B00871YOJM
18709,B0013L0C6W
18712,B00CF8AT74
18718,B001XWRGS8
18722,B008CC8ULY
18750,B0074V3NFM
18753,B001JU81ZG
18764,B00DBSGJ4E
18772,B000DZH1D6
18787,B002RBRY0Y
18794,B0001M0Z3O
18797,B005JEYV20
18813,B0007U5J40
18846,B00GXG4H3G
18862,B00A66TSW4
18872,B00AI1KAQA
18891,B008AHJ100
18896,B004Q6WOJE
18931,B00112GIRA
18955,B001EO6GFO
18957,B000NME7QS
18962,B004Z4HUXM
18967,B0006G5KEY
18968,B005CMA0D8
18972,B000LRH9DI
18975,B001KWVJG6
18979,B004TPXALI
18995,B0039K6YAS
19012,B00B7B8R38
19021,B004APK4Z2
19037,B0025UCIXA
19055,B0093JX9RA
19057,B000ER1EPE
19063,B008U71YD2
19070,B004CP73OK
19085,B0087FJ23Q
19088,B008L3EQDU
19133,B00GG06LUQ
19149,B00BV27XZG
19162,B0055KEF56
19173,B008DQ7B1O
19175,B004Q6VZHQ
19200,B000EDM70Y
19207,B003YBH398
19221,B00IOT913Q
19265,B003CS7Y4M
19282,B003O82PSU
19290,B003Z3N2LI
19316,B009G3TTFE
19330,B00BJH5A26
19332,B00F9EGU1K
19349,B00164X7CW
19361,B002FK0A26
19395,B000EG6G9E
19406,B00DYS1CA2
19457,B001P25FNE
19468,B0048IAMV2
19479,B00BE6O5IC
19489,B000FKQDDI
19506,B00FN68C06
19523,B007C7PPY0
19528,B0018A9APW
19543,B0014EOVCO
19546,B00F2B9ECC
19567,B001F0O26W
19570,B001FB69US
19585,B005258A14
19620,B0053B6V5Y
19649,B003OB0JHG
19652,B0099XPG94
19694,B001ACA0HU
19709,B006K3WY6E
19720,B0039KERRK
19722,B00382UXU4
19791,B009324C0U
19794,B00A2DXA7A
19827,B005IW4WEA
19832,B001VNGO7S
19839,B00F9TC5X2
19847,B0088Q4A3G
19861,B002ZJ3BTQ
19862,B004VLVJ9U
19868,B001SB79SQ
19886,B000FPJ4MU
19903,B003XB5LMU
19924,B002ZEAM8Y
19933,B000OIXDZW
19949,B00DAHUCNU
19950,B009OEN5LE
19951,B004TEOI7O
19984,B001G0MG14
19985,B005EKI620
20001,B004UGNT6M
20008,B004N8S36S
20021,B006NWITL6
20025,B000G1CPRO
20049,B0045E0CCI
20063,B004VLVJP4
20066,B000LQLV3S
20068,B00488N8KY
20079,B000UXDKM2
20114,B000G6BXCC
20115,B008T9SHRW
20127,B000ENUC3S
20174,B000BF10K8
20182,B006QAFU3K
20186,B001KUQJ4K
20223,B008YDVXM4
20239,B0017SWABQ
20241,B009AEFP4S
20243,B001UUEWIA
20278,B00685GE2E
20309,B006H34208
20318,B007NIXLEO
20320,B000E1DSMC
20359,B00CIVR8F4
20371,B000V8XXWS
20380,B002GQ3IDC
20382,B007IW34RY
20395,B00BRKF8DG
20426,B00GP16RBO
20445,B0086FSKY4
20453,B004OFBEFM
20456,B0040FIH56
20479,B0014GUBE4
20484,B00C00DFQO
20534,B00BZAC37M
20537,B001GQ3E3M
20538,B00F2YID12
20556,B001EQ5GXK
20569,B00EHQEI6U
20585,B004QL9BB8
20601,B004VLVQH0
20611,B00BS453C2
20646,B000LKWXRM
20649,B000HDHZ4E
20663,B0079OUUU0
20669,B004CH3QWG
20679,B0029XDZKI
20728,B004JRXZKM
20753,B000HBO14I
20756,B005LICLOO
20759,B008MURHT2
20777,B001DCEFSC
20807,B003QSORYS
20809,B00D8YJWFO
20817,B004W8LT10
20843,B00BBQWYQK
20852,B001ET5Y52
20883,B003BLALHM
20888,B00GO8QYWA
20906,B008MURM3I
20921,B0002IZCYY
20926,B001EO5Z74
20933,B007SM1XKY
20941,B006VY2THQ
20947,B00K0QVX6Y
20952,B000FDBQFK
20961,B003KRHDMI
20965,B000H7ELTM
20970,B004KPFUCO
20993,B0014EQG2C
21022,B0096E1N3E
21028,B0057OQAT4
21081,B008Z4Y3FG
21092,B0030VBQGS
21113,B005CUL7F0
21114,B00C25LO0G
21138,B006R1SQMK
21143,B006MWDFUC
21149,B001UP2188
21151,B000PL5VQM
21219,B004P7JBZ4
21228,B009GDC3I4
21233,B00D9RRZ3Q
21243,B00CF9K4PA
21260,B00A1CFD4A
21262,B00BN5N7QK
21264,B005S4MIL2
21265,B006JVG55I
21278,B00EIPI0SM
21304,B000FAIR96
21311,B001L7XU76
21326,B0039QXX2E
21346,B002GPJWFG
21356,B0058EDEUG
21366,B002OFH5G6
21367,B0014GSMAY
21381,B004VLVN7S
21425,B005N9GWPU
21431,B002C52M0W
21437,B000KLTM4O
21451,B007MJEBPM
21462,B001EO6AWI
21481,B002HQGV30
21500,B001EO5YTS
21540,B007K5KAJY
21542,B001KUWFCU
21544,B0004MTMD0
21551,B0009I6FFC
21553,B0002407RU
21565,B002HMLMHY
21572,B000M4H0O8
21575,B00IGHJIDY
21576,B00BRH65DG
21610,B006ZU5Y4G
21615,B000PIX3AG
21636,B000WNZD0W
21639,B004EHX7KK
21640,B000WR8THC
21644,B0079OWL16
21694,B000ITUEDQ
21725,B000BIUH18
21736,B004XRJ1BA
21750,B00BV72QCQ
21774,B004K677KG
21787,B004YLHA9A
21790,B00FWLXGFS
21798,B009NEJY4M
21821,B004NF5E86
21827,B0096SJORW
21853,B00BG0ZJ0Y
21890,B000JJLXXK
21925,B0040IQGE2
21955,B003XJIZOS
21966,B002147OIO
21977,B001VNEHA4
21983,B009D5XU3C
21986,B0040PUGZ0
21995,B004XUDWW6
22001,B00FAVU914
22007,B001EQ5LT4
22019,B00DGWTIC0
22037,B00CS8RVH2
22050,B0047LTIDI
22054,B002ZOFZW2
22058,B003ZWI61U
22092,B00COBZBZM
22115,B00CM2K1NK
22122,B007TG65KC
22144,B0017SWABG
22190,B0091CT7BG
22196,B001HXNIPS
22205,B002UZSO2O
22217,B00BLTLZFI
22220,B003EXXPV6
22227,B003X4BVEE
22247,B0071QTB4W
22262,B001FVNM8K
22264,B0049OPXP0
22273,B0039QW1HM
22285,B001BCVDXO
22316,B004I8YTUW
22356,B006CFVJ1Q
22366,B000MGWQKE
22408,B006FX8QW0
22426,B00016XLHM
22436,B00K0QVSW8
22437,B000V1D19A
22450,B004XAPIOQ
22456,B004727NK2
22460,B001HXLSUU
22475,B000673RAC
22483,B00G3C4H2Q
22509,B004K4XNBU
22548,B00472672C
22549,B00DBSGJ9O
22556,B004P0N328
22564,B00A7H0MBI
22578,B003KYIWE4
22583,B004VLVK4O
22614,B002HQX97G
22622,B008DTXNAE
22642,B0043Z9MGQ
22653,B000EDG430
22661,B001T9T9D0
22674,B002EDGZG4
22682,B00HKIBDYC
22688,B0055H7IRG
22701,B004BJS1PM
22721,B008O6J8QO
22722,B00283BCWC
22739,B0002407SE
22760,B0095SP5JE
22762,B00534NMVM
22773,B003EMXR42
22822,B003SBRQP0
22833,B000AYFBBY
22840,B00DBSG2HS
22846,B004ESXDQ2
22850,B00BQV8U7W
22882,B000BHRBAE
22931,B000EMK4IW
22942,B000FEF0G0
22955,B005HGOIP0
22959,B009LI2CKI
22960,B008K76J6E
22962,B005HAL8UE
22974,B00FTCE63G
23003,B006Z65D0U
23009,B006UCUG1K
23042,B0076IRLF6
23063,B00AJ4695M
23088,B000OCO76M
23104,B00BFJODS0
23110,B0098WDHC4
23134,B003V5V5J6
23142,B004N5FR06
23154,B0049BWDJM
23167,B003ZW60D6
23178,B0046HLU0C
23196,B001E5E3JY
23213,B000F5429A
23214,B000XV6KH8
23226,B004KAT9HQ
23232,B002EM2JWE
23239,B00EXVP6CO
23240,B000NKVYL6
23262,B00AY03RNS
23283,B007RAM7AC
23284,B00BTZT1Q4
23295,B001FA1ECC
23301,B003CT6ITI
23309,B003OGABRY
23335,B005NYXE24
23344,B0042PCV7E
23370,B00B5BKJ0Y
23376,B004N5HKHY
23377,B005OCV044
23402,B00BN2ROKI
23404,B007W14RN6
23441,B007919G8U
23471,B006E0REAE
23483,B0059JXK2M
23490,B000FA8SH2
23492,B0039QW29E
23527,B004XG2H6W
23555,B0046HLQ2O
23571,B008YOBLWA
23592,B0079LT71G
23601,B00375LB6C
23625,B001EO5KZQ
23653,B00D2LIWKE
23654,B00EPWZQ44
23655,B00ASERPRY
23683,B008CFOE2U
23694,B00CM25RDY
23738,B00GA85FWY
23770,B006QG53Z4
23776,B00C70CHR0
23793,B000OYMGMC
23814,B002PA3LJU
23845,B00FLCDD8S
23846,B001SAZJ6G
23851,B00519J9GG
23856,B004SCMO00
23880,B000CQY378
23904,B005P0SM8W
23906,B000F865ZQ
23912,B008R7HKK6
23924,B001GM3DDC
23959,B000CQBZOC
23964,B000LKXR5E
23976,B0047SZL1O
23979,B001GQ9ZBM
23996,B009GGTM30
23998,B001PB4LR6
24034,B008ZRYXAI
24066,B003OB0JP8
24095,B00BXHB7YM
24100,B00BZ2J7OM
24104,B004H3V1TA
24115,B000QNP6AK
24137,B000SAFNPE
24146,B001YJ6LQI
24147,B004V3D2WK
24167,B004JQVBTU
24177,B000LKZ61W
24205,B000FFRTYK
24216,B000EML7DS
24240,B008BLFFAK
24247,B00CNRAIRI
24271,B0006Z7NP4
24283,B00BSZBEAG
24291,B009NR5DM6
24295,B006307JIC
24296,B000LKTFUU
24308,B00BXLRYYU
24311,B00762B8TW
24331,B0014JN83W
24341,B000HZH7O0
24360,B000CN7BNE
24373,B005LTHREW
24410,B001FA1KYO
24427,B000E148MG
24431,B000UYA182
24460,B000TAZPYM
24495,B008OX9HVI
24499,B002ZOKOE6
24546,B005XB145Q
24565,B0030MKPY6
24595,B00CM25IXI
24618,B000VE558C
24626,B001O2IX3Y
24638,B00CGXP1YY
24640,B0030VBPN2
24658,B0025W9A5C
24681,B00HVQY08Y
24731,B001PFK3UQ
24733,B00060N5OW
24759,B006Q7WCWA
24783,B006J23YE2
24786,B000ELQNRE
24790,B00CKFBCA0
24824,B004K30HO2
24834,B009JZRM1M
24865,B003YU3RNU
24868,B001SAO8PE
24870,B0011X5S8Y
24887,B000AYDHTM
24897,B000KOSXI2
24905,B005TMLTJK
24906,B0031UBVX6
24927,B00060NLV4
24950,B004A6CXQO
24990,B0000TI4L8
25016,B0060KOGI6
25019,B001SB8AZC
25020,B002JF61XO
25073,B003GT5TBW
25087,B005NYXE1K
25098,B000FKQDAQ
25129,B0065QF3I2
25177,B009AEK8PO
25197,B009O2HCT2
25222,B000MIAOV0
25233,B0039KERAM
25236,B002707WI4
25240,B00D7D2C9Y
25244,B003N4H5H6
25276,B0044YMTKM
25364,B007C7D2D6
25409,B00D1DOXOW
25440,B00F2B9EP4
25451,B00A66S0M8
25485,B000CONMBS
25504,B009NSIKBQ
25510,B00AO9PFCA
25514,B000WB1YSE
25525,B008C2C9U2
25560,B0052XN0EI
25573,B00BMRP74Y
25577,B0001AO8DY
25629,B004OLIL6Q
25635,B00DW8BWE0
25640,B0029JES6W
25645,B004LVYOYM
25662,B0025UC16E
25689,B000YTCBN6
25708,B0039KG5UC
25710,B007001RLE
25711,B00FL6M4UM
25713,B002U49JXI
25715,B00A380YY6
25729,B005HIVW34
25741,B006J1F4OG
25742,B004FO4ZCQ
25751,B00DS842HS
25756,B006145Q76
25763,B0078DPBII
25786,B0049IT94M
25790,B004981W5G
25797,B001LNLW5M
25804,B0006004C8
25838,B006FFF7LQ
25842,B000I4AEBI
25865,B003ZXE80M
25896,B001EQ4SHK
25907,B001RQEMWI
25908,B0009F3QLG
25919,B00CBLXMT2
25924,B00355AML4
25950,B00E4FOUR6
25955,B0049J2DCQ
25971,B0015A23PO
25973,B0088W8HKC
25982,B000I2MW6K
25985,B001JTDNVY
25991,B00BDFNRG0
25992,B007OSSXIW
26013,B00122729M
26029,B001F3G2PS
26043,B003XDJZUW
26048,B0000TLEQK
26059,B004RBT8KG
26086,B000V1RBRS
26088,B0013KKOF2
26092,B005CM9ZI4
26101,B00HGYSWRG
26109,B009QADUYI
26114,B004IXUN20
26128,B00DGPCI56
26137,B002RBTVC8
26145,B000EMOCEY
26155,B000JMAXMY
26160,B00A2PS6UO
26171,B000WS1ENM
26186,B000UXFHZK
26200,B001EO5XH6
26204,B000UWE0AO
26234,B004VLVM88
26236,B007OSBFY6
26247,B000EDI14K
26260,B001NJGA06
26275,B00113ZZ5U
26278,B001CHFUDC
26281,B001KTA03C
26290,B002LO5SFA
26297,B00CD8HDKW
26305,B0026KJQ0W
26311,B00KH6O8O6
26319,B007PPUZTY
26321,B00DBSFXUK
26324,B0013JQON4
26330,B007A5J252
26343,B00GMY3H5I
26392,B0039QXXEW
26414,B00G2KB5QK
26417,B0026VPVK0
26423,B000E65OKQ
26426,B0000SXENM
26451,B002W00254
26476,B0039QXWZM
26518,B000HVX6NK
26523,B005YVU6FY
26530,B00A52CNTE
26532,B003ZUUYR6
26539,B001G0NZMS
26553,B00BBJTBE0
26564,B004DCIENQ
26587,B001JJTLP6
26598,B003CN34VO
26625,B0086FQYAQ
26637,B001O8PRZA
26657,B0000GHNTU
26659,B002KB2ASM
26673,B00284TPUC
26674,B000N33NSU
26692,B0028C7T7K
26707,B008OGCLXQ
26708,B0006Z7NNG
26735,B003VXE46Y
26765,B001EO6ATQ
26788,B001B2SVOS
26795,B002146732
26796,B004T4MXDU
26801,B001IDLKZC
26810,B002GWH78S
26814,B00FRQIZTK
26818,B007WC38MG
26834,B003WEHRQQ
26840,B0076ZWSKM
26870,B00IVT3LLW
26871,B001SB0A6Y
26872,B005DVIK30
26879,B005KDPW0A
26902,B000P5Y0WY
26910,B001O8MPDW
26916,B003XB3NNE
26929,B001EO5OKC
26935,B00CM26GYI
26973,B000EVT074
27008,B003OB0IXQ
27016,B000LKU8A6
27021,B0030LILPM
27085,B001G0NZRI
27162,B00A8DU6OO
27171,B006R0AG4W
27174,B00015UC6Q
27194,B001L1IRXE
27212,B000S806QW
27296,B00BOT8IBE
27308,B001G0MG2I
27316,B000ITVLI8
27337,B007M6JL3M
27387,B0027YQLU0
27391,B00I4IWUS0
27411,B0000SXEN2
27449,B004T06XWG
27450,B00655V2L0
27473,B000LKVH8S
27475,B000E63LEW
27520,B000LKUABI
27566,B00BOYEP3Y
27570,B00AKKTYEI
27591,B003HFA3XY
27592,B00CAZYJT6
27596,B008FVVDG6
27601,B002RBTY66
27605,B0067UGQ78
27615,B00BSYXBXK
27628,B004IEGI2S
27634,B003EXVM4S
27663,B000OQWAS0
27671,B0036FB6FY
27706,B000FPGYTQ
27711,B00DSQZNEG
27719,B005G2FCNM
27734,B00AE1NW28
27739,B003YMAET8
27748,B00B5H2PRI
27782,B0077SH92U
27790,B009M51814
27808,B001HBEE4E
27823,B004YV7VEO
27824,B00AR6MPU0
27837,B004T3AWRA
27899,B000ED9LPS
27902,B000SZ7DNE
27936,B009V0KX1Q
27946,B0006G9BIA
27948,B000EJR49M
27963,B000EICJWA
27993,B003PGFHZ4
28022,B00BI8QGQK
28038,B005HI553W
28079,B00FMB0FM0
28080,B007QDEOMO
28116,B001C1EP8O
28145,B0013HCP4I
28148,B005013GEG
28154,B000KJVIOI
28177,B003AC5Q04
28214,B000F3S6JY
28216,B000EVOSE4
28241,B000GZY8XE
28267,B0070YAB0S
28272,B001E50UEQ
28283,B000EITV30
28314,B004C9PTCE
28323,B004OVWQDA
28336,B00609WCR4
28353,B001SJ1808
28359,B000LKXCB8
28361,B0091YFK7Y
28409,B008IU5QJO
28414,B002CXX31G
28435,B000HDL1RQ
28436,B0029JHILE
28447,B0019N87XE
28451,B000G1EO0A
28467,B000EVE3Y4
28470,B00A66V0X4
28483,B000LQTTVY
28485,B001E55ZQO
28500,B003VRB4NQ
28511,B005HV25NC
28519,B00762BA7C
28532,B000BIUH1I
28541,B000FEXUVW
28562,B0047YG5UY
28572,B001EQ5LGC
28575,B005NGEP98
28664,B004X8TJP2
28673,B009M515D0
28694,B009ESLMCE
28715,B00146IAG0
28737,B00AR6NSHE
28762,B000COIT8Y
28766,B000EDDS3O
28770,B00CXS4NG4
28784,B002TXGVIQ
28801,B002O0JXVQ
28803,B00C2UFE4I
28805,B0041CD2P8
28817,B002HQCJJK
28824,B00HTO973G
28829,B000VZSYR0
28833,B004H4N6UQ
28835,B004U9MKVY
28855,B004P7QDWI
28870,B009GX2Y5Q
28889,B001ET63Z2
28912,B004D7K17S
28920,B0010UOGWM
28941,B000NXJL18
28982,B000EMK54U
29023,B00FP84HRY
29026,B0013T5YO4
29028,B002E7BYCA
29035,B00C1CLQGC
29038,B009WTZ12W
29040,B00GDJYK3K
29052,B005IOXR1M
29063,B000G82L62
29066,B006V3TMUO
29069,B000UYIQPW
29091,B0014ZACOE
29127,B0006ZN4XE
29166,B00B8Z70AY
29177,B0014CXNDO
29180,B008VQ1NXS
29182,B007JEU276
29246,B000JZHDWE
29250,B0042RNHVG
29268,B0045TXNQ0
29292,B0078DQG00
29346,B000JWCA02
29361,B00CD4ZCHM
29381,B007NHC67I
29401,B003AUWZUK
29406,B005IR6BWQ
29428,B000EMMA3Y
29450,B0029TATL0
29454,B009XI5AM8
29459,B003ULL8NY
29462,B008OUN6N6
29468,B002IKHDBY
29478,B004V3INB0
29481,B0056A1XNM
29508,B007TGH4CK
29522,B000WR8TT0
29539,B0041O6SDO
29551,B001M0AKE8
29556,B000B7R6QI
29559,B001A1PX9G
29625,B008GV8GUG
29629,B0001M12LI
29664,B000WGYAZ8
29669,B001PQOAP4
29670,B00CM27BPG
29676,B00D50XHPC
29699,B004VLVO7W
29770,B002GP5SY0
29774,B000DZKKK2
29815,B000EDK6FM
29816,B004P2NT2K
29819,B00AR6N0MM
29821,B00A64NAJ8
29836,B00846V1AA
29874,B0039QOROW
29896,B004ZIEZMM
29905,B004QW2592
29942,B00AR6LV1Y
29943,B006H34CUS
29978,B0001M12GS
29983,B00823KZQG
29998,B001EPPBB8
30011,B005Z2CR9A
30013,B00CLUWMF8
30021,B0046IIGDA
30024,B000LKZ9JG
30044,B009BIRFZ0
30065,B00CEE4XLW
30072,B005Y111BW
30110,B002HQC0FI
30155,B00904WOC4
30198,B0011V7GAY
30205,B003UFQLR8
30206,B000J4IDO2
30221,B00F4HOEJ2
30231,B004CH5Q42
30234,B001LQWO8I
30236,B006ULT3WY
30260,B00HO22M2G
30311,B0000CDBRZ
30418,B009O2N9TY
30450,B001VDXO3K
30453,B001M074OW
30473,B00K0QW0OS
30483,B001SAVV5Y
30485,B007KPFSJ6
30493,B002AQL00G
30539,B002P323DC
30553,B000CSEFQ0
30607,B005GEYS94
30639,B007RAM52M
30646,B000H136US
30647,B006Y8B9Y8
30663,B002URCRNO
30675,B000FKL0D6
30679,B000EQT4MA
30681,B000FNCVR2
30704,B005TKI97C
30709,B001E95KUQ
30757,B000WS1DT2
30760,B00122E5SS
30773,B004V3INKQ
30800,B000FEH6XU
30841,B003TOKAEK
30857,B00CM25KQS
30882,B007WQCENQ
30889,B0049TZA26
30906,B001O1Q0NA
30975,B001EO67NU
31010,B004B763OK
31012,B00B93GV6Y
31038,B001PQRENO
31051,B00AE229DA
31086,B00CMQCXSC
31100,B0015DCDWE
31108,B00835PYFK
31109,B00C35853Y
31113,B00CUI8UP2
31122,B001VNGKTA
31123,B00D3GR3MQ
31127,B00F94YP8U
31134,B009MQJI42
31154,B00186ZSFC
31161,B00DL3GDBS
31187,B007H97PU0
31192,B00A66SC2G
31205,B0017U48KK
31214,B00BJHELRQ
31237,B0025UC0D8
31252,B0028VAQSU
31257,B0051OEEIE
31293,B000II27QE
31308,B003L23XMG
31320,B007I9WFCC
31333,B004DIZTWE
31342,B004FS875I
31355,B00DV4BO2U
31361,B003U9MCQI
31383,B00BS1LGB2
31388,B00EDHW7F2
31389,B0016BFR4G
31403,B00A66UQIO
31408,B001EQ51YE
31410,B001EO7LX0
31432,B008A0AILI
31456,B00D3J94ZM
31464,B001SAXKYO
31470,B0002JFTNM
31521,B00IDCFXFE
31528,B000FFIEL2
31529,B003U35BQC
31558,B0046HCSV2
31566,B000CQ4D50
31577,B002OFOK50
31587,B005VOOOM0
31590,B00IK8U8HO
31596,B00BWAZOKI
31609,B004GWCO48
31623,B001CJSW5S
31626,B00A66UL2A
31640,B000EVSYI0
31648,B0010YA02S
31656,B000CQ01GU
31685,B003ZXEAIC
31698,B00DMT03SK
31725,B006WQKVHI
31740,B000E123IC
31755,B003EMXLU2
31757,B0027CNY7U
31758,B003XUFR98
31769,B000IZ3GXA
31783,B001E30VWE
31784,B000AY9SR2
31824,B00BEQQHRE
31862,B006ZMYLKC
31864,B001P22K5U
31865,B003P8T9M4
31866,B008JEONU2
31867,B003SWCZG4
31897,B00DHFJ9ZW
31899,B001ELL4ZY
31914,B003YF4EJG
31921,B004VLVB5C
31931,B005PNPHFU
31951,B00D8XDVNE
31963,B0049YMA9W
31989,B004FH0BEY
31994,B001E6K6B2
31995,B002BB2EGO
32009,B003XUE9Q0
32037,B005HB4HGU
32053,B000LKTBDQ
32073,B00AB898TK
32093,B00AZM3LK4
32104,B00E0UABAU
32113,B000TMYDZ2
32169,B004LL7C3M
32192,B004AVG8JW
32226,B0044CPB4U
32254,B000H11C6I
32258,B004R6BJ62
32281,B008I7LRAO
32291,B000100EQ4
32302,B0000CDBPT
32310,B000GZUFCM
32394,B000EDK5MG
32410,B000B8ZA60
32420,B0095SP6M0
32428,B000N8GSXM
32435,B009JZRM5I
32443,B004VDLJQQ
32484,B000216O16
32499,B004VLVO7C
32538,B000EICPAG
32562,B006LC1CJY
32568,B009RS7VIK
32579,B00122ATVU
32602,B0049YP72E
32606,B0087MRNMQ
32637,B00IA6KUBK
32654,B001MU2OJM
32668,B000VXMOAK
32698,B004J4GV4C
32727,B0036VLZ3G
32737,B004CWO9Y0
32745,B008RWUHA6
32770,B000N5YJZE
32800,B00F9WKTZ0
32804,B000EDG598
32840,B0077ROLSQ
32843,B002W5SDEQ
32866,B0046GZM8O
32900,B00099XOVO
32913,B002PFH8H6
32936,B00A6ID6MU
32939,B000I6PXQC
32940,B003C1X6V4
32949,B00934S312
32953,B001E5E2CW
32957,B00CTSRWZW
32965,B00GOWVHVO
33006,B004YV7XFG
33014,B0061JWQOW
33022,B008I1WSV2
33045,B00032CVCA
33057,B0076YG8AE
33095,B001SB09YC
33111,B009UDF39G
33130,B00G7W2X9G
33131,B001KWXK36
33139,B004TEP17K
33155,B002YRBALU
33156,B002863BIW
33220,B004S07GOQ
33230,B0029JZOU6
33248,B00DUF3IMO
33251,B0001LQKBQ
33261,B002ONM3J2
33299,B0032DA70K
33327,B001FA1E90
33333,B000LKU14E
33339,B008500SZY
33346,B000FRXHM6
33355,B00CVTFQN4
33363,B003TBRF1O
33380,B006Y7WF38
33431,B0001590IC
33436,B000EVMNNC
33451,B000V1JVCG
33467,B00D3617OQ
33486,B004JQTAPM
33498,B000TIZP5I
33508,B007TJGZYU
33518,B0046WTQC6
33525,B003YP3MUS
33566,B009LHQAIE
33576,B00B1OWX2M
33602,B000RHSUIK
33619,B00CZKDNJS
33661,B001FA1K2G
33664,B001E5E48O
33686,B0015RPJLC
33693,B00I2SUCVE
33694,B007C7QPTE
33697,B009GAR1ES
33699,B001VNECGI
33712,B00H69RSXU
33750,B00317EA5K
33784,B000XIZLUS
33809,B0029XLH4Y
33812,B007ZZAE0E
33845,B00275EWIC
33866,B0001DMTJG
33875,B005EKI1Y8
33881,B003EEIWY0
33910,B000LQORDE
33919,B007VQ76ZI
33922,B00DBSG2WI
33937,B00745DOK2
33954,B00286361O
33983,B00FPGL6S4
33988,B004P7QDDC
34008,B008JEH40I
34032,B002Z08RIA
34061,B000GZW7UK
34073,B00099ZGFG
34076,B009GJXSMS
34128,B000HDKZK0
34135,B00AQT21WA
34151,B0009F3S78
34155,B000E39T8M
34177,B002PO09J6
34219,B000WL39JQ
34227,B0014UH7J2
34244,B000FDDETG
34253,B000LKXFTC
34254,B00473XFUS
34305,B000GZYARS
34318,B00FB4OTKW
34338,B008F8BNIM
34343,B001ELL68Y
34354,B000S690PW
34372,B003EMUE48
34385,B002HQG9W8
34411,B0018RYBYA
34434,B0000X0W7S
34454,B000OBYNQW
34466,B00EEEBF4I
34493,B00A66SJ38
34517,B00535HCI0
34526,B001M09BHU
34545,B002HQLY7S
34568,B000TOB8QW
34575,B004FPQFM8
34586,B0001M12E0
34589,B000EMUZ5Y
34604,B00CJXJIE0
34607,B006W5WBUO
34658,B0014DPIPO
34688,B001E0SXCM
34705,B009YTRNNK
34707,B0038LE5RM
34714,B0001FQVMK
34724,B000YHNQSC
34725,B0044R1HAM
34746,B000JIN1H2
34754,B00351ZA1A
34761,B000LKXRWC
34766,B00ERDGEA6
34779,B000LKYY7O
34786,B003KRESRQ
34796,B0000DIYVC
34802,B007PM4PWK
34803,B004VLVPKI
34806,B009Q6MLCE
34869,B0076YG8PY
34873,B001E5E0CO
34877,B000EDBQ6A
34901,B0028VAS8S
34906,B00D2P07EE
34907,B009UOCHTE
34943,B00032EGE6
35000,B004N5J5YK
35027,B0015QSYKG
35041,B004N5HLBY
35064,B001CBCJGE
35074,B00CM2K37Y
35118,B0039QORKG
35134,B006045OH4
35176,B004VLVG20
35177,B00FEQGBXA
35182,B007WMGTPE
35217,B008LV6TSW
35223,B004YLD7LA
35235,B000O9IXSI
35236,B003IWBI3U
35262,B00A460154
35263,B004M62D5S
35285,B006K3TTZS
35304,B00GDKWKJU
35305,B000RHXIGO
35329,B000V1JVC6
35347,B007GZDDAG
35351,B006IOKA9S
35376,B00AKH4GOO
35380,B003NWRTLK
35385,B0064BXSB2
35393,B0009F3SDM
35409,B00B59QBE4
35454,B00BZL5BYS
35455,B001EO5Y8Y
35465,B008F8CNUY
35493,B000AXW9ZQ
35542,B000O393QK
35564,B007OSSVWU
35583,B000N2XM4Q
35588,B0087GL7RY
35602,B000LUC9DK
35606,B001E5E0T2
35616,B003P7XXPE
35622,B000RHUWF4
35644,B00099XOX2
35667,B008RJMXPQ
35672,B004IXWNEQ
35718,B000O5H0EU
35726,B005LJCH88
35737,B000H9K4KA
35742,B001EO6BEU
35747,B002HQVA86
35756,B00AWT84V6
35763,B000M9LRSI
35768,B00AR7U9T8
35785,B000ILK9QG
35794,B000G7TC5Q
35802,B0045XAFZ8
35808,B001A4B8EM
35831,B005MIWPGC
35836,B004VLVJB8
35873,B005EKI5C6
35896,B003WP05BY
35909,B000E123H8
35917,B00139ZSDG
35927,B001BM395E
35983,B001EO7E8C
35988,B00DBSFXTQ
36016,B008FVVDKC
36043,B004ZXYH48
36051,B0053HK0C8
36065,B00374W630
36092,B00428WDV0
36094,B008UT14VM
36099,B0085ILEKY
36159,B0084FTR3O
36165,B0012DMI1S
36188,B00CJVUX28
36190,B00FF5Z9O2
36229,B001F0RJA8
36247,B005EKI4Y0
36258,B000FZRYPO
36262,B001E5DYEE
36273,B00BTL8OO8
36277,B00376ZEY6
36286,B001E5305C
36347,B001EQ5EKU
36349,B000SANU8Q
36351,B000HDK0DC
36353,B000ELWDQY
36378,B004XDMS3C
36433,B002APWQ4G
36456,B009O3P522
36470,B001O0BL9E
36471,B002KB42GK
36511,B00H889MGK
36517,B0014EOU1G
36521,B003SBTRR0
36534,B004VLSTN4
36554,B009X0MYFW
36597,B007VQAUAQ
36604,B008F2JI8K
36609,B005JQSMPK
36610,B005VBBRW8
36618,B004EW51JA
36649,B000E65OK6
36654,B009M935FM
36695,B00FB1GSTK
36708,B000AYDFUI
36744,B000EVIDK4
36780,B0060ZISVM
36814,B008YDVYKK
36853,B000EDM7CM
36858,B0096R4XZQ
36865,B007TGDXNO
36914,B001M0ALHO
36939,B000MRUS08
36970,B00269XE0Q
36982,B002PACC3G
36990,B0061JW7I2
36992,B0009R0626
37006,B001M23XLI
37010,B009M515GW
37011,B005HUWARY
37050,B001EO6CPI
37055,B004WM0ZTS
37146,B008QMZ7ES
37170,B004B9T82W
37174,B00818YN8I
37183,B003EXXPWA
37209,B007M832Y4
37213,B007JTKEI8
37223,B009SE5LBW
37246,B0048IBYEQ
37247,B00A8O00AI
37258,B008479AT8
37269,B007MB8RW8
37293,B005JXHLBY
37331,B004FFE6TM
37367,B007XE14I8
37380,B00BJ9URYA
37383,B004Z4PK66
37392,B000UFYPAG
37393,B001652KD8
37414,B0047726E0
37421,B002980EE8
37432,B0041IL8S0
37433,B004QEG2AS
37438,B004QQ1GKC
37441,B002859GAU
37442,B005ER1A62
37457,B002V4HZ06
37459,B00GPECNA0
37463,B000FGCA16
37488,B0044R3DNG
37495,B00CMXW0R4
37519,B003W0705I
37609,B00D3HU5PC
37640,B000GZSI7G
37649,B00BEQP1TY
37676,B00FNP1LT6
37692,B005ZBZM52
37695,B000LKU3A6
37707,B0019016P8
37716,B00BFM6OAW
37780,B0039QXX88
37799,B000FA1HBG
37805,B006VXD6ZQ
37813,B00A13L456
37833,B000EH4XYS
37837,B009LI4Q02
37874,B000FNLJRK
37879,B005FEJAG6
37883,B001EPQQL2
37899,B0025VZPP2
37903,B00D3CIIUG
37914,B0004N14BC
37930,B001DHNMEA
37936,B00BV6VU24
37947,B003J5HRZE
37953,B0016BU7CI
37983,B001V6VWB8
38015,B000GFYRK8
38016,B000ORXYYS
38033,B007IWGDAE
38046,B002PNURMG
38075,B0014WYXQK
38085,B001FA1EEK
38090,B004ETIOQU
38112,B001SB0WPI
38118,B007OSSZ08
38134,B00BYH7BRS
38150,B00BU9FMCQ
38152,B000ED9LIU
38166,B003WEFYMA
38170,B0039QU2XW
38180,B0060Y6RK2
38188,B00AF0NE12
38196,B000VC81GC
38209,B004M6EEZ0
38214,B003ZXAMPW
38221,B0017U7TFG
38256,B00GAQ2EG6
38257,B004JQR6QW
38258,B003QWTR58
38262,B0055DST3C
38277,B006K3RQNA
38286,B00D8YLJ1E
38288,B005MZQM6O
38295,B001M0A8XQ
38313,B008LQHZNA
38359,B00DMF084I
38366,B0050W6KH0
38368,B005K4Q1YA
38389,B0002VS31U
38392,B000ET93MS
38417,B00C7TGDAS
38427,B006MBP5J2
38443,B00474HDWS
38451,B0007SVD92
38477,B00DGPCC3O
38484,B0011MZLEQ
38496,B00370XQ5G
38502,B000ED7M2W
38559,B00A28F25I
38567,B0078DQFRY
38579,B00ID9VSOM
38583,B009PATRX2
38589,B0042TFKSC
38593,B001YJ2W16
38621,B009TDHJDU
38624,B0012BXTU4
38629,B00CTN47UA
38666,B000LKTGMC
38689,B008B39XMY
38691,B0017SZTR8
38706,B003K8Q04O
38713,B00112IM56
38722,B004UHD178
38729,B00016XJM4
38757,B00EKL415U
38763,B00F9I31PY
38770,B005NYXE8S
38782,B006C1GWXK
38791,B0005XOVY8
38804,B0071Q5FOW
38816,B005LI0YW0
38819,B003ZIR8YU
38823,B000TV8NR2
38835,B008JBDE9Q
38842,B000EDG3UE
38853,B00DV4URIC
38876,B0000GHNSQ
38886,B00BCNSTRA
38957,B000V1O28Y
38970,B00032IFCU
38979,B0016CSS4G
38997,B001EQ55RW
39001,B001GCVLVI
39003,B005PM5XS2
39020,B000GZW5OS
39052,B001E5E3NK
39064,B0002YB40O
39083,B00017LEXO
39088,B00C1W77W4
39098,B009OY3WM6
39145,B0084XX6MY
39149,B00886QHLO
39155,B001ONPMN2
39161,B008500J8K
39164,B00281PIBA
39165,B0001WV0TW
39198,B001KHHYH4
39215,B001E50UBE
39246,B008227RO0
39292,B000EZIEFO
39307,B006E0NH00
39367,B000LKTY7Y
39379,B002HQCWYM
39386,B00CGBLG6S
39393,B00099XNA6
39396,B000EWABWQ
39409,B005W0Q2PK
39427,B004K69OMU
39465,B000H6PV4M
39479,B001CAV6V4
39482,B002PNW4Y0
39517,B007HN5KNA
39520,B003IW3HDE
39528,B00A66UY5E
39549,B009M5178S
39560,B004AE1FHY
39576,B00B3A1J1K
39579,B004X8TFZ6
39585,B00C2ZT0I4
39679,B0017T6S2W
39685,B005G2FCBE
39687,B0007OPWDE
39710,B000FDMVOU
39763,B006KK4GUO
39775,B000ILK9PM
39776,B0080AS25W
39777,B006MSEOJ2
39782,B003XUL1MK
39792,B00BK80QQY
39810,B003BLLFYA
39818,B0019N89UU
39826,B000Y3ZECM
39837,B004334FPG
39879,B000H23Y1I
39935,B004RDNGQ6
39945,B007JJST0I
39970,B008VQ59YC
39977,B004ZWRALQ
39980,B00132RPN4
39982,B004AFKYDE
40008,B003VAKJRU
40022,B00IYPT522
40024,B00993APG8
40027,B006ODLCGI
40034,B005SH5442
40048,B0051HHUL4
40051,B00EGSYJA4
40060,B00CSS40LW
40076,B00A4ASPVC
40078,B009HRC2NK
40092,B000E1BLV2
40094,B000LO25RG
40096,B000Z94HXW
40106,B00BN6BX9M
40109,B008ZEHNCG
40115,B00AIOVDFO
40116,B000WR4SB8
40121,B0041QEM94
40128,B0078DTH42
40137,B008KCRI5A
40177,B0030GQHXA
40288,B004FHBRN8
40298,B004FDCKX8
40332,B0025U8LWM
40344,B007OSBE1U
40367,B006UQUAQC
40368,B00E3Q9IFK
40374,B007X4HDVK
40386,B005VBD46U
40412,B00ABKWSTA
40433,B004DOTJ6A
40434,B006HYLLQU
40452,B005HGAVD8
40456,B004GIFMPK
40479,B00BECLH50
40506,B000CFLBEM
40507,B004UOV82G
40509,B005GYJUH4
40511,B007B9YQ12
40515,B001ESHNWU
40549,B000BF3AJ2
40568,B000E1FZHS
40583,B000JZ3576
40660,B002E7G7PY
40678,B00BEQONAM
40680,B00A6BHDOE
40681,B0027EJM10
40686,B0027YVUOM
40703,B000FPX7SW
40731,B000Q6XR2G
40736,B0029JEKAG
40745,B00DB55G46
40748,B001VNGKHW
40749,B004JZZE9Y
40771,B00BNR1J3G
40785,B000KENKZ8
40788,B00A66UHVU
40831,B0033HPPIO
40836,B0014C4FR2
40837,B00AH8VUMW
40852,B007WRLQCU
40860,B00FDSB14I
40879,B005EKI6ZW
40890,B00196P9PA
40922,B0078OYZWK
40930,B002GE5W1U
40937,B0012HEVNM
40953,B005WDVPSQ
40977,B00EA66NI8
40986,B000F4EU66
41018,B000FPM22O
41035,B001IHOLDQ
41069,B0051JL6OY
41088,B0083EMGDE
41089,B000X5U6WO
41109,B006GWAC72
41135,B004RJAB68
41141,B00B2JUE9U
41168,B009AS3D2K
41203,B00474J95M
41215,B002UL1LUK
41220,B005AO11UY
41239,B00J8M8FDA
41247,B001O3U7AK
41269,B009NEJZ9Q
41282,B0017WJD4E
41284,B000H1327A
41287,B008FS8JD4
41302,B000ZK7GGQ
41311,B00AEAQJNS
41312,B001UUKMA2
41326,B0012BVU9G
41329,B001EO6CLW
41353,B00D2ZKOHE
41370,B002DSQ344
41388,B00474OQWI
41400,B000SARK0A
41405,B00GKBN4EW
41475,B000LKVSDM
41499,B00G4HZ7WE
41530,B006C0XO6Y
41533,B004XRIW4C
41546,B004AVEW8G
41556,B001M1L3RA
41565,B001M074Q0
41585,B001EQ54IM
41591,B000ZL1WQU
41594,B005CM88NW
41661,B004UQU57I
41676,B004TDAPYU
41684,B000UVZQ12
41701,B00DGWLS96
41712,B005CUM6JG
41713,B001E5E1L4
41730,B000E1FXQ6
41740,B000V1LXU4
41753,B007B9I8NY
41787,B002IFCQSE
41794,B000V9CLH0
41795,B00060N4U2
41797,B000WS3AJ8
41810,B00AQ50DEM
41838,B000G1766O
41840,B004VLVG0C
41870,B001E6KBJ4
41872,B0000DBN2I
41880,B000FXYLQ6
41889,B008BLFHLM
41904,B007RPMYGO
41915,B000E1HUVC
41934,B0017I753O
41935,B0027YVV8M
41968,B00032AAKA
41982,B000Q4CA3U
41984,B004VLVI1O
42019,B00I2CBYFS
42033,B00A66TJSW
42041,B001D0GV4K
42046,B003EMMRY8
42052,B0005ZVGLW
42053,B00B2JUBJS
42056,B000LBNUUU
42076,B004KL4FTW
42080,B005U4RFUY
42113,B007IVFAEU
42121,B000EDK7RE
42134,B0078DR7IU
42148,B005NIBIWS
42163,B0000SXEPU
42180,B007TGDXMU
42200,B007SRY2XY
42204,B0031Y7D3E
42213,B0011BPDHC
42224,B00BZ2PDNG
42244,B001UQ2SH6
42260,B004DBT12A
42291,B004CPEGSQ
42296,B000JMBECW
42304,B000CQ01NS
42326,B005P53IAO
42331,B00CC3E6A8
42337,B004Q9QIPM
42353,B002NKPCZI
42355,B002AUBWA0
42375,B0080SRA16
42385,B003OP8O6K
42405,B009UOLEXO
42436,B0029XDZIK
42480,B00AKKVT14
42487,B00C3GH2P0
42492,B005JX3PAK
42503,B00CIWZGJI
42506,B004N8GWLG
42520,B000UHC3Z8
42525,B000EDG4TE
42533,B00A64K4OW
42540,B00BJH59ZO
42546,B000WS3AJS
42559,B000S8593W
42579,B00EJQTMMS
42595,B001EQ5H02
42601,B007KY14XG
42620,B000P1CDPE
42632,B001CGX3ZK
42633,B000NPZUBG
42646,B000ITVLE2
42675,B00B59QBBW
42679,B0008IV4W2
42688,B00A66USJG
42705,B003OXUMQW
42706,B004DD9N4O
42750,B0092X23VU
42786,B00A66TGT4
42790,B002EDEMLY
42798,B000H7ELTW
42800,B002L46PS4
42805,B004VLVCI8
42807,B000BF54MS
42833,B00GFE611W
42899,B003NUYBV8
42901,B004BNWDNO
42909,B001GQ220I
42927,B004E2KP3C
42928,B000JWCA0M
42931,B001EO5WR2
42932,B001VE0162
42968,B003T3J8FS
42974,B004B19L04
42986,B009NSIKI4
43003,B000FFLTDM
43008,B00433ICSC
43009,B000LQO55E
43019,B00CMQDTX0
43037,B000EJPDM2
43044,B00AZX0JAI
43103,B004W4519U
43126,B00GKOIR14
43137,B00269PM6K
43187,B001GVIT4G
43188,B000LTIDR2
43248,B00CTOJZBA
43256,B00C3JEQ7O
43280,B000F0FZBE
43289,B0036NR2JA
43298,B002MW6IIM
43314,B000LQNK6Y
43336,B008TKL6GA
43378,B000OYKC1O
43403,B008ADEJVU
43408,B000I4T41O
43419,B001EO7ISS
43445,B00FDYQLAQ
43499,B004281MR6
43502,B000JSQISQ
43510,B004I8P37U
43517,B00C6NAV80
43541,B001CHFSUW
43544,B00A66S32U
43569,B004KQ1IT2
43576,B00AZMJP2C
43654,B000GG0BPM
43665,B00AWSNGME
43722,B007IS1UEC
43731,B00CYQA1RK
43749,B005VBD4BA
43765,B00EH2SA8G
43779,B00B8DSFXC
43787,B00BRY80XW
43814,B005HHBCJE
43817,B000H7LVKY
43834,B001EO6CRG
43897,B003UAQG2S
43909,B004IN43VC
43917,B00886QVPG
43931,B00EPTYHGA
43972,B000HG84EQ
43995,B001EQ5JLY
44028,B002PGZKPM
44033,B00A2NFIR0
44037,B0084768Y8
44043,B000EVSC1Y
44069,B004XY6IMI
44077,B004051BO0
44080,B002EITVVA
44091,B000WKXVLI
44093,B000EDK814
44094,B003P8DP8I
44100,B00BIJBGR8
44156,B000F4D5IU
44162,B006JUGPJA
44176,B000V1O28E
44180,B001EO6118
44226,B000IZABLU
44247,B0009JI7O8
44256,B00CJXP4JI
44266,B000V1JVAI
44279,B002O58YH0
44290,B00BHEY9B4
44306,B001KS9F0W
44313,B003NY9NDU
44327,B007PZ5KVW
44328,B000EZK3HG
44333,B005OZZS7Q
44353,B000ED9L6C
44399,B001SB0G8G
44411,B0001M10ZG
44430,B001EQ5PJA
44436,B0009F3PM6
44437,B005SH5FDM
44499,B006DAG208
44516,B0001VKKOO
44520,B00G6KGXAE
44532,B001CRSR6Y
44535,B0084I1ZYU
44549,B000E6LBXK
44556,B000SR10YA
44563,B005DDC4XK
44564,B003OZV4Y4
44571,B00EFE7R8K
44576,B00014CZP8
44585,B003WOTXQI
44589,B0047YYSSA
44621,B000H226SA
44626,B007W14RMM
44627,B000F4D5I0
44634,B0095SP6KM
44652,B003WP39N0
44662,B004BRCF60
44675,B000SARJO2
44691,B008YGL4CU
44696,B0005Z6LLW
44705,B00DDYANU2
44725,B00ELJTDQ8
44726,B00451ZGSG
44734,B00HPKYK0E
44743,B000F1X5SI
44757,B008Z2RFPS
44758,B00AJRKO8M
44800,B001LG943G
44804,B0015KAYN2
44810,B00A2X9Z9W
44820,B000BIZT3E
44822,B001G4LRDI
44836,B000A0ICY6
44843,B001T8MDFW
44863,B0006BD67W
44871,B007MJEBXO
44934,B000F4DKAI
44936,B002GJJR34
44938,B00DQBS78W
44959,B000G1EO14
44976,B0010BZZ08
44997,B00EJXEWKI
45007,B001ACMCNU
45011,B00428UV32
45023,B005G2FC50
45047,B004JX5NGA
45050,B0011XKHY4
45052,B003PMSTTE
45059,B0001WOLMU
45069,B005P9WB9O
45076,B00C3JHVFI
45083,B000Q6QZES
45091,B008KHV8HO
45110,B00IV6B55O
45138,B003AM1FTA
45214,B000FFRTVI
45217,B004L36GI2
45220,B00CLLV1BS
45237,B00A6ENBLU
45250,B00K0QW1RE
45300,B001EU85DE
45310,B002SHQZVG
45311,B00CTLAL48
45316,B0002XIB1A
45351,B000V94SK8
45358,B006E9SBLQ
45368,B004742ZVC
45388,B001EQ5M7K
45410,B000EDBQ4C
45418,B00815PLWS
45423,B00DG4TQ7K
45446,B001QXYQFK
45463,B002BTI9B0
45467,B00DRA8HSM
45472,B00D5YKJTU
45473,B000N33NSA
45477,B0017T1LGU
45495,B00A37ZYYW
45523,B000EDBPP2
45527,B004IXYLK0
45528,B0044BOZNE
45631,B001G2F5R4
45669,B008YA1DZE
45674,B00066N8RA
45702,B002BCD2GO
45711,B00DDT116M
45758,B0032CJYM8
45759,B0001EJ4CU
45782,B004U7MW9G
45783,B000SATUWG
45805,B000PIQ0GU
45809,B0002CPC22
45823,B00390VIQI
45826,B000ZSZ5S4
45827,B00F54BNO8
45832,B0014H17HI
45858,B000SATIBO
45883,B00BQ89ITE
45921,B003Z6ZGZU
45922,B0009PCPL8
45933,B000NLHXCO
45955,B0029AG878
45968,B0037JCLIU
46010,B00BF3QTFQ
46014,B00F6MPQBU
46017,B00DIXL44W
46029,B006N3I3Q6
46049,B000E65OQA
46050,B000PGQQEI
46077,B0081OKE94
46084,B0025UCIPS
46109,B001CAR2QM
46117,B001ONTM3I
46119,B003Q4TVKW
46121,B003JMH6CG
46126,B000FA68I8
46127,B004VNTTKY
46162,B00F546WMQ
46186,B00886PPFS
46188,B004724HJM
46204,B002AEH6UQ
46247,B00B3PJHIM
46249,B00ADZA3OU
46256,B001L4D01A
46264,B005HGJ8IM
46266,B000KDZBT2
46279,B001HBEDWW
46285,B003VDC3OY
46299,B0033UDZ7E
46301,B000FKL0O0
46302,B000AY9U3O
46307,B000VK4DXO
46312,B0015DGDR0
46338,B0009VGRAM
46349,B001E50UC8
46355,B008I7NNJC
46362,B000FDDESC
46369,B000E682NW
46393,B002866G84
46396,B000EVMNMI
46408,B000UUWECC
46411,B001IZEBMO
46418,B007Y59HVM
46444,B006K9Z3UC
46474,B00D35ID80
46498,B004RZZM34
46506,B00G1X3XWM
46582,B0041HPFHG
46619,B000ZSX4GE
46635,B00AJ3OSMO
46652,B000ES5GMA
46660,B000HLH7AS
46673,B004LVVM2E
46675,B00CFV999U
46693,B00CUI2R56
46700,B000WR8TR2
46702,B005BYP7RG
46737,B0005ZZ4BA
46740,B001L4EME4
46792,B0002PSOJW
46882,B008CC8XAW
46885,B00BWXC2H8
46891,B003D331JS
46934,B0055QVU6M
46938,B0029JASWA
46966,B000ILILLQ
46978,B005EKI6AC
46987,B001LQPVWO
47021,B002MO63TE
47023,B001OCKIZA
47041,B007C7BHKG
47053,B000NME8IU
47054,B004OW342G
47076,B00A66R59W
47077,B005LH459O
47080,B002ONGZUU
47091,B000E4C2MQ
47097,B00BEQO67M
47125,B0006G1KA2
47144,B001ACMCNA
47171,B00DQUG262
47238,B00401OYD4
47243,B0084FVOWG
47244,B000EDBPO8
47253,B00BH9WIGC
47271,B001Z2O0T4
47278,B00AJJD2W0
47290,B002UAV8KY
47294,B0091YG8NY
47311,B004AQDCPA
47312,B004NPFX2S
47318,B000GZWDR2
47400,B00CGBKIIK
47409,B001BDB2HK
47411,B005EKI1NE
47425,B00061U68E
47476,B004R6EP2W
47482,B00A3816OI
47484,B00DDVIDBQ
47486,B004726466
47526,B001TD5XIQ
47533,B00BCXRFHK
47563,B0049YP724
47569,B0014DXL44
47576,B009XEANGU
47580,B0013NBM5A
47619,B0069F72E2
47626,B001E5DROQ
47640,B002AQP5MK
47651,B005WIQWCK
47668,B000KWJNUG
47669,B0057FT3II
47674,B003G1ZRTY
47698,B004N5KU12
47702,B00020XNTI
47718,B005OHBN1Y
47728,B005EKI3JQ
47738,B003IMK5B6
47740,B008M0C7BU
47741,B00CYNM0CM
47765,B0049MD278
47772,B005SWK6GI
47782,B00028MOOK
47812,B000O9WEY2
47823,B007JFMI22
47827,B003D4F18G
47841,B0049YMB64
47844,B000EM6Q3Y
47884,B002PNWU7Q
47886,B001T48OW2
47888,B003Q4TTD6
47889,B000BGZNW8
47913,B007OAD43Y
47926,B0041CF7UG
47944,B004779XSM
47955,B0029JW2E2
47971,B000FEH8ME
47975,B001D0IZBM
47982,B00133071A
47983,B00269YPB8
47988,B008US7X54
48002,B00061ENEC
48013,B000CROPGG
48038,B00DBSG6V0
48102,B00FFQYV5O
48114,B007S95JU2
48118,B00FYNJ3QA
48157,B00809A9P4
48189,B00B42DBRC
48194,B002AR14WO
48218,B000EVOSH6
48255,B0007OVWJW
48269,B001Q59E5K
48274,B004UIWBL4
48285,B001M09BOS
48319,B000EF3E5O
48350,B000ILA5RO
48363,B00283BEL6
48368,B001E55YXS
48374,B008GVEYES
48392,B0039QW2V2
48400,B002UZW4LG
48427,B000FVMOW6
48428,B006K3RCPC
48452,B000SMN0DO
48460,B005U4XNBE
48468,B004V6PZA4
48471,B00AA0KIYI
48525,B000FELX2U
48563,B00AVAW5AW
48570,B002GWH7O2
48573,B00GRNUELO
48585,B00078N908
48602,B0001M126I
48610,B00F3HU384
48636,B000LKXEIE
48659,B000UYFKP6
48673,B00CTLALFM
48732,B00024G8WI
48734,B000FKIYEO
48740,B003PD2NY0
48786,B007VCOG0A
48790,B000ER1ENQ
48813,B007POL7EM
48815,B001F3LC80
48823,B007PA33KM
48831,B000QV5198
48832,B000HDJZWO
48834,B009LT26BC
48836,B001LN4IZS
48843,B000G1EO4G
48889,B0005Z7FY4
48895,B007POA158
48898,B008QMUMT8
48916,B000EUF9EI
48921,B000QF7KK2
48962,B005CULDQI
48972,B004SRRU8Q
48998,B003Y5S0XW
49056,B001BDDGOC
49067,B000KTZ1VO
49071,B003V8SO10
49078,B005CSKQTK
49105,B000F0Z0T6
49106,B0040PX5HQ
49112,B00B2JRNBM
49130,B001QXZ7QC
49145,B004OAITNC
49150,B007OWP35Y
49153,B000EIVM8C
49155,B00028Q450
49156,B000EDK67K
49205,B003B55WY0
49209,B00BYNC2LW
49234,B001E5E1MI
49238,B0071QOXCC
49242,B0047IRA22
49250,B00C3JB8XO
49267,B008N1KH9W
49284,B000WR4LM4
49330,B003SBPZB2
49339,B004SO7G7E
49348,B00085F7VO
49394,B003GYZB10
49395,B003ATZ094
49436,B001EO5JUC
49480,B000EM7AKW
49486,B0073O78CY
49510,B000JZYM8W
49533,B00A42ZRZW
49545,B002DVLBRU
49565,B002DVVP6W
49574,B00BC3WVNS
49610,B000PEPO7U
49649,B001EO5WJA
49666,B00F9LSJYO
49708,B001L1AT62
49731,B000FKKV5O
49737,B00826N2FY
49738,B00F3F4WEC
49752,B0064KJX4E
49762,B006E0NDFO
49780,B000HD7N14
49787,B002DHL9VW
49791,B005UULTP0
49794,B0042GSLPY
49804,B000OIT8T2
49820,B005BSQKT6
49831,B0067MCIK0
49834,B00BY6NN30
49859,B004YLD7HE
49868,B0012BSLWU
49887,B004IY18SC
49898,B001ESE2EC
49918,B00CO32CM0
49944,B0039QW2EE
49953,B0093NGHNY
49960,B004LAZ8SO
49974,B001FA1I50
50029,B0099UO8BO
50052,B00A66T7KC
50086,B000RHXI1E
50100,B00I01ZXYE
50101,B0094ISOMA
50106,B001D6CIVE
50125,B001CEDW26
50126,B00B5BKL2K
50130,B000QC3PMW
50131,B000FIWIWA
50149,B007QXU63K
50183,B00B07YKDK
50187,B00DRA8HWI
50200,B00856TSCC
50205,B005RFBNP4
50220,B001G0MG00
50224,B004DN0INY
50230,B001FA1L7U
50292,B0078DQ358
50346,B00DM07VHA
50348,B00A6N18CK
50416,B000FK8VHE
50436,B00FTB8K3Y
50448,B0006ZN538
50479,B000GBW12I
50489,B005LIDTUY
50518,B004D6044O
50531,B0078DOZVC
50544,B001UI3RTC
50549,B00FQRT0BW
50561,B000G176D2
50602,B000SATIO6
50610,B0029YDR82
50614,B0033HPPIY
50634,B001YJ2VGM
50676,B00374Y7C8
50704,B000EVMNP0
50717,B0044MNYIK
50724,B006FXKSJY
50736,B009QNAYJE
50756,B007TGO1TY
50774,B0009EXZBS
50787,B007ZMP2M2
50806,B000K8WVYA
50822,B00BRP6KU6
50829,B000NMCEJK
50856,B00HCJ335Q
50886,B003QM6ZDU
50910,B00EKLPLU4
50917,B00CHRF1P8
50925,B003L4A2F0
50942,B002WWHY7G
50951,B00G9FDQD8
50980,B00CIX34OQ
50987,B0029JW8T6
50988,B002B9HC6I
51071,B001AVJQ80
51093,B003WC5WQA
51123,B001RVFDOO
51134,B00F53TO5E
51146,B005Q1812W
51153,B000G18NSE
51186,B001AWBL4Q
51197,B00A66UJVS
51213,B004VLVJPO
51222,B004579W2Q
51252,B004TJJO0A
51260,B005G2FCX2
51279,B00473O48K
51283,B004DIW1OI
51288,B000168BUE
51294,B0098QJ35K
51326,B005FQAJWS
51355,B00CUJE5VY
51374,B00DILCU92
51428,B00F55ZDHA
51450,B00099XOSC
51451,B000WR8TYK
51453,B000FDDEXM
51480,B00IPD0T8C
51506,B0018QBX6K
51546,B002WENMX4
51552,B005E230UG
51559,B005EKIFA8
51563,B001P22GHC
51599,B002JLT6WG
51615,B002PA6UAM
51619,B0025UK92C
51624,B00DF6XFYE
51633,B000DZFMEQ
51649,B00GU2S2F2
51654,B000F8L4I4
51688,B0039QS49Q
51781,B009GYD97M
51820,B00APK7UN0
51863,B00CUINRG4
51871,B004AHDV5A
51884,B008AY95RW
51889,B00AOMO7UI
51899,B00524U6GC
51904,B008234L0C
51926,B0045W0VDK
51946,B00DF0KYYY
51947,B000FFPXF2
51987,B00BLUPFR6
52001,B002138JJI
52008,B001VNGLA8
52030,B00F63WR5W
52061,B0079P0QNA
52075,B000LL3PO6
52080,B000BRWMIK
52081,B000KXQG64
52110,B000W5JAXQ
52120,B008439TWU
52124,B00BPX4OPS
52169,B008I1XLDQ
52190,B00A64N8ZY
52228,B001EQ4Z96
52251,B0046IIXTW
52275,B005CV7WIU
52284,B000NQ6TRY
52347,B000VK4F00
52389,B001SAMKCW
52394,B00I1MSJO8
52428,B000JSLYSU
52431,B00AHPHEXO
52469,B0017WFNFM
52498,B000EDBPQ6
52499,B004VLSVL4
52515,B004P7T7PI
52517,B007SSZPSO
52541,B00HST15T6
52548,B000JZDY0Y
52552,B00DE4I5CE
52554,B00176AZ2E
52568,B005ZBZLT4
52580,B000EDK5YY
52591,B001PICX42
52592,B008EM3JHW
52617,B00346J940
52623,B001SB4OV6
52643,B00BGVHE2E
52660,B000EZYB4W
52668,B003SEJCOK
52673,B00DPEK42W
52677,B000EDM8FS
52687,B000EFHSU6
52693,B0091CJP2W
52724,B002MGM5EE
52726,B004VEKGOG
52739,B000FFLTEG
52741,B000LKVHYC
52752,B000JMDJ2K
52781,B00CCGLV6M
52784,B004S07GF0
52804,B005NECMX6
52819,B005OJG45M
52823,B001IZIEGS
52824,B003X0RUVQ
52841,B0085O8SLG
52863,B0059U6GUY
52902,B0040WCQBK
52918,B000E46LXM
52928,B0026HKBUE
52932,B00D8YJX58
52947,B004167NFO
52948,B00EBTJV4C
52959,B0012C2GFM
52996,B000UPNK9S
53034,B004989EEM
53037,B000HL892S
53044,B009E05MLY
53047,B001GCVLX6
53048,B001539G56
53052,B000E63L6U
53080,B006N3I1HM
53106,B004N8LMFM
53117,B007029BS8
53162,B000CN7BMA
53167,B0009XQRUK
53176,B000FFLHU2
53193,B009GCXEW4
53205,B00GDRC8NG
53206,B004W16ORQ
53209,B004LDHEKQ
53227,B002AQP5FW
53239,B00355HJ5G
53258,B0001FQVJI
53264,B005ER1A5S
53280,B00C0VOSJG
53314,B0085E5LYI
53322,B000FFLTAK
53334,B000GG0BLQ
53360,B005QCP5ZM
53374,B004NNBYZU
53383,B00AR6OHM4
53385,B001EQ5OVY
53407,B000FK7PQW
53452,B008PS0OZA
53501,B001EQ5QY4
53519,B003U41U3E
53524,B001VNGG58
53529,B00CTWHDE8
53530,B00AKVU5CW
53535,B002VC5JDI
53552,B004ET9OIW
53556,B005P0WMJ2
53581,B00EU7AA36
53582,B0014D1E1Q
53623,B000OVRIDW
53634,B000E130DY
53655,B001G7RDTM
53660,B008FATKF8
53686,B006FA861O
53743,B009FBPBO0
53745,B000RHUYC0
53765,B0006GWXZS
53774,B0028PDFQG
53781,B005JD1UY8
53783,B00CQM0BOU
53799,B001IZICO2
53805,B008GHGUGM
53812,B003B0SKF8
53818,B00D8YJS3K
53823,B0050D3KLI
53860,B00A1SGVJK
53873,B001B21B9U
53878,B00HMGTOKW
53894,B009O7OVI2
53900,B002SKVZIQ
53901,B0006BD7GM
53902,B006OCA594
53925,B005JGXETY
53927,B004LW0KC6
53940,B0029K2YH6
53956,B002LNQLPC
53975,B000YPO6II
53978,B007R9C67C
53991,B0074L3QZ4
54003,B0014GP4NW
54029,B00520BODA
54054,B001SB0DUC
54069,B00COFBIAA
54082,B000YOSPPO
54090,B000GAT6NG
54106,B003ZXEBOK
54129,B003P8UOVE
54133,B008FUEBCA
54188,B001EO7IYM
54190,B004TL2PRC
54206,B001M0A6C4
54244,B004DOYNOI
54252,B0049YNYE2
54253,B001KWGTYS
54257,B0047ZWA48
54259,B000YB2X1Y
54274,B00HVK9NPK
54323,B00HZIT9I4
54324,B003SWGIDU
54325,B000CAW272
54326,B00FQHYZMQ
54329,B0001DMTFK
54330,B002TN3WBA
54332,B00F9TBHTK
54333,B00C40LKEY
54334,B006VD16EO
54335,B0040M5SQU
54336,B001PLEZGI
54337,B002KNL3YW
54338,B00125NAJU
54339,B0080LRQV2
54340,B00JFB43GM
54342,B00JCU0QNA
54343,B00EA2F4OQ
54344,B002Y175GK
54346,B00BEJZ48O
54347,B009UPGAW8
54348,B00DQBVKM2
54349,B00CYVJ56S
54350,B00CYVJ5EA
54351,B00CYVJ7MA
54352,B00CYVJ7R0
54355,B0089DNM0K
54356,B00792SFQS
54361,B00CO87AJU
54362,B00DXZ8RY0
54363,B00FM05FCG
54364,B00GH03VH6
54365,B008965MG4
54367,B002DMOXTC
54368,B00E5MEJMY
54369,B00E5MD0RO
54370,B00E5ME08C
54371,B00DWI6J5W
54372,B00DWI55PW
54373,B00DWI60MY
54374,B00DWI7K0U
54377,B004UAXCXI
54378,B00JYE2ITO
54379,B00JYE2IN0
54380,B00JYE2HBI
54383,B003WEFPEW
54384,B00BWU6U06
54385,B00BF95RR6
54386,B002866WOC
54387,B000V760QK
54388,B002866WSI
54389,B000BF54MI
54391,B00E5U6WMQ
54393,B0016BFQNI
54394,B003EMQHA8
54395,B007IW361S
54396,B003Y3IGVA
54397,B0062ORVWI
54398,B00F24LBQQ
54399,B00BLBRRNA
54400,B004XTTH9E
54401,B004JKQSCG
54402,B00EZWSOT8
54403,B00BYKMZ2G
54406,B008XKY7US
54407,B00BQ1CUH8
54408,B00DS4TQL4
54410,B0010XRHWA
54411,B00C5T5V7Q
54412,B0049H1K5O
54414,B006885RNS
54415,B003XS03AI
54416,B00BJV6KPI
54418,B004R2YEKY
54419,B004R300D8
54420,B00B040B18
54421,B00B040WEE
54422,B008VQVF8Q
54423,B0018RYBZE
54424,B00JKQ2GFM
54425,B00006IDJR
54426,B002XCR2ZE
54428,B00HWA70S6
54429,B0085I79OE
54431,B00D2RYA18
54432,B00932F4IO
54433,B008J5152U
54436,B00AYZOKVQ
54437,B00IRFELDM
54438,B005FAC7NS
54440,B00HYQUCJ2
54441,B00CVH1L6M
54442,B002GPNT5U
54445,B00F2UT10S
54446,B00F2UWDS0
54448,B00GJ4CB5S
54449,B007B9IV5Y
54450,B00AQIAR90
54451,B00AQI9E12
54452,B00AQI91NI
54453,B001LGG9F2
54454,B00AOATHFK
54455,B0083BYFD6
54456,B003SO5UE6
54457,B004N5FR1K
54458,B00FPXAF2A
54459,B00FDZ21CW
54460,B004H4P6PE
54461,B002AK5JHM
54463,B00CX8VTEI
54464,B009LLC34K
54465,B009LLC35E
54466,B007JKL22Y
54467,B001Z2B9ZW
54468,B000F374JM
54470,B009C7CWW6
54471,B001AXZVDM
54472,B004KTDQ9Y
54473,B00757VT24
54474,B00BB8W0BM
54475,B000QSDV2A
54476,B002N7OD2O
54478,B00BE4178U
54479,B007XW6LJ2
54480,B008RMKLL6
54481,B00H4A11DE
54482,B007JRYBD4
54485,B0072IHRI6
54488,B00IU0XMX4
54489,B00IFRUCC6
54490,B00CR5DVA2
54493,B003Z6XHCO
54496,B00017P2L4
54497,B00017XCI4
54498,B00A9PYJSA
54499,B005P0WP3K
54500,B002DMVKL6
54501,B008022GUW
54502,B00816X8TU
54504,B00FYNJ4EG
54505,B00ADPFPDE
54506,B005HR6064
54507,B00I0WELCI
54508,B00G3HR2IW
54509,B0046Q2S5Y
54511,B000RHVH6C
54512,B000RHVHA8
54514,B00CMQDUQQ
54515,B008J3751W
54516,B008J3CDY6
54517,B008J3NWCI
54518,B00H4G6SVS
54519,B00J0MNIW6
54520,B00HQUJMKG
54521,B0015DAELG
54523,B000KOSP4O
54524,B005V2GF9C
54525,B000DZEQRK
54529,B00EQROCPC
54530,B00F9TC9MY
54531,B00ENUEJFK
54532,B0007WEP8O
54533,B00DSJDNNQ
54534,B0058M2HGK
54535,B0027U8ZOY
54536,B00K0QFTVO
54537,B00IA8YZ0K
54538,B002EZJPZ0
54539,B009326GFO
54540,B007KZIAXW
54542,B002XHCK3I
54543,B00CHVAMNU
54544,B0094O0G2K
54545,B0096QXJ8E
54546,B00CDXT404
54547,B000P1SDXK
54549,B00BLP8XDY
54550,B004SI9E34
54551,B00DJVQMXG
54552,B00DMSLV5U
54553,B004D919XQ
54554,B00GLSFG0Y
54555,B003UMLCRU
54556,B005AAYOE8
54558,B000LKTK64
54561,B004X8W1PW
54562,B001AWBL5A
54565,B00A8PEUT4
54566,B0054R0O1Y
54567,B00C3JAO70
54568,B004P78DM6
54569,B00GHX7AL6
54570,B00E85Z5LC
54571,B00HLS4PNM
54572,B00KGUQ72Y
54573,B0078DP2J6
54574,B00CVHXY94
54575,B000PAZT4W
54576,B009CDC49Q
54577,B009NTF3Q0
54580,B007MA9ZX4
54581,B00HRKCLWQ
54582,B000YBPEYC
54583,B00B08Z0VK
54584,B0048IMF9E
54585,B004SR97LO
54587,B0053H5P28
54588,B0070YAAUE
54591,B00494EH3Y
54592,B004Q6SWV8
54593,B00F645FQ4
54594,B00DW0Z2RG
54595,B008BAEIFY
54596,B00BVUAJEU
54598,B005ZMED6K
54599,B0041PHB66
54600,B001UQAN5A
54601,B00BQ19DRI
54602,B00CKGXVW6
54603,B005F25FK8
54604,B00DY4J67W
54605,B006C15C1S
54606,B00D1DK7EW
54607,B00G45LHDY
54608,B00CNBQ3AK
54609,B008RMI12M
54610,B00FYITDCE
54611,B00270WHJS
54615,B0077SH52E
54616,B007VQAUKG
54617,B008O4PTBO
54618,B006959WQS
54620,B0037B3YPM
54621,B007PEZBJ4
54622,B004H0HL3I
54623,B000YSTI7Y
54624,B0078TSIHI
54625,B00DQ0XP94
54626,B000X5ZSJA
54627,B000CQE3KA
54628,B00134J4ZY
54629,B000PGDUD8
54630,B000PGJ00U
54633,B00AO9X0MW
54634,B00AO9U3CM
54635,B00AO9R7JE
54636,B00AO9OEJA
54637,B00AO9N7G6
54638,B00AQI80LC
54639,B00AQIAW18
54640,B00CN4ZWEA
54641,B00822ZDIM
54642,B003KSO4UQ
54643,B00CM25CTS
54644,B006DIK8Y6
54645,B00C9UG7GK
54647,B001BVEBSY
54648,B000KWLG3S
54649,B00DLDHFG0
54651,B00HNPXW1E
54652,B00D4YU450
54653,B00HENSQ0C
54654,B00BDGNHHS
54655,B00108GTK6
54656,B001RBGBBS
54657,B000FIXRZM
54658,B0026QR842
54659,B001225KQE
54660,B001FA1I1O
54661,B002M5GM7Q
54662,B00178VMC4
54663,B00BQHYIJK
54664,B00COEGUMC
54666,B00168ACBM
54669,B002DHMVJ6
54674,B0091G4HFS
54676,B003C6EQQ8
54677,B003C694BK
54678,B000CHMJZK
54680,B000LKV0PI
54685,B00478L8FW
54686,B0054RVBPW
54687,B00437VMDA
54688,B0000CDBQO
54689,B008A0ADBS
54695,B000LRIIS8
54696,B0062O0P9O
54697,B0035W74HC
54699,B00I57XZNO
54700,B00A68BMVM
54704,B00G4EI8LE
54711,B00ASDQE68
54712,B003GQQE8C
54716,B000IK8UV8
54717,B008IXQR4Y
54718,B008XDL4MY
54719,B00C0TAO8C
54720,B00C0TFU4A
54721,B00C0TFWDE
54722,B001HTMSZI
54724,B00EQD8FDG
54727,B00GQP9PUE
54729,B00GMPJHII
54730,B0075ANB0Y
54732,B0079OMEQ8
54733,B0040JZNXQ
54739,B00D6OVU6U
54740,B00919329W
54748,B000YB12TS
54749,B00CID42YC
54751,B000YAXHJW
54757,B00AHASYU6
54759,B009LLBCD8
54765,B00DMDLKEW
54768,B00BF6KOJA
54771,B00CJXP4KC
54773,B00BZ2P3FE
54774,B00BZ2T5VW
54775,B00BZ2VVNW
54776,B00COGY4JQ
54778,B00A64KZXC
54780,B00650BSSC
54784,B001EQ4H08
54785,B0029JPLLI
54787,B00461OYWY
54788,B00A64NS3Q
54791,B00CJPIGV4
54792,B00CJPIMCW
54794,B000I6O5PW
