user ID,source ID
0,AFQ701BYMWE29
1,ASFWZFAZQS5M7
2,A32YP7TLINXUNZ
3,AASJ2VQF5S44X
4,A1TGOKBHS3CYHN
5,A25E1M0AJH998J
6,A3CL0Q8J9720CH
7,ABWUZU0SCL5PW
8,A1JW1786KEU6QL
9,A15CWIDRQYP4ZS
10,A32NEDX6UVV8DE
11,A28KNJL6WHDK5D
12,APLJX4UZ3BTKC
13,A1MSDWVHWZYWVN
14,A3595T4N7HBPES
15,A275Y8BRPPYGIE
16,A303G7M3KAELYF
17,A3VZ62HA9OL9BG
18,A12T4V88F67EQ9
19,A14R68IDQMJFE4
20,AOAR3YR7QT7I8
21,A13G2NMNZLPCNF
22,A22DZVKZ8TVBPB
23,APS5USNHYEX1O
24,A15HLTGVP28LF1
25,A1605Z44TTBCRZ
26,AWU1DXB6IDWRZ
27,A2B1VVAWZOZHFB
28,A3RNBWACHD5BLK
29,A2IQXITDZ98W8V
30,A3LVTU28UB3HS9
31,A1KY25HG3D9NWB
32,A1XI5BQZ4ODLXV
33,A2O6IIAX6W4HF6
34,AWRT88NGSUM31
35,A46MURX39ONW
36,A2A5YJCCHI9ZSI
37,A3DA7K58GTV8HZ
38,A3TV692SS65FP7
39,A2USZPMORPPVX9
40,A2AELKQF3ZIC8W
41,A27564AWOLYSD1
42,A18M3C1TZ90J9R
43,A3H19BNX8EQ2AU
44,A2CVNAVTW9CROF
45,A1BLC62SBF3PNQ
46,AROQJQTXINMPP
47,A1XA16GCN9TOWO
48,A2LGC6SXN2ANBB
49,A2CT0P048S9CSA
50,AAA0TUKS5VBSA
51,A2CANUU1K8ZXQU
52,AQZOYQES2I2QU
53,A35F1EUBY3TMZZ
54,AZFILLWY7HN3A
55,A3H3PRVB4M6VT1
56,AW8ZYRPZK26TA
57,A3TMMIDB0O9KCX
58,A3KWQ0YCKKF6GA
59,A1MTG02V2KTFXV
60,A3Q1Q6SMOCOOLV
61,A3TMH3ESKQN3L4
62,A3Q7Q7HM5666BY
63,A2CWKTDNWMMVO3
64,A2SQO7TWYVOGIG
65,A2MQH8TEJK8IDY
66,A1V0ZC07Y4CCTS
67,A18OTM40AHND1K
68,A13E1OHUWE38RK
69,A3JT62K6ZJP25V
70,A3JGAYE63XWIID
71,AAK9WCZQBND8F
72,AW75ISJKVBY81
73,A1VU26QQPO4N8W
74,A2W8LVXXR8KTOX
75,AQG80SOFS0C58
76,A2AO9FM2M1ZFZ8
77,A1ZU1F5DZBN215
78,AE1AIZ2F2JSYH
79,A2CB2SP7N3T6LZ
80,A2P9AU6QFLO854
81,A3648ASOT3POJ9
82,A1O4AR13VIVTE1
83,APVNN3TXYZ1
84,A6URLRH7KLZNW
85,A2LVQ01HKMM4VJ
86,AOEOPWHNFJNS0
87,A1OSGW520NVUAY
88,A2NZLXE5OEIVL6
89,A31PZ5TL8HYZ84
90,AEC90GPFKLAAW
91,A1LACH6MLQWZ
92,A2O5MYT6IMSINM
93,A6QE21PE8OJEH
94,A2PXXYVFB3HD6O
95,A2V88HF5RZJHA1
96,ALOW43RCUENM4
97,AH6PWTGKU34RH
98,A2AXWP1YXKBT4J
99,A3IVQLUWQYUVTU
100,A2QL4DCXUC3P69
101,AEHW5X06LS4VK
102,A2PV45NEZ7PDJZ
103,A397BXJFKJF2V5
104,AHN7PY4OOUD27
105,AJ9Q8L6U5LPUZ
106,A2C9OQNCNL7GM7
107,A3V61GXLXP271C
108,A3KOU8NASM6YLZ
109,AFIUWKRZBMP5Z
110,A2LFSGJMQTCMC5
111,A10DNBIQB8PEDX
112,A33CFFZISSEFS8
113,AHT9D62K8MHDP
114,A30ZWN9BCMHJRK
115,A2TTJ616QTKX7C
116,A2I701L5ENPWUR
117,A20N1A7UT5DVSQ
118,A3DOCU6G8ZNOU1
119,A30M9Z401JAXNI
120,AK9FTWLCW09RR
121,A3EQ03LUCUTE6Q
122,A2QGHWB6PJHCKF
123,A3IV3KJXADK32C
124,A3359UZOZYF884
125,A3CFH7IL0GL187
126,AMSBP9TBDIMNW
127,A2QUOSINPGEOM9
128,A3KBOKB8URV7DX
129,A36MP37DITBU6F
130,A388HGIM3TM9HB
131,A2W4ED0C9NWETZ
132,A5KKJFAD8S99E
133,A36W5WS9K8YE1B
134,A2QDOJFFLFGF18
135,A13UAVT45110ZB
136,A1YCUWBZQGGW19
137,A30LPX76XGNFLQ
138,A3GEV40YR1U1E6
139,AB48URVBXEYWQ
140,A28L5W4JNDX6O9
141,A1SPXUIRS3IED1
142,AGWU5LPTJHRYX
143,A44L9QH1Q5THI
144,AWV7P76KYHTFR
145,A2R9DU79WYSRHG
146,ANLLHYFGJQRZ3
147,A2SWVHBL244VHD
148,A1I620LCSXPJ4J
149,A245TVD508TDI4
150,A1U4B3ZM2YVTK9
151,A2RW3HRG19E3KE
152,AHRWXTWFEDDSJ
153,A1JZ77FTCIBJAS
154,A290MTHN8DAAN8
155,A19OB9MIL4KL4E
156,AMM0CPPOZKMQR
157,A1NP6DX5RCD1LF
158,A3J2WSTG5SZCQR
159,AU9DTRBFWCI1T
160,ASPWK3STWCZWT
161,A2DJAEWN4OLCFP
162,AST1JAEHSOXCR
163,AWV1EVM4SB9IL
164,A2FJES9K1DANRY
165,AD6OMM864N8KY
166,A3FOSLM5G1BO63
167,A1IL0KI48SY000
168,A20MXPG2JKPHM1
169,AA9PPYMDF4M4Q
170,A1OYY7J8UYN2M3
171,A2KFYQD3G3LXG6
172,A28T83F6L5EQB2
173,A2VV9IDCMN4924
174,A32QPYFR41ZUPE
175,A3DR8L4TB0O72D
176,AHTCGKI4MNJIN
177,A185TECX0MFQ1L
178,A2P2JM5ZR7DP4B
179,A1TVB6JRXOZX2B
180,A2J8M6KWOVNJ6S
181,A32RKVXVADVHX5
182,A3VDJOQI6643D4
183,AGRP9Y3OCI0WZ
184,AEZM5BJYRGGC7
185,A1OFOQKLRNQTO5
186,A2X3F103GLZTZS
187,A1VDPAUBS71M1B
188,AB2QCEMLZKIGG
189,AGA9HWH2BWJWC
190,A3531SA1N60JVV
191,A1E8CJCMRT79RW
192,A2K0X5VU7YEZA4
193,A232Y8I48IWJ5I
194,A1VOMPQVJAYLPG
195,A1YTJMRGG0I5L2
196,A2R97XFPRWEJQC
197,A69WLB7ZMEAA2
198,A2DB6JPJAOED9L
199,AGVH7DUNXAMM2
200,A2B97MU7UL1Z3X
201,A3KT5NNNKWTBGP
202,A1X036J0POA30A
203,A1Z24JQ6RZ3J3J
204,A2DRW5925XZ7G
205,A37CENQP0ZNKVE
206,A3C6WC7SZDMDO6
207,A1JVFV1VAA08X
208,A10FXWSCFHXFLZ
209,A2YO8731SKDKLL
210,A15KTFKH06JNT1
211,A1LGBHZFZGCC6Y
212,A3J3ZF4MLFAVVH
213,A1JIV0TE6GYJ1C
214,A2ZNIKXT764IV4
215,A19PAYHZITH3CU
216,A3V1A3C9DTLPME
217,A1Q3IO646BBBL9
218,A3NP1GWS4HK1MI
219,A3HC4071HNLGLZ
220,A1IEAE6Z2DFBMR
221,A15SHFXG51NIYX
222,A18L1CVUIQRE9L
223,A5RVL6674C19C
224,ACH4SG0B6B1AL
225,A16S58FEP1YNTY
226,A259MPG6SOL02P
227,A2XKJ1KX6XUHYP
228,A248DLENS7QMOI
229,A138Z5HK8H0CLR
230,A31UQ1ZOQQIF5D
231,A3VK8R9N80ZGBS
232,AVVRWKK55AU9C
233,A2QGQGK6IHACQ3
234,A3L4TQX9426JDM
235,A3A0PYGR922CRW
236,A15RKW4XECH2DN
237,A3BX6D5SHQMQLR
238,A3LXTY636DI8EL
239,A16EXEE3BVY8TL
240,A335ZX9N3UWHX4
241,A18K5DX3I6UOU6
242,ABGPMCZ3ZSZD
243,A1ZXH4JXYFZHBV
244,A3K537Z0Z252PJ
245,A21HAUXACC0THW
246,A2W0JUAQ46OYYV
247,A1FN89ZWYZS8OR
248,AL0C8S8K372I1
249,A1VW9E5VAO8HMF
250,A2T71Q4SZS270K
251,A2RCHAGXQM9V4A
252,AS63A6JBHKPUO
253,AL5TZPOKCRSC
254,A3GHNDMSST1CMU
255,ALNFHVS3SC4FV
256,AOBSV5MFRMNHV
257,A3UI6CTFWL721L
258,AS65L3A9I2ES6
259,A2PD9WHPOQSOAC
260,A1DE5Y53L1AUDF
261,A1NMECQPNLUH0
262,AN1IAC5KTW79H
263,AC17N08F909A3
264,AI3WQLFWIN0DM
265,A1ALBRMITDLZ2B
266,A3SOK9WNFQRNSB
267,AICAX3JEAQS84
268,AIJ5GQYMF27IQ
269,A17Z1S6Z0TLQ7R
270,A9SZMG8KAWI3S
271,A1R3C60IK1P150
272,A2SVEAVTFEUVBF
273,A2NO96ZBHRBN49
274,A2ZP37MH9WQT7Y
275,AOZNGDKMOZ4MU
276,A3PX1R8FZOFOLO
277,A9313SH2P36NB
278,A3NEAETOSXDBOM
279,A2U8AN4GYI255Q
280,A3P69TINWRAID8
281,A2XYOK19YJI2XJ
282,A3NOAYJ31IYMF4
283,AY27QSX84X9UP
284,A3T3VXA7OJL0QQ
285,A1ASEZSAJBL10W
286,A3K0N9XSRXENFG
287,A33SGEIE9946JJ
288,A3JUBVYM1OGWR0
289,A2AKRD5PK5PQ14
290,A1E07407ON9I2B
291,A24AR9Z8WA0BCW
292,AW31S69IOL2IK
293,A37Y7GY5WR1GMN
294,A2EMHE4J7NOO4Z
295,A2W7L2F36SOBFD
296,A12G9YM3PCXXXP
297,A15VIV3DA0FHU6
298,A1G2651RQW4JU8
299,A2FYXJ39211NKU
300,A1WFFIOEFNPE2Z
301,A1MPW62KUR1BZY
302,A203WYOBKGG6U1
303,A3IDYHXRNPBUEK
304,AY78J15EYR2EM
305,ADYO0KE087W3A
306,A3DQ9YX4IC2XQR
307,A5PZ5GHIR826A
308,A2WMDG1TQ4L1G6
309,A2V94G8DW38A5K
310,A27NTHPTRXB766
311,A2YQ3SI2S7AKTZ
312,A279XGYU9FUQUB
313,AX5TQ3C7PGXJI
314,ALDL2UH1GR1O5
315,AMW32FGRNWIK5
316,A2Z183N01VWGDD
317,A2977K6CDQQT0U
318,AT5CG0VJV15ZL
319,A2A5FDP7ATD206
320,ANZK9QZR1DP8R
321,A2U5EUZ6VFEA4P
322,A2FKMR41A2LP3B
323,ATPGMV8ZCQQTY
324,ASQW2M5ZY50HX
325,A3VFUZMZ3MO0FD
326,A308WXLNAL9D1D
327,A37H9RUTC6N68H
328,ATCKXG3JCEP0J
329,ADX16MK14XSZU
330,A12QDB506OM0LT
331,A1NXP9KFQ6V6A
332,ACXB7Y1DQV7SG
333,A2QSLNWM60CWP2
334,A3SH0RNRLX9CP9
335,A2QQKCH3DBT526
336,A2Q94JYTZ5RY55
337,A1FMUTFZIDGYEN
338,A3IJTQUVYJIKKM
339,A16PYNWJEUN5TL
340,A36YN0JADKNCV1
341,A1IUW0LMLPVX80
342,A2C9XE9I8RSKNX
343,AEXMZKJ64JKYY
344,A2Q7DE6NA7VKAJ
345,AV2UQKLI45XBR
346,A3NPWC5JE14A9F
347,A2B4HOM0Q20Y7A
348,A2EFRBXCGI6AG8
349,A1EN93VM9A31F0
350,ACIBQ6BQ6AWEV
351,A3B6LQ4C959MD3
352,A1MJFWM3C5MIUU
353,AM04E8EV9LGLO
354,A27OTTW1CSOYWX
355,A3UUHVT5QEEZOY
356,A2V1YSQZELT9H6
357,A17NKSNPQH18Q1
358,A16YVA2CHE3O5J
359,A3FBM0RMCMAABV
360,A30UVIE35LMS3D
361,A8FKBJZL0EEAB
362,A3QI76D46F7P3M
363,AQX09RJKQOX79
364,AEUVR4OSXKIAG
365,A1BJHZE41QWBX6
366,A3MR5EVA8U8Y9O
367,A2ERXSF5D8J7M1
368,A2BN9PMF4DK82K
369,A1VS1TD368U9VU
370,A23TC08V2CZGE6
371,A2KT16MZQW7XGI
372,A16VS2MK6M2MNN
373,A2ZKY2O3LVZ7BF
374,A17ZHPC10GMJR
375,AHKPHUIUM5VRK
376,APB2K6I1U1GGC
377,A3DKVFOEPMK4U2
378,A1QJ0UMSIE1MCP
379,A3CTM44BRINEVH
380,A3MJMC6GI7DNTL
381,A1KWAQ9WCB7L02
382,A2KQRUKXGEIPJ8
383,A1YPWA0MA1XNKG
384,A3QXOY2QSWD0T9
385,A1LND0VEDNJY0E
386,A2QUYIEBS4MB1J
387,A1YARU24I512JW
388,AHJMZ5NN2MDBL
389,AHF25OOYMOUZR
390,A1VVJD2ASBWQL6
391,ABAQ9SKKJ8Y67
392,A2OLQOIU173QGL
393,A151JHIS3NGTG3
394,A3MDETK0D5UAIN
395,A72BJ6ICKDSAR
396,A2WQJKIEJJODV4
397,A2K8JZYBR0TEFW
398,A2QD8VZBZSCYAZ
399,A13QOKIR13H2WU
400,A29SGY0AKSGO21
401,AXN71YIIBEEC
402,AMB5PHORRC47K
403,AMEGPD597TRUN
404,A164TCOJAJ7JGL
405,A21EFDJW7G64ZL
406,A14UXJ0TN7VIST
407,A12ALUEYOYQUSY
408,A1GJC2H1T87KB0
409,A1R0798K5DDQZP
410,AB834GOG3JAJS
411,A05018151JO5A0E8JOUUF
412,A258IFMW8XTSWN
413,AW429BJZIBM0A
414,AT6U2Y48ALUJS
415,A2DVDYED91V1OX
416,A13KF3WO1X0LMA
417,A2HMF8ZR67BNZS
418,A2FKY5CQ0O2K22
419,A261RTQLXVBMXJ
420,A3715UBW2FBOIM
421,A3QQPNJCLW6ROA
422,A10BNAC20GCNHB
423,A8PTVVEE7LFV0
424,A3DVMP3UOYTEZW
425,A136080UA01PRE
426,A14CNCBDNZK6QB
427,A24AX404QPHV6F
428,A2EA0NTR5I17BP
429,A35GSZNTE751HJ
430,AHUT55E980RDR
431,A3ETHD1U0VTD7
432,A25JGHDADVG6HZ
433,A3VLTT45T236B
434,A19DNMTRQ0WESF
435,A1FJXAOD363JRA
436,A27LL2F4GCSHC3
437,A10NIZVQLWI9QF
438,A36BHVA80D0OHU
439,ATNG3GBBD73TI
440,A3AVEIRH1K7KFO
441,A1HISMEWQJIQPX
442,A63GOHH5JP53U
443,A1N9X16Z2LPVMP
444,A1PCBAMPHJE25Q
445,A32985CJ5GJDDO
446,A2FZMJ81SAQ4VZ
447,A1F3DJP3306DTM
448,A14YENXHLKG9WL
449,AW08RMIUZC91A
450,A1CK45FQ9YKCDL
451,A17QK8KTU1JXSM
452,ANIYQUKQHFL09
453,AAQM21NOY7CI6
454,A3GAC64F5NKHAG
455,AQY4VVAG11F0N
456,A2BMNSLZFV8B02
457,AGHNA3LDJ30OX
458,A2VY2TZ8LQH6SG
459,A1UQBFCERIP7VJ
460,A341I381Z2SAIV
461,A1ZH9LWMX5UCFJ
462,A284N4V7W8FWKS
463,A3AMM9SPTSV93
464,ADEZOPMPKK146
465,A94YB71KEDA3X
466,A3BQ822U3N5Y60
467,A3V9GPA2E18A7P
468,AEZ9FM3A60F6H
469,A1PTNN4W2PR3E0
470,AFHF6LCXF2ZQJ
471,A1XP69M0AV4B2O
472,AFPL73ZLKTKC5
473,ABDR6IJ93HFIO
474,A2I5IUGLZVWQHV
475,A3Q8EG8F181J2P
476,ANXY26A1V6GKF
477,A34IPNS1XK3HEV
478,AO8YXCHC4HIBB
479,A3R9Q9WQ1M1NYZ
480,A2UTAAH0PO283C
481,A1JARHFIA8PPAQ
482,AS1T7AKK5IPN7
483,A1A65E15TA893P
484,A1XVQ3KHS22E3F
485,AO377Z7UORPJ6
486,AJEZJLIQ5JO8D
487,A3Q2NPDU8KA9R1
488,A1MDIS82R9PR4N
489,AZGGG49I1J5E5
490,A1LGOV6JTJAEUO
491,A2RGTK01KRHSW9
492,A1ZX228KVFYQP9
493,A1Z7Y2GMAP9SRY
494,A32H3MLHYU83WT
495,A1L7ZTZNKU9RXR
496,A1U0QF70UR41U7
497,A175H8RJN0M0KZ
498,A39VSPFQM0ASRL
499,A1ZULI5LIQY897
500,A8RREJFLG99FE
501,A1RXN97IHWFKHK
502,AE4B8QAEJWJFS
503,A1HXHFEQ9R1UX2
504,A3JUEHR7YMPK01
505,A10V3AEA4MZ97J
506,AA2YXSKQWPG11
507,A3NV6L58HBQ9CL
508,APWH0EI20T99B
509,A243AW9OHNM7A4
510,A3U7G3PVY1ZP29
511,A26IS9EL6L7HII
512,A20WVIAU7KLG8W
513,A8XG4YHHLQHXZ
514,AHBSYLEYN0BVD
515,A3R1L8Q96KAUPY
516,AMJL2N0CKPB0Y
517,A2S0XAKEQ7EUNP
518,A3LRLLBCS4X5C1
519,AAXIMKSYJFT2T
520,A2OJM97W9FDM9G
521,A2UO0COTKGRD86
522,A1PONUYO8PA1G6
523,A1PIESEVP0F6IE
524,A3QVZWC0NJU18E
525,A3SDM5A2AG5O42
526,A3BKBM9X3YINCY
527,A3KN3UXP20LY09
528,A2T61P4HYXS8JW
529,A2YIO225BTKVPU
530,A1VOFY3QFT9WCG
531,ASVIOVAEXRI2A
532,A3PJSERA0XKLJE
533,A1AQ5WENZZA972
534,A2F7JEIXXBA1JZ
535,A28EMTHVF120XV
536,A1BZVOWOULZF85
537,A13L8R99S6KPKC
538,A19SHPLD4JQYKV
539,A8CGWGJ9OM58J
540,A1XHPYG3D2WVCM
541,A1V23RXLRBR73T
542,AI17EJG925L3W
543,AXZ3KQEJHA5MF
544,A2MU3FLFSWW4TD
545,AK6J92Q930IFO
546,AGSROF16BQME5
547,AWAXPNUB4Y56X
548,A3OLYFIJ1AHLOH
549,A19VW07IUHNV1R
550,A35PDL7OWJBGLT
551,A1VOND5EBAU1GJ
552,A10J8E7PWBODL7
553,A2XMJAXM2BLBIL
554,A1Q8KRGN5G048F
555,ACY546WZ7SGTN
556,A1STOHTZ9BOA43
557,A1IOBOM9LEHV5T
558,A1WDTM8IF7S5ZG
559,A1K31E7YNVQRIT
560,AA5D2Q1O4ZMG8
561,A1TSS0O4OSRFIM
562,A3SIZC600PA0AW
563,A11M9UDCNZQNF2
564,AUVF56QLQRTPZ
565,A18GKCC69KPR51
566,A2Y5M688PWUPQP
567,A3TY5DIETPVIO0
568,A3U80IZB7Y8ON5
569,A9ASWLL7NV07J
570,A1PR1IRE9C33G4
571,AEFNIZMRQLAP9
572,A3EYVAJIG5S8WU
573,AZ2Y5GORF848L
574,A3EDIPCXT15C3T
575,A1KD1TQPYC3Z2I
576,A30WOXPI820KFJ
577,A2VM2DBMAT9U84
578,A2C2CRLUI6RYHE
579,ADFPIHVFFGEA0
580,A2YEW4BMSLH8H5
581,A3F8R9HUXK61NE
582,A17I6HVS47MUSY
583,A16EAD6KFWIOM6
584,A315S3F1NHG7Y8
585,AS3E48OZRPSAT
586,A26MP4HQOL6JZE
587,AC21OUFL2RJSE
588,A2WLS1TTUUGJYU
589,AOS3VXXYX2D0G
590,A7AT32WHJ0V7G
591,AH14DCWC3932C
592,A3VS3QR8QY1ZUH
593,AT8211GK89HH1
594,A3MBW3WS58LZOH
595,A36Z4PWQ7DP0HL
596,A25EXR5YNYH40Q
597,A2SIWGIOBLG6YV
598,ALOIZ3JAM6RR5
599,A177WRMHT8GHT0
600,A1YU3BWSGVTCW3
601,A20ZRBKL9X91UU
602,A1O84K0IMNFDOT
603,A2E45HTIYHKDLS
604,AX2A7EELRDTNE
605,A1U50ODCEG4E0S
606,A2OQ8QF3TBJQ3S
607,AH6RTFJE4G1Q6
608,A227L2DVAG3SE9
609,A5AXFXBR1I517
610,A1GI3M4M6NTCAP
611,A35NOFKHK8P2LU
612,A3OQ47ZE3GEI0O
613,A3NROGLXL8IZC5
614,ALQ4USPEQ9L5N
615,A3QMZ2JBZDS48U
616,A2PBQSSDNDY5NT
617,A2BCKIYJWH6M1O
618,A2ODQMRFYKEZY7
619,A35X1HL2RUGJ95
620,A3I9CRCL5PP4BZ
621,A1HMQHN56I30PY
622,A2U3IMTLVCWSL4
623,A3SD8KRPHJDOJ4
624,AEV3QR7WPT2E9
625,A5IZB5QOH502X
626,A3TNBH41GHU8VG
627,A38DUL6WSCD6Z1
628,AR7BSEJ08QT1W
629,AOC0RR9I3YW39
630,A3HA8G5E3VF4OM
631,AIRPAGFFTXYVU
632,APUBENNO6KTYT
633,A2A58DC5V9XJ53
634,A3LR7SD5E733I3
635,A335AWEL2CW30
636,A2K4N85EED269I
637,A1B6ZGQE4CDV8X
638,A3H21IVDHN0WHN
639,A296APTZG9S7VH
640,A3F50QWTU976S6
641,A3N3TRD4YGTKUY
642,A1K36U9PF3DGO5
643,A1J9PW3XE2LRW8
644,A1AZ33ACQP9QBY
645,A1ZG4C5VHQAOYS
646,A1H21EUOI2ORZA
647,A1TXY1MHHCF20
648,A1CZFQP3C5NG5Z
649,A3644Y031LJ6MP
650,A2GQRCKWZDTPX2
651,A2NMANB4B35FMI
652,A1VV4P2UXP2CH6
653,A2R1EESPW4N1ZB
654,AUUT7LDEK2TME
655,A32EWB20ORXMRR
656,A1YDQ8I5KVNF8P
657,A25R0QRLIEKUO2
658,A4UHZXSLMBWT2
659,A3CP9LMG5SM5KK
660,A85J7VFU6HWBJ
661,AJCDIM6EF0ZFX
662,A2WS8FM02592VE
663,A1Y702XGLLIP44
664,A2L7MYSQH20POZ
665,A1XZV46KL9IKQ0
666,AHPX71LWPYX04
667,A2QZPTLMLR0FXK
668,A27BYE6ZZYHOBS
669,A3KYSIS3CTZKIS
670,A2XOGLJ3V3X7DR
671,A251L3DAGDHGSY
672,A11GLT51J5CAH1
673,A1PZFUDDE0AC1
674,A34BZM6S9L7QI4
675,A1IW9LSLZFW9FK
676,A2AZFMRH2QA03V
677,A17MDKHHM91KPM
678,A2VYZLPTE4ER5V
679,A2SYK0ICB1VAMR
680,A37U6JNNBO60VJ
681,A2IK6FJZPDAXW4
682,A21C9KBKG5HZRY
683,A21ACKP1NWDCDJ
684,A1OV0B43UIIRT2
685,A3CDTYU1TKDG0Y
686,AUF40S20BZNQC
687,ASG6E9LHZRYOS
688,A2VLBM50UP635G
689,AQVXU20MJIZ6K
690,A3HMGP7432C9IC
691,A30U7BDGGFHABE
692,A1XLPOHB0QCPOT
693,A1EPIL32QXFLOL
694,A3V3RM9B1U8SC0
695,A7KGGMKQ1LEVH
696,A1JDXWQ82RVSYC
697,A2HCEAGTSREO4G
698,A33W1WZAVUOU1
699,AZXKAH2DE6C8A
700,A1UHSL8ZBGC170
701,A13UGCHZHNEJOG
702,A2IF5KFTE9QBD2
703,A10BD0288TGRVS
704,A1V1TNYLP3NURY
705,A1WUDE32GS0EEI
706,A2FG061KDA1ARB
707,A2MVJ9TKEMHR5W
708,AG49D1LO7VTPY
709,AGSMUSTAESWMJ
710,A3RMV6VECELW5K
711,AE203EP4EE7XI
712,A2RIFRLYC8PSLQ
713,A2QPVEH19K1FEP
714,APUWIRA6WFVA9
715,AYFZ5L8NH2H79
716,A2PNW6QDW8OPY0
717,A3HIC5XU7HKFC1
718,A20NXZIROIE5HH
719,A26O1SVV2UTZJS
720,A3K2W6RGLLOYQ
721,A135I7QUXULDVK
722,A1YI7IM67NJM4K
723,ADP2GX1QS1IP4
724,A1GAUVTOUMU42A
725,A3JTG4MTX3R83I
726,A19O8OIC2YJTM1
727,A3SRA1ME4Q2VIY
728,ASD4UWCO1VP3C
729,A1C6RZG7XQZBUZ
730,ACKWW07BWOLLB
731,A2J40CJ12ZNRU
732,A2SE5EJ7B6Z8NP
733,A10FPD6C05W99J
734,A2ZKWYMEXJT72N
735,ABUVEZJ9H0FVW
736,A23E9ZPS2RQZS0
737,A2JCG7KT8HRSUJ
738,A1P99HOPB4LB9I
739,A3LSGT18TEMFJT
740,A11HK9RN6CMSUV
741,A36WGHR8TO5DKT
742,A2BI0LI0OZN1XN
743,A30QGASBU0E1ZK
744,A10W1JE0YVGXTH
745,A11LNY2OLQSUSV
746,A1YKOVID6TIMXL
747,A30745ARTZHOOE
748,A1G0RJKV4UMLL5
749,ABW554JXEMB4H
750,A3L61G6N7AT8N2
751,A2BICL1L5GB4PD
752,A4SUZ8EFHRDJ3
753,A38WGBVQG45SE5
754,A2BYN277R8QU6H
755,A2V4P6IRCK1P70
756,A2NBZAIEEIC8CL
757,AKCMTOTC130J6
758,A3NHUQ33CFH3VM
759,ALQCP8XLHNK1K
760,A16Z2OECAUX8Z4
761,A1FP43S83CQD33
762,A169X0RS9BV4EY
763,A25TEH8P68V4JS
764,A3C5L1T440TLLP
765,A3LW0R8N07EM85
766,A24P76HQD5H1SZ
767,A23WH05EWKIHV8
768,A2F0SJ0XNROB8F
769,A1VRSUZV817Z2D
770,ASX7F7X6DV4A5
771,A1J4V7TKN3QSHC
772,A39RJTIZEYTL46
773,AYR0USLK5I8L6
774,A18JYQ1N3TVOQ1
775,A068255029AHTHDXZURNU
776,A2X4433JOIGEEL
777,A2QA4PI2TVBLRO
778,A1RTI1N7BNOB66
779,A15I47BYFVIUW2
780,A386FK7J8Z9XKR
781,A1J9Q4H5VJTQFP
782,A39TRLNMXXMGCC
783,AMBCBI3UAVY8G
784,A4MJQ1UHIVI6B
785,A3T31WAPYXTBEB
786,A1FP5ZLSKR07SU
787,A2MUGFV2TDQ47K
788,A38IL2GXD8866Z
789,A2PQ5VU27U1BLA
790,A3IB4CQ2QEJLJ8
791,A3N65H2Q320Y4H
792,A39EHHWIUND7AL
793,AY0WPNYO66YAA
794,A2WC3PI8XQWNDN
795,A2BO2FZ2HP1OAI
796,A37KEKJTGLZBO7
797,A1K82R24ROO2I7
798,A3C6PXNVM5LAMF
799,A2AK480UW3Z2CK
800,A3BW5TJVKGQ4CB
801,A1P4680RCRLE00
802,A208B9JQOJSJX0
803,A1YUNDULXANI5N
804,A1NEIH01B5X6QL
805,A11ZCZ874OORU0
806,A361PLXEWB9UC1
807,A3UDWLTDJF2HLC
808,A347IXMA9PZW8V
809,APF4LLE49226S
810,A2AVTJPQVX4OWG
811,A2SEMQS6880ATU
812,A3Z9QN0RCOHEY
813,A2137H75OSD20T
814,A2WS7NQWLGZM05
815,AH0JS6326668M
816,A3IZ1BVV53EL2B
817,AKWN5LD5YN7QI
818,A37UAHTBOZP9V2
819,A1CRY0H4LM3SWV
820,A2FTIPCUW63UBO
821,A2Q0DLA85RIWQK
822,A3HRF2F1UAH7L4
823,A20YXFTS3GUGON
824,A2MHWJLZ8UEH23
825,ARDCQWWEI1IXB
826,A3EU15A30PLO1A
827,A3CNE7DRBW24TG
828,A1T391ALO45YNA
829,AGPSUKJKCBBW7
830,A3RA9QPRWZ7OC5
831,A24XUWT3SCRAPT
832,AADZHUJW0KSDC
833,ASH2I3FBPJG6
834,A21H77OSIAEBFY
835,A1J089M5XFW4HV
836,A3D6OI36USYOU1
837,A2L35P0VQE7LBN
838,A1L8OPQS0805TX
839,A3UAUE3NO806Z2
840,A10IRGY2RUZ6MW
841,A24TCT2CY6KY68
842,ATZDGPMWR6N5D
843,A3KNZ0DD8OK29F
844,A3QEPF593S88ME
845,AZI22S7R4LXJN
846,A31W23DCSDHG2C
847,A28CIT78E30Q8H
848,A3G0F3VRM187KT
849,A2FIH0J30CEDF9
850,A2CQ2X9H9HY6W0
851,A15U1Z3N0L3C12
852,A15YWYKWF465BW
853,A1PS7X0DLOWV8
854,A3OOZGZAGDXXFX
855,A3MN6FLUEX3H8S
856,A2TC9KURETDVX7
857,A3TAVH1CDD6CPU
858,A1YRIE0SGJ1PFQ
859,A2JH0Q7ESBTYI2
860,A3O447JKZ17FQZ
861,A20NWUJBL2HJIU
862,A28SSSEO1HPAVT
863,A22UNXHQHOGE00
864,A2IMVEQ5H5I3ZN
865,A38XW5668UKIJ6
866,ADG8QSE0371XM
867,AO1SEKOYNVM5N
868,ANSON51T7VVA9
869,A353U0L2HAMSHV
870,A1W54B3FIBJU9R
871,A375LLKDEG2MOE
872,A1Q5O65V2SKM4J
873,A3SVKXAIRHX911
874,A3T6PLZQKER8Q8
875,A310B8OFSNA5K5
876,AHDI3O01YUKSA
877,ATBR90NVZXZR1
878,A7PC6L35OEY29
