item ID,source ID
49,B00DBPKEOI
126,B0064P5I1G
133,B008OZF9SQ
170,B000F34FVM
291,B007RW36F0
300,B00006I53W
323,B00C7D0IXW
332,B004A9XB6W
477,B0061R1XI4
498,B00F3F0EIU
556,B004VQ6R8S
584,B00906E03I
639,B006W8U2MU
680,B003NQ9U04
694,B005LA1T72
810,B00004S7PP
870,B004NPH7BI
888,B009XEBBC0
956,B001BXS4LW
979,B007T8S490
1017,B00I2VIR2M
1022,B000I1GZ6O
1167,B008NSA3OY
1212,B006K5505E
1275,B006KKS8BC
1318,B00BSXUEZY
1363,B0055P49HU
1444,B004AGX4YO
1450,B0095PWR4S
1469,B00007FGUF
1488,B000EHWCDW
1499,B003WGJYCY
1591,B009YPYORM
1626,B00HPQ0JLW
1653,B008L1OCF4
1701,B005ODJKSG
1709,B004NY9UV4
1763,B008EQZ25K
1865,B000K52CX8
1885,B00BVUQZZ2
1955,B007IIT8KU
2085,B00GTZJA7Y
2113,B002K4GBEI
2134,B000PD7IG6
2280,B007NLSGOQ
2367,B00E9QK2MW
2513,B00CUOAWN4
2635,B0036RA4M8
2707,B00A14ZT6U
2712,B00009XVCZ
2806,B002BH3Z8E
2824,B004GW5PTY
2849,B00EC4UDPC
2876,B003AJXUTQ
3021,B0007Q9PWQ
3039,B00CIX2D0M
3075,B000KV33BC
3076,B004OZR3I4
3151,B0002E1NOG
3158,B006NGHN5A
3186,B00AKO7XOW
3198,B00009W3E2
3200,B002AR5XIK
3221,B002TLTGM6
3342,B0090XWU8S
3379,B003E7ES4A
3476,B000FKP7TY
3500,B006U5W49O
3520,B000Z80ICM
3543,B007ZR02HW
3564,B007SP2CO2
3593,B009Z4RGFY
3620,B007N9GN34
3734,B00K2MASE4
3992,B005LIDU5S
4035,B000LT0KIC
4039,B007MKGF82
4087,B009K6GQEY
4168,B008N1DU8W
4492,B000BYAJBU
4500,B007OYLNGA
4505,B00DOR81MU
4529,B006CVF1P0
4544,B001DBIT08
4556,B00EZ2E8KC
4569,B000BMQR40
4634,B00EDIU47O
4721,B00102ZOQC
4752,B000CKVOOY
4865,B003BLB2T8
4880,B003H3A2NM
4892,B00AW6E8XW
4940,B001AVW6BO
4977,B0091F8EZ8
5022,B007XTE6YW
5072,B0085IZN88
5091,B004LB4N02
5152,B009EIUH6G
5154,B0096JZRBI
5173,B00C249OZ4
5220,B003HFCDLY
5263,B0015F0AB8
5292,B001W28L2Y
5318,B0017JY5FE
5354,B005QRA5IY
5418,B002ZIMEMW
5465,B003UH3U4S
5511,B00FRHU2Q8
5534,B003P2V4OQ
5573,B000V0BV52
5599,B001G4NBTG
5638,B00030AXNQ
5650,B001TH7GUK
5706,B001TICH08
5742,B00836JHVQ
5792,B002WPSS28
5828,B003VW20AW
5844,B00009R6UI
5859,B0013TVALU
5872,B00908BQCY
5933,B00H8JLMLC
5980,B009VXH3UW
6090,B006AR2SKW
6172,B001SM6U3U
6190,B002IQWZJI
6196,B009YCASK2
6451,B009B0MZ1M
6548,B009NXFLWW
6574,B003D8ORNM
6652,B00BD7UVO4
6673,B005LT7CE2
6706,B005TUQUZA
6820,B0041Q38N0
6907,B00FB45SI4
6924,B001SEB45M
6984,B003F2DA2A
7010,B000X24ISU
7029,B000A6LSKU
7150,B0049LBJ56
7164,B006DAD8HS
7360,B0058BG0UK
7377,B006WAGG14
7521,B00EEKZMDC
7582,B00FZHCR04
7682,B00D4OAVE4
7692,B002LE8BJA
7763,B00009RA60
7796,B0057GO9SG
7798,B007BY3PNC
7839,1400501474
7850,B000KL0HIY
7962,B0090QJ9V6
7991,B00005T39Y
7994,B002CSRF9M
8031,B00BXA7N6A
8055,B003LR7ME6
8071,B00C7C2HUK
8077,B00BGU6OFS
8105,B00BI2I8G2
8120,B0061VIHV6
8163,B004LTAPPG
8192,B0034SURP8
8261,B0069R7TAM
8294,B0054FJEDK
8336,B00004Z5UM
8394,B0064J4LOM
8500,B005DLDTAE
8539,B006HXUXRY
8548,B004RDWVUS
8590,B002OEBIHE
8641,B00GOGCKDE
8643,B00I023Q5Q
8646,B001TOD7ME
8665,B0052L77QW
8719,B00D1FXX96
8800,B0049MPQA4
8855,B002ZCXJZE
8905,B00CX0WS3W
9018,B0052SCU8U
9151,B00A6P0EBO
9185,B004M8SSZK
9191,B004G603E2
9452,B000LRMS66
9488,B006TZE0UQ
9574,B003WE9WQO
9585,B004CAJU8W
9656,B00CITMKRM
9729,B0086UXQES
9730,B005H4CDF4
9986,B008BHFVGM
10011,B002BH6ODC
10013,B00829THH8
10044,B00AQRUW4Q
10058,B000A7XSSY
10106,B009KPA57Y
10130,B007SP36ZG
10212,B00ANDHBNS
10236,B00F3L19KQ
10237,B002NEGTTM
10284,B00E0N49C8
10288,B004FP1QUE
10291,B00G2TK76A
10351,B003ZUIHY8
10436,B009ZSXL9U
10444,B0013B6BMQ
10470,B007ZJ8KLA
10514,B00DJLL7TU
10515,B008295PTC
10543,B00AMVD9SC
10557,B00DVTBM2W
10626,B0077CRX0O
10636,B003L150R8
10675,B00A8OWALU
10704,B0056KEPVO
10737,B00609B3J2
10851,B003XJAUVY
10866,B008I646WG
11000,B008YMWBC6
11101,B006U3O566
11158,B003Y06336
11162,B0046SB5L0
11334,B009SJBB16
11412,B000K50HJE
11527,B006DEBYWU
11651,B00BPE6ERS
11695,B00G5JZ91A
11759,B004T9RR4A
11783,B008RQEEBU
11786,B008LR2B7E
11845,B000SMVQK8
11939,B005J37Q0A
12181,B003VZ7GEY
12294,B00G3D4YXW
12319,B00F9ZE3VI
12322,B007BJHETS
12350,B004CADY9I
12365,B002VPE1WK
12521,B005VTIMEQ
12579,B008Y18I3I
12632,B00004Z7HG
12635,B0077197RM
12702,B002SXMRPI
12786,B001SER4D8
12894,B00BGGDVOO
12898,B001T9N0SU
12931,B005S32PHU
12951,B009WTYK1K
12980,B009GF6F9U
13009,B00CTY84KI
13016,B005JE3VYY
13059,B001NIM8GC
13109,B0047FWGDS
13206,B0074AVUI0
13220,B00EQ07PAI
13225,B00B2383T4
13229,B005VANQ78
13269,B007BT9E78
13280,B004G6002M
13367,B0002QLQ96
13394,B001BSQK8Q
13417,B000BUTH4E
13433,B009SK580K
13467,B002ZJTUOG
13485,B0053NRB1U
13510,B00EB6O4N8
13571,B007O441IC
13589,B00FXR3RAK
13613,B00G3TUFA2
13696,B009QV72VY
13700,B002DUD50W
13776,B00CO8TBOW
13794,B00BEWHOQ6
13846,B00FXYTLIK
13967,B003YE2BMY
13968,B004KMK27U
14042,B00AEV9MAE
14077,B002HWRJY4
14169,B0078LMQ9C
14174,B008TCUXLW
14200,B0065V45FO
14335,B0030ANYYQ
14342,B001XHBNN2
14438,B009W6V5SY
14533,B000OHYIDE
14629,B006JINHYS
14661,B0054Z6GMW
14727,B001RNNY3O
14770,B009SKNWM6
14776,B00DQA3IC8
14805,B00BXVFM3K
14882,B00EE5Z1ZG
14893,B006QYGFNA
14912,B00AVBLGZG
14927,B000G6637C
14991,B002ROILQM
15029,B008HSO5OE
15030,B00EPLZ67C
15150,B002E9HHYM
15177,B00ELEGOWE
15203,B009JXJYKG
15230,B00005LLY4
15359,B00906D9YE
15374,B00CHH0JF0
15396,B004DP2TC0
15450,B00B7PZX04
15483,B007L0EZC6
15495,B0018BZJNS
15609,B0056TYTV6
15627,B000KKPN5C
15818,B002R9CQYK
15827,B0080JCT8O
15866,B00B5T2CA6
15878,B0052SCTLI
15912,B005LS2GPI
15933,B00DMS0GTC
15964,B006I6HMXI
16132,B0099SMFVQ
16188,B00515FRG6
16360,B000A0GWMA
16461,B001SIGXHC
16464,B0036O8I1A
16475,B004YTOC8O
16616,B006W4CF24
16664,B00267S7XW
16748,B00A2L3J1Y
16859,B003V70LYE
16869,B005GI2VMG
16875,B00DVFLJDS
17104,B00B20N9GO
17135,B009SYZ8OC
17186,B0081FLFQE
17205,B000IJY8DS
17342,B001S4OTS6
17352,B00AAKLK8Q
17385,B004TGR8CE
17448,B0019CSVMW
17595,B00CYLOTPK
17603,B003HC8V9A
17617,B0033G724A
17656,B00BCXF4HI
17722,B002IAP9RY
17785,B000YB0NOS
17789,B000FI9VU2
17838,B007XZLPCC
17896,B004265KQM
18021,B0049HCSM8
18043,B00AYAM71Q
18181,B004C867R6
18184,B007SHJIP6
18212,B008N1TU22
18279,B00348YLOG
18353,B00C249QNE
18396,B0007TJDFW
18422,B001OORMVQ
18491,B003M8UR64
18526,B003K1EYM6
18536,B0036AWR8E
18589,B003GF34SG
18598,B004Q6ZEEG
18758,B00GHGMCN4
18806,B0056CQP4M
18815,B008GVM9K4
18860,B001AHALEC
18947,B0076CQB3K
18975,B00461E7JE
19010,B0012Y02CE
19136,B00F09DURG
19165,B0015MHY6K
19197,B00C8T7NOW
19240,B008AL9VXI
19245,B00006JP9U
19440,B00E83XHXM
19452,B00B6KXKKA
19558,B001NJ0D0Y
19582,B00904JILO
19599,B004T6VT74
19739,B00E87OITK
19854,B00022OBOM
19859,B002KDOJ8Y
19907,B001D60LG8
19952,B002V88HFE
19974,B00HWFTIAO
20016,B00IT2H76G
20019,B007Z3T5JC
20027,B009ZK5HRM
20132,B0028CM97K
20185,B0018LX0DY
20187,B00ACMBE7O
20256,B00E98O7GC
20413,B001S0RUFY
20528,B007PLL4CK
20586,B000LP4RMQ
20672,B007RNUVIO
20706,B004C9P9TM
20732,B008MDSWI4
20745,B003LLEG00
20757,B009AETXPK
20770,B00D5Q75RC
20864,B005OL2ID2
21006,B0023FTRUO
21021,B009DJ1THW
21081,B003ZUXX3I
21099,B0039825LM
21158,B00EUB7CQK
21324,B00B2166BS
21706,B002SGATH8
21728,B008FH1R0M
21745,B00009R6M9
21770,B005KGRA20
21772,B00000J1SC
21877,B002SWD8LQ
21919,B003S6AXVO
22070,B0075SUK14
22106,B003M0NT1M
22259,B000KIR8M0
22290,B00429N18S
22297,B005FCZP08
22350,B00EQ07PG2
22366,B004LQ1BWK
22525,B00023KG40
22605,B007WTAJTO
22624,B009CYK85M
22670,B003R5AYRE
22958,B00B7N5ZBI
23020,B00DYOUGSU
23086,B00009WBYJ
23232,B00B8NW6G4
23250,B009GXZ8MM
23333,B0089KDD84
23365,B005LFT3GG
23478,B004AZ38Z0
23490,B00A02KOHM
23607,B0067LGN4S
23627,B00BID35BO
23751,B00F6AVFK8
23797,B0043RTLNI
23883,B00387G6R8
23917,B009JXKQ9O
23939,B00BLSVM0W
24130,B00BR1IJUO
24145,B006L6ZSWC
24251,B00BBQJY36
24255,B00H6VOIMM
24351,B0085H655O
24418,B005KG3NQM
24428,B004SB1X44
24565,B004UR486G
24666,B0057LA818
24679,B0042RUSWC
24682,B00AWKC0EC
24692,B001BRP0UG
24702,B004PRUTLY
24774,B0063N7UGA
24815,B0038YWLCA
24862,B00BM1HXD8
24870,B000QUUFRW
25056,B001TH7GVE
25083,B00BQWQKUA
25226,B00DTZYHX4
25247,B000068O16
25356,B006FKPLFS
25407,B004M6PMHO
25424,B0095ZC7VQ
25546,B0072XQI2W
25552,B0014DNS06
25562,B002YAOS7A
25574,B0000645RH
25590,B009VCAJ7W
25678,B003E2PVBO
25683,B00552Q7SC
25810,B00K8HNGYW
25820,B00728Z9JA
25846,B00GJ12EN0
25922,B008B3VNL8
26003,B0014JFXSK
26011,B0094Z6N9Y
26094,B00007EDZG
26105,B00AJHDZSI
26121,B003UOSC9E
26145,B0036Q7MV0
26250,B003VAM32E
26251,B000FBUSI8
26306,B0034CL2ZI
26346,B009NZ6SZE
26369,B00CJPWZ8O
26453,B00H9WN522
26460,B000LU9QCM
26468,B00008XY4E
26569,B0009M1O9A
26587,B002TLT95K
26600,B009R7N6FI
26654,B00608MP5E
26705,B0096DLEGG
26775,B003TTI646
26796,B004ZGLM5W
26797,B00D1A5OR0
26810,B005KP473Q
26923,B0055856WY
26962,B002NUP0D2
26963,B006ZH0K2K
27050,B00C9L6N5O
27068,B00752QX7K
27239,B0012N2E9E
27241,B004UM7124
27337,B0002E50MC
27349,B002CZQ7VC
27355,B0099E5IUA
27411,B002G1YPH0
27431,B0088QEMSE
27453,B0091V0A9U
27488,B005DSPLDA
27539,B00009UHJS
27578,B009IHHQUS
27742,B004WYA852
27893,B000WL6YY8
27905,B000QGLRXM
27916,B00EFILPHA
27946,B003FVG3PC
27987,B009C98NPY
28004,B0084Y5YAA
28007,B00BI8IL9A
28022,B003KH4W0E
28031,B00007DX56
28038,B007G92ESE
28098,B005DSPLCQ
28174,B00080G0BK
28204,B0047D7RU2
28208,B009W78W6Q
28263,B000IDCDZY
28296,B002DW96M6
28355,B00GJYN6T8
28430,B00EYQ6WK8
28458,B000OT31IU
28469,B0093HDM3I
28661,B00EV6G58U
28733,B008HO9DK4
28796,B002MW6HRO
28813,B00BTLPNL0
28815,B000OG88KY
28853,B008SC0DRW
28888,B003E1ASHM
28958,B00D7HMS7G
28992,B00CWIOIKG
29043,B004U000QA
29062,B004ABO7QI
29169,B0055QZ216
29176,B0081Y0Y4E
29227,B004INH0FS
29279,B000AB286S
29301,B000QZ001I
29331,B001MQ8BUM
29332,B0090DX8O8
29348,B00BVKFWGA
29415,B005I6BF2S
29443,B004LSNF04
29448,B008CNZOJY
29457,B001649CBC
29479,B000KL4F28
29490,B008O7TQWY
29642,B003VAGXZC
29731,B002XW44QY
29754,B006ZAHMUU
29759,B005W4TWZ8
29775,B009NHAF5G
29840,B00DK2JQOQ
29902,B00FRMAOIO
29983,B00D9QFSUE
30029,B00EEOSZK0
30035,B00558O31Y
30065,B00509MSYM
30103,B00GOBUOGO
30152,B0099XGZXA
30164,B0044ZBXEO
30202,B000PLTX9S
30240,B009WGFOH2
30368,B00C18YQBS
30463,B0000510ZO
30472,B0007IMMY2
30553,B003Y35VJA
30608,B003HH96IU
30693,B009923WIW
30784,B0049KV50G
30790,B001O81FNS
30894,B00603RTC8
30935,B0091CD9A6
31036,B009YE7UOW
31058,B004UDMLSM
31071,B004P5Y1OW
31095,B007VQPVA0
31236,B008NMCPTQ
31241,B00HEY4OOI
31247,B00BCXF6O4
31263,B00CXIVEA2
31319,B007OY5V68
31404,B00009UHT4
31637,B009XJYYB0
31751,B00A2685CM
31795,B00F9991SY
31807,B003IHVQT6
31836,B005HYDFPQ
31859,B00946XHI8
31926,B004LNXO28
31991,B00BDS0512
31999,B003VXT0N6
32151,B001196H3S
32193,B00D02AG7C
32209,B00BB9OOII
32221,B0083F32KY
32411,B003JLBPM4
32441,B002HK8TE0
32491,B005C2Y034
32553,B004I5IO88
32565,B000MTXFXS
32591,B004T9RR6I
32625,B00G9X5N18
32652,B008I636D6
32710,B009A6D01G
32842,B003YUEF0E
32923,B008XBMY7U
32940,B00BCGRX9M
32964,B007PA1K84
33044,B00ESGJF4O
33073,B002IO2UM2
33130,0972683275
33247,B000E7WI0O
33426,B007FLUZX4
33453,B009B0MYLS
33483,B002JCSV8A
33505,B004YW79F4
33532,B0096CG9S0
33647,B0078GCLRY
33721,B004VEOO2G
33738,B00G40QNYW
33759,B00CKVQRUE
33845,B006FKR1PG
33928,B00B3TVYAW
33929,B004K1EZDS
33937,B005I6ZOJ8
34051,B0088TAZ2S
34075,B0027VT6V4
34121,B004S61272
34294,B000068O0U
34318,B003B4BBFK
34336,B0002M792S
34490,B0098FSJ92
34561,B00HRO3IBA
34570,B00AFSN9MS
34635,B00E452KW8
34702,B00BWF5U0M
34733,B005AJX9MW
34804,B008EQYRRY
34815,B003D5MY5I
34830,B0040HYMI0
34834,B008239PX0
34876,B004JU260O
34923,B00C2HQWYW
34981,B002IUAUI2
34992,B007PX79AO
35065,B00CGUMR2Q
35086,B002KETE24
35087,B009413ZVC
35202,B000UE50O2
35457,B009USAJCC
35478,B00B8BVW34
35563,B0040JHMHQ
35569,B000BWRIE8
35606,B00E4H8FOS
35659,B002S8D2QQ
35730,B0014GVZS0
35755,B000BQ7GW8
35870,B00001P4ZR
35902,B001P86SQG
35913,B005ARQLQK
35970,B0044VP3A8
36022,B001TH7GSW
36194,B007IACN5U
36266,B00CE590Z0
36326,B008U12856
36331,B007JNHXXI
36356,B003L1ZYZ6
36438,B00GNTIDH4
36589,B003QA5LA0
36698,B00BFIJQ10
36770,B009JXH8TU
36789,B002TELP9A
36793,B0027YYMU6
36824,B002AQX180
36842,B00GM180S0
36953,B006R3231I
36986,B00BIRKEA0
37015,B00C9TEBJQ
37044,B00DYQQSSK
37221,B0097NPQ8W
37241,B004O0PAKW
37360,B004SHD7JC
37464,B00FEE7B1I
37550,B008Q3CEJS
37566,B00EUCNH9A
37575,B005ILWY9G
37596,B00000J1UQ
37622,B0076POAJE
37671,B001MYASTG
37861,B009MI4GY2
37871,B0007WRQQC
37994,B00FXYT12G
38041,B00FSDKBYY
38135,B00023433U
38178,B000WUIPVE
38220,B00803LQ9I
38346,B00IYW96OW
38364,B007X6FCWA
38377,B00006B81I
38397,B0049U3XNS
38403,B001L6LG5K
38406,B00B1D03GQ
38422,B001B04Z5Y
38432,B0009PEU3Y
38434,B008RJZQSW
38457,B00029X1O6
38514,B0057OCDQS
38521,B004N6259G
38549,B00032BOLO
38574,B004T0DNJC
38693,B004HZBJRM
38733,B004Z4FBE2
38786,B003VX3S3Y
38799,B0048IW030
38801,B005NF5NTK
38852,B009SK57HY
39020,B00J3KA814
39042,B006ZP8UOW
39106,B00B59NX4A
39135,B009CN8VNY
39188,B000AA2SMS
39332,B00ANYXY4W
39333,B001IAWBIK
39391,B00006IRS3
39445,B004Z0S6RU
39462,B00AYA31QG
39464,B00J2LIF2S
39540,B00AZULAHC
39542,B00636FQ86
39689,B003LSTD38
39733,B0013BC7XS
39747,B004WP0HH0
39753,B0062IPIPQ
39895,B00GS8LNI6
39905,B00BWTYMPM
39917,B000GATQX6
39934,B003NSBLOK
39994,B00DTGFZNE
40014,B004EIUTFK
40032,B0055QYJJM
40056,B00C5368OC
40099,B000BR2S34
40200,B004HKIB6E
40229,B005QVY2YS
40269,B00A7J2RPA
40273,B00009W3TZ
40294,B004NNRQVQ
40445,B00EU9V3YO
40455,B0009Y7APU
40459,B00CMKOVMO
40513,B0046ID0G8
40547,B001AYGDCE
40551,B00BJIWK4G
40585,B00DIUOAO6
40695,B00006HOKR
40699,B008JJLW4M
40721,B001NJTZUS
40737,B008DFJ5QE
40752,B00AG1E86U
40837,B00DHW4HXY
40849,B008U5ZM6E
40921,B005HXFARS
41045,B00BBIQTBO
41062,B009T0NFXG
41109,B0009HN57E
41127,B002O9QM5C
41129,B007OCJWTM
41137,B00BLRJMQ4
41250,B001F7AHOG
41453,B003MTTJOY
41457,B005ARQV6U
41645,B0046SQ8VW
41708,B000V4PZBY
41831,B00BQH8UEY
41876,B0041MY32Y
41957,B000EF1JGA
42012,B0002BEVAC
42058,B009L7EEZA
42128,B009Y7PUWI
42138,B008H4JLTC
42294,B00004X10B
42298,B000LQMKDS
42341,B003R0ILX8
42446,B003E2O41M
42451,B0030L3B8E
42487,B00022VZ0K
42572,B00HULQO84
42582,B00BUXERJQ
42592,B009X3UW2G
42647,B006AR1QAA
42712,B00B0SXGMA
42739,B008D5EV3G
42801,B0092TWMLK
42933,B002HZW6WQ
42987,B002QEBMAK
42988,B005Q7L6QO
43060,B00FR6VL50
43081,B004BQKQ8A
43114,B0069R7OS4
43248,B00HZR4DNG
43297,B00C980Z2O
43374,B00CF7E0R0
43386,B003CH77U4
43396,B000WIK61I
43484,B001WB02Z4
43521,B008G2SD4E
43530,B004CFHKPC
43595,B00CO842KK
43618,B00F5NB7JK
43685,B000C42MLE
43689,B0042BZMG0
43744,B0050PL7SE
43750,B0099VB4YM
43759,B001QD8Q5Q
43998,B0040RWN0O
44029,B005EUTLYW
44124,B003ZSHNCC
44194,B009ZCDZ42
44239,B00CRB9CK4
44253,B00EIQTKAS
44262,B000A2TEWS
44273,B00005T3GH
44328,B00DWV3NM6
44359,B000WXH1Z2
44392,B002MAPSB2
44469,B008UGPBXM
44490,B000N26QVW
44520,B006HUMYCO
44564,B006P1QWOQ
44622,B0088CJT4U
44641,B001SDU6HK
44679,B003Z4G3I6
44713,B00EY50IL8
44785,B008V6TOG6
44824,B0002A9U7M
44879,B004RD4KBG
44890,B004S7Q8CA
44984,B00G0UARLQ
45166,B007ND42QK
45198,B002BBFWFO
45284,B00BI9X7UC
45354,B0013LOUC4
45361,B000MX3FOS
45374,B001MQ4OSK
45493,B00BFYUWZI
45554,B004YG7JV4
45588,B003Y2Q7QM
45604,B00894YP00
45608,B00E9N38EY
45666,B002EOD52A
45691,B00EAZSBZC
45731,B000652M6Y
45793,B001EBE1LI
45870,B0078LSTWU
45896,B007TEE90W
45952,B00DVT373E
46002,B003DVWRZE
46054,B00DWORCMU
46109,B007CSRJN4
46353,B003NGEDZG
46409,B003CP0OT2
46451,B00C5A6GOM
46558,B0050MRM40
46567,B005I7UQ4K
46570,B000GAS3K8
46603,B0015AAYZA
46699,B004SUO068
46722,B00AJHCPYI
46724,B007Y61QV0
46734,B00A2WMONW
46778,B00G13DYKI
46812,B001O4EPHA
46903,B008J1IPGS
47036,B0084ZYI88
47046,B00I86VZBG
47087,B0025VKUPM
47125,B000CRFOMK
47136,B000ASNKZY
47173,B00569K7LM
47252,B005PUBDSS
47377,B007HBLXI8
47395,B001T6K7G6
47405,B0052R7EJ6
47452,B00EPPSN50
47487,B003ELVLKU
47538,B000I1YIDQ
47580,B00DK2VX42
47623,B003CVOK28
47681,B00HQP6GUK
47685,B004EBFCOA
47695,B004RORMF6
47727,B0032FOKT2
47752,B005EOWBHC
47775,B0040FHB6C
47865,B0028LK6IU
47870,B007ZYUO7I
47968,B008U7VJ28
48076,B00BCGRRWA
48123,B0057CVH6W
48257,B000YZGCIU
48259,B0002EXJIY
48401,B001DJ9GOS
48412,B003VAHYNC
48427,B00F6X89SG
48441,B00A7U15V6
48503,B00A9044GW
48516,B001P4LBNK
48551,B007WT9SSC
48571,B006Q4EK7S
48691,B00C88RHUS
48833,B005AAVNQU
49038,B001FA0AYA
49106,B0014D2WGW
49178,B001S2PPT0
49209,B004675YOK
49243,B00006HSHY
49252,B000329HEK
49263,B0016IGN2Y
49356,B0047AFZXG
49473,B003U7KXI4
49591,B002VYWQ1Y
49723,B000A1SZ2Y
49828,B00BBD7NFU
49870,B008TLQ5RY
49965,B009RTV66C
49997,B001TH7T2U
50033,B001A5V1K2
50041,B004FLL5AY
50106,B0007U0GZM
50192,B0080DTIJ8
50336,B005CT56F8
50342,B003FXM4IA
50382,B000VE0ME4
50465,B005CLMJLU
50511,B002VKVZ1A
50574,B00C20FV78
50599,B004QK7HI8
50632,B00H2D3N0M
50661,B00BCGROJG
50678,B0007Y791C
50698,B00B0E9I4Y
50771,B002IPHA0I
50880,B00E1HIVG8
50914,B000FFLWLQ
50928,B005NTHXYY
50957,B00ANKMNXO
50991,B007CZIBV6
50997,B0092UBLTI
51035,B007X9QIXO
51054,B008YDJHWM
51230,B005ONMDYE
51232,B00BL6IIBU
51252,B000I23TTE
51299,B00884BPUE
51318,B002V8PUZO
51532,B002KN158Q
51622,B00A71CMDU
51646,B00004ZCJE
51719,B007P4YAPK
51720,B00E7O1ICO
51745,B0042LQWXW
51834,B003KN2TEY
51845,B00CZ7Q028
51883,B00547IQ8C
51999,B007Q45EF4
52034,B0063X3HOY
52168,B0000BYDKO
52182,B0084FM5JC
52231,B001HJTK5Y
52371,B009NHAEXE
52381,B0056TYRMW
52420,B003E4RP8E
52448,B005FJ7OF0
52518,B0055QYJKG
52526,B00ACVI202
52651,B001TZWNF0
52659,B004F1MU6W
52715,B000WJEUX2
52729,B00BZHAVGU
52749,B004SUO1QM
52842,B00BTMEIM4
52913,B00427FDHC
53005,B0015DYMVO
53025,B0019EQ1RW
53046,B0007Y794O
53071,B00A35WYBA
53196,B004MC3ON2
53213,B00DYQSZ68
53261,B002IKLJUK
53388,B000UD3NTC
53395,B006Y442AU
53497,B001O0DOBW
53590,B0007MWE14
53604,B00CRJVZOM
53720,B007ORX8ME
53777,B0012S4APK
53848,B00CK6ZRE6
53853,B005BZNEKM
53931,B000SKT2MO
54022,B00826FKRW
54289,B00A771ZVY
54304,B00BSPH572
54348,B002DW92IE
54350,B004YG4J9O
54363,B008RXYOKY
54403,B00G5N0T1Q
54556,B00140DBRY
54584,B00A8XAVX0
54628,B0007UQNRW
54649,B0034XRDUA
54669,B003N1ZTC2
54721,B005BKMHKU
54749,B008BBOCO0
54809,B0080FFZ8E
54837,B006G5ZVA2
54904,B004RKQM8I
54962,B00CHFRL44
54989,B005PSLFGA
55032,B009O7YZ7O
55045,B001G4VSB4
55104,B0058M0R80
55113,B00B1928FE
55142,B00416M48A
55253,B0019X20R8
55365,B00GLZYG5S
55411,B004X28I0A
55579,B00CUM6JN8
55644,B002ZKTCUW
55655,B0046SHLBI
55738,B009WXJ9RQ
55800,B009M27MB2
55832,B001RQ4Z7A
55852,B00EMKPKUE
55884,B007YK0FLS
55953,B00GS80OQ8
56154,B001OCY3RY
56206,B0015TJNEY
56285,B007RB0J9M
56312,B008THTWIW
56482,B0001MKU48
56648,B008F29MZ4
56655,B0018P7WZ2
56668,B0049SCB2Y
56751,B002I2LD40
56768,B003VSTDFG
56806,B00HFRWWAM
56810,B00CNVZDBK
56921,B000ELSXFY
56951,B001XZRTFU
56972,B0002LEMWE
56985,B0002YE6FY
57071,B0080DR3KE
57094,B003UE52ME
57167,B008HU9POC
57183,B003DSCXEW
57210,B005003WAA
57344,B003VVH8Y6
57360,B0062K951C
57362,B004861K1A
57538,B00B74SIPW
57593,B003SQEAY0
57600,B0088PUEPK
57616,B000A6PPOK
57692,B00079LOTU
57773,B0039BPG1K
57803,B006OEL7Z8
57818,B004CAGDUA
57905,B007U16ODO
57939,B005J7YA3W
57954,B008QN6V9W
57957,B004YDUZ22
58034,B004TGR89C
58125,B0007LCL6S
58235,B0079M711S
58253,B001NJO6AC
58278,B0085IZVOE
58378,B007TSREF0
58404,B0047ZH0B6
58449,B003XC19Y8
58496,B009A6PJKQ
58618,B0016RNX2I
58634,B008P7YX4Y
58670,B0096239FG
58781,B000V1VG2O
58952,B0000AAAYH
58953,B001J85BS8
59060,B008KVUAGU
59104,B003A7C9WM
59222,B008Z2661W
59245,B00FE8MKTM
59272,B007BY3PBE
59285,B00C6OBW1E
59315,B003OC6LWM
59327,B00004Z5D1
59334,B004VTAVLE
59396,B0002JUHS4
59407,B000VC7EVU
59452,B001O9X9EU
59461,B00AR95H0W
59509,B004RDDLIE
59518,B00AZR68FY
59592,B006ZZUEYQ
59600,B00AAIE01W
59635,B00GA2PLD8
59766,B0064R9H2A
59770,B007VTYYHS
59788,B004MF11MU
59870,B007HISGRW
59877,B009QHOCV6
59990,B0002U1TJY
60001,B00836XRZ8
60048,B006T9U47A
60086,B0079U1N00
60091,B00B3329WA
60102,B006WG12H6
60153,B007TYUTY2
60212,B008B9FI5E
60215,B00CO8TBNS
60225,B002UACM0Y
60315,B00AEF7RLG
60373,B001KB6Z2U
60433,B004IYJX0M
60471,B003YVJJ5Y
60549,B009XBPY9Y
60743,B004P15HD0
60754,B008AST7R6
60812,B004XXMUCQ
60820,B007X5MZKS
60824,B001L1H0SC
60918,B002N7YCHA
60943,B00B30N7AQ
61075,B004URDE5M
61176,B00E80LPWU
61192,B00006JN3G
61194,B009OZUPUC
61290,B00CUIVSNS
61319,B002LCT96Q
61352,B00B87BCGK
61392,B00E44B18I
61406,B00ANJRYDE
61417,B005HMUAY2
61418,B000A36LQ4
61453,B00B43LKV0
61522,B009019KR4
61571,B006Z69SG0
61588,B009XE0504
61628,B002IWEDSS
61629,B0016LFN2C
61639,B008FO7PQA
61648,B00DFPOV3Y
61693,B00D1YKHT6
61817,B007YUISN0
61823,B003M0NURK
61899,B00004ZCKV
61915,B008CXTX7S
61932,B0080DTOV0
62006,B008467K1E
62045,B0021O9KCM
62085,B0018PVVB8
62106,B0015C1VH8
62164,B0049P6OTI
62209,B0052YQE7C
62231,B001JT3DYQ
62254,B00DPC015E
62262,B001B8RSAK
62308,B009LI7C9Y
62385,B002TZ4CRG
62390,B00466GPQ2
62394,B00AMAJGOO
62395,B00003CWDH
62472,B00AHNEKDS
62555,B005S0XYKK
62578,B002TLT10S
62730,B002VPE1QG
62743,B0000BZL1P
62964,B0087OV77G
63011,B00E1O9DIG
63040,B002M3SOM4
63215,B004PAA876
63243,B0097252UK
63257,B00721TUNS
63290,B00368CIBC
63337,B00A14ZW0I
63339,B003U3A428
63395,B004CHNKE0
63407,B005IAXVMG
63439,B002SZEOLG
63475,B001LXMF80
63531,B00EL93M3S
63652,B000FBK3QK
63697,B00CRJSWPC
63745,B004I5BUSO
63796,B00FD5L646
63812,B004RKQMCY
63817,B00FK32GA4
63874,B000E43GOO
63973,B004ZIA7WE
63976,B001NS0OZ4
64073,B00BP5KOPA
64111,B002ZIN9DU
64154,B0043T7FXE
64198,B005KOZNBW
64224,B003UA7636
64281,B000X3FAJU
64302,B001S0PWWC
64459,B008YL8GLW
64489,B0073B3LRS
64753,B0039BPG1A
64900,B00HLV7ZMM
64951,B00AAKLE4G
64987,B0068B7VSO
64993,B00DUN2PBQ
65078,B006TR0FCQ
65102,B001OZFCI0
65162,B007NKOC2W
65191,B00EUB6K4A
65305,B0047T79TA
65331,B00EEECKXS
65417,B009DZBZJ8
65452,B0054RJAVY
65466,B000092TT0
65531,B004536LUG
65596,B002UT42UI
65648,B006EWUO22
65708,B001XURPQI
65835,B0038W0K2K
65843,B002KJCFAW
65849,B00FS96DJK
66000,B0096YOQQA
66021,B00BOV5WQQ
66102,B00D7BYMB2
66129,B004616OIQ
66181,B0046T4W14
66258,B000EOSHGQ
66268,B000BSJFO8
66271,B008X6C4I4
66405,B0055EW3WY
66458,B00F19Q7YI
66512,B00A60O5Z0
66518,B004SBBD8U
66542,B005AUJXLM
66663,B003MB0YDC
66757,B0076NA716
67016,B008FJJ66C
67056,B0034TSO3E
67078,B004SVIQVM
67083,B0065GF5W6
67173,B009ZM75GG
67365,B00066HPUQ
67535,B001P4F064
67558,B00ITYLPSU
67592,B0099XBO5E
67639,B00E5HXJEI
67649,B003L18WTQ
67688,B00DTPYRKC
67708,B0092HP3EA
67771,B00CKNOVLO
67797,B008XQEQT4
67951,B003XE3X8Q
67954,B004LPW2LA
67976,B001H4B0AC
68050,B004RBX0GO
68076,B00FFJ0HUE
68138,B00B8DRG9Q
68147,B005LTG4QO
68228,B0019SHZU0
68259,B00CU9GRSS
68322,B004ZEZGE2
68323,B007Q2RGYS
68426,B003G2Z1M6
68436,B002HJXGFS
68467,B00DIK69EA
68484,B001UE6N6A
68485,B006J1ZAR2
68486,B00111V2Y0
68496,B00F4IRQNC
68567,B00DZLSEVI
68576,B003FVNC0Q
68578,B008HO9D7M
68595,B000VA4CK8
68659,B004QDN2ZC
68671,B003OBZ1PQ
68675,B00DDNIX9Q
68863,B006PAY8TS
68895,B0069R7FFQ
68943,B005UA3I72
69043,B004Z55VP0
69056,B003PFKIEK
69101,B00B4PJC9K
69111,B00AAXPTTO
69135,B00083Y4B0
69176,B001D1UTC4
69227,B00760XXMY
69244,B00A2BWBCM
69320,B00D12OBEU
69355,B006V5YZKO
69382,B009LQU49Q
69486,B001HN6CVA
69596,B007XOQ3BQ
69622,B009WA115M
69685,B00ESCR2KM
69878,B00JST2QEW
69949,B008K3YBGS
69979,B000WOF5L8
70002,B004AM6SQY
70061,B000IXP932
70065,B000S675JU
70075,B000MQOMZG
70094,B0092TRAXK
70239,B0054U2GEO
70259,B004OB0EBQ
70406,B00B9996LA
70446,B003E2PUJ2
70466,B003VTZ0AC
70503,B007OAHDTU
70510,B004J5FTOO
70601,B0013DXVYK
70606,B00CS3PHZK
70610,B007VWZVB8
70840,B001G42EHQ
70885,B004QVPGXK
70994,B0062CBCGG
71093,B00A5URO7M
71165,B00F2ENU92
71208,B007NJ0S1W
71236,B00474ZUU0
71290,B0044TGDHW
71327,B005B0A6ZS
71341,B000O161X0
71350,B001ACNVF8
71397,B0077EVNY4
71414,B007HFPSPI
71481,B0042GAWTC
71498,B008ALAHA4
71539,B007AB92DI
71562,B001OQEBZ4
71623,B009HP42HQ
71653,B001I4HF8W
71701,B00F6S0XGW
71755,B0088PK040
71958,B000CSP8IO
71959,B00BOHNYU6
71979,B007SZ0EHE
72083,B00B7HW8YG
72122,B004H8FNGM
72133,B000HDJY7K
72173,B00640TNYE
72204,B0032UIGF6
72246,B0040723AO
72270,B002O3MVYO
72436,B00969J3EU
72500,B00DW374W4
72562,B00EZSUVHK
72598,B00B71FJU2
72698,B00GAYC3SW
72736,B003S68Q0Y
72780,B007IRBNRW
72824,B0013D51FW
72956,B00556O4KG
73021,B0097BEFYA
73026,B0035IV81E
73203,B00B46XUQU
73229,B0083PR7N2
73271,B00AZFASG6
73347,B00CL0R2EE
73410,B00BD25HJS
73462,B004TQ8T5O
73568,B002HQWN28
73700,B001GTT0VO
73712,B005FU5L40
73753,B002DW99H8
73772,B002K450SG
73787,B00B8PRSNI
73801,B002AH2A7C
73808,B003MQO96U
73937,B002YKPX6U
73956,B006IJHK96
73960,B001582RZ2
73978,B0049PTNUK
73984,B003AUUGP6
74033,B00AYT76IQ
74051,B008JCVF0U
74096,B0026ZPFCK
74116,B007NZGPAY
74168,B002ONSZPI
74221,B000GL3MOY
74279,B001ISKNKA
74324,B001NJQ5PG
74370,B0041OSQB6
74528,B0098WZW2W
74610,B007R1SN36
74627,B00FFF7DAK
74675,B000EEZCEG
74778,B003GU0ZXI
74817,B0030BZ7HM
74847,B0016MF7W2
74861,B002ZV51DI
74928,B004PJN82E
74933,B001U0O7T4
74983,B000VB6U1Q
74986,B004DF1E9E
75015,B00EHD8J3Q
75032,B005I9IM4E
75066,B005KJH8WO
75135,B004VRJ3E2
75162,B002WLAMRQ
75188,B003BT6BM8
75379,B00BW0QC8G
75427,B001G4QXLE
75439,B004WR125O
75447,B00006I53S
75502,B001JT0CGI
75536,B005LZR0DO
75587,B00AAIPVH4
75843,B00AFXIBEE
75873,B005HMKKH4
75917,B002IUH6QQ
75946,B007F9X9OI
75994,B00BXF5A74
76016,B004H4IEI0
76044,B008FYF60W
76057,B0079R2MH6
76118,B0067S8IZ8
76122,B001W0E37I
76129,B00CCI2UCY
76155,B000CIY5NS
76179,B005MTME3U
76229,B00AGA6FLC
76244,B007RHT3VG
76385,B000EBRFDU
76416,B008J279NW
76467,B0011UB9CQ
76469,B0080DTFIM
76516,B00G3TFVT2
76534,B005KTRQU8
76563,B0049VVQ9U
76608,B0002Q85UO
76664,B007JPOX8O
76671,B005I2IVB0
76676,B000J1DA3Y
76695,B00BD7UXT2
76863,B00DKFFG06
76883,B00E3W15P0
76899,B003DWXST2
76903,B0002J2MV4
76953,B0000AI1FZ
77026,B0017SJOH4
77067,B001EUEVX2
77211,B005FDOG6G
77218,B0002Q7VO0
77225,B001V9KG0I
77233,B006P88VSE
77462,B00651CLCS
77528,B00HIW1E4Y
77580,B005QX7KYU
77613,B000VE2RP6
77642,B008G1BYBO
77653,B001OMNJMO
77683,B00264NZWS
77738,B00CO8TBR4
77803,B004CGHDEO
77841,B004JMZPK0
77854,B002KMWOUA
77858,B005HMO6A6
77871,B007R67FNA
77952,B00F19Q8DS
78033,B004431UBM
78041,B00CXIY468
78064,B004M5H660
78077,B003ZX1M88
78078,B000X3KOD2
78126,B003QH2MY6
78153,B0089E2FZC
78193,B004JN55JU
78228,B00EWF05EU
78249,B006LSQW4I
78263,B007UXNHRS
78380,B0018O9JIG
78408,B003I72X1Q
78421,B005DEW4BQ
78446,B004ALEDA8
78453,B002UL5W4G
78474,B0009SUEX6
78564,B0059AK8HQ
78573,B0042AVYUO
78620,B00CD8ADKO
78630,B009NB8WR0
78644,B005YW0Y3C
78674,B00CBPFDMM
78679,B005167MIG
78737,B001E1Y5O6
78742,B009K5XZA8
78932,B000JC8WYA
78943,B003TFEHHU
78952,B006U1YUZE
79082,B003W21IJU
79091,B00AM5JTB4
79138,B002HU629E
79139,B0044Y5UO4
79147,B0016P392O
79224,B009VR4NFG
79264,B003XN24GY
79293,B003USYPX2
79408,B004M8SVAM
79419,B00IHV5E00
79440,B000ZD0CV4
79455,B00264GKVQ
79531,B00006JPA1
79570,B002IKLJUU
79622,B0083F1RN8
79669,B000IF4788
79757,B006LX2IU0
79866,B0001PFQAI
79902,B007RS70HO
79921,B004BR3U78
79972,B007QUBT4S
79982,B001HA0KZ2
80139,B000F28DP2
80161,B000T8PTLI
80177,B00857BAN6
80196,B00004Z6ON
80201,B005K7192G
80231,B001DUQU9G
80254,B00008T1TZ
80258,B0007WQ8MU
80341,B007SQZM7K
80349,B0027P9BMO
80350,B007BVADOY
80427,B0013MWT2G
80550,B002XZM0I0
80563,B00DFEXXPM
80632,B00BW0XDU6
80697,B006Y441L0
80765,B00EBPNCTQ
80793,B000069DOV
80873,B005LFB2NI
80890,B00B5J73J6
80961,B001GS8FZ2
81017,B000NUYW92
81027,B008YJ462M
81110,B008OHNZI0
81123,B0074BW614
81320,B00B4OWULS
81410,B00IEZGWMS
81580,B0031GK3OI
81596,B005WXQO3W
81600,B00D405BO8
81615,B002HREGRM
81673,B007LGD6HA
81735,B006UMM1PO
81754,B003N8GVUY
81903,B005Y8BYOE
82026,B004EFLMAE
82048,B007NP5QSQ
82118,B0011YZJPA
82148,B008B061SQ
82164,B00CGW74YU
82167,B007FGH6Y0
82235,B002OVQN4U
82465,B003679UF0
82482,B00DIH8OOQ
82550,B00F5NB7MW
82611,B00DUHUPCS
82658,B004EK9ODG
82702,B009RV2B5A
82818,B001UNM414
82834,B00CKXYG9G
82861,B008NCA6RO
82866,B00HMRHC6Y
83081,B00AWKC0JM
83134,B000068O53
83157,B003XIJ3MW
83172,B000F7857S
83197,B008ZSICT0
83243,B00AH58I0C
83371,B00505EZYM
83447,B004IVAPM0
83458,B006CVYUZW
83506,B00EZ9XKA4
83546,B0052YFYFK
83589,B0057JFO9Q
83774,B00C2MLCJM
83781,B001AD0QPA
83830,B004M8ST5Y
83872,B003VWY0VY
83998,B00407ZNE2
84002,B005MHN6K2
84020,B00BLCVD9I
84094,B009JGNUXK
84287,B0001MHZM8
84323,B00COW5E3A
84335,B00DMS0NGS
84363,B00478TT1C
84431,B004MKNKQA
84485,B0012ILNK0
84562,B0011V1KZ6
84657,B007ZW2LY4
84661,B0085MPDCU
84728,B001QWRT3C
84748,B002ADO588
84874,B009KM7IN6
84898,B003TY54IW
84963,B009O7YORK
84973,B00FNPD1VW
85007,B003A6H1OY
85013,B0002WPSCG
85072,B009LRR5AQ
85253,B00AAZ2DIM
85284,B007VL8Y2C
85286,B004LTEUDO
85298,B009LPMXH8
85314,B006DUDWXI
85318,B001ASU1QO
85406,B00CHKQ28U
85454,B001RQ2HWK
85491,B00F4L3YZS
85539,B008BU9MZU
85591,B00AIWFNUW
85629,B008IU77GY
85751,B00DVPGBDG
85772,B00B2QK2H2
85829,B00C74ONUK
85836,B005CPGHAA
85862,B008N6FLZC
85877,B0057Q4ADU
85959,B003N5CARU
85991,B00J4E8KI2
86030,B003CH1SJU
86048,B005FVDT4I
86115,B0084JFLUS
86191,B003V36ZMK
86310,B00F3F38O2
86356,B00AF9ELDI
86424,B00FJRS5BA
86456,B001UEBN42
86468,B003CQB37S
86505,B00BBAFUOY
86508,B00554PCDG
86544,B0035WTD2G
86548,B0002GX0ZE
86643,B002HWJT1A
86703,B0090BTY8Y
86720,B00322FGSO
86731,B00411KT28
86770,B0000DIWUO
86825,B009IBXIKG
86914,B004U9AU8E
86916,B003672SQS
86947,B00C9USP8I
87004,B007UMLEWO
87032,B0002BEX8W
87046,B004X8EODY
87073,B002HGFKR8
87324,B000TXEE14
87405,B0038KN3YY
87495,B0002F8SM0
87529,B00DW0LGF8
87576,B00A0HZOEA
87681,B006OS6UAG
87711,B0096HL8JK
87725,B007UNULT0
87733,B004P8J3U6
87751,B00D6E5LME
87807,B00D64K3KY
87808,B00077IG3O
87901,B005LJQMCK
87947,B00000JCTO
87955,B00006IAAM
88059,B005NJNO5Q
88122,B00A83XUM4
88173,B001GN3SGS
88177,B00CD778LC
88264,B007YWMCA8
88277,B002WQL9KA
88339,B008M2V9IK
88426,B009TZTGWK
88486,B006JW6M2I
88505,B009SD74H2
88607,B0011TR71Y
88643,B002VC9F0Q
88691,B0096WDK0K
88714,B002G1YNR2
88719,B0013LRSRS
88764,B00746W3HG
88979,B005VSPR5E
89034,B003LPTAYI
89120,B0083WGXTO
89150,B004NY9V0O
89169,B00017LSPI
89179,B004VM1T5S
89223,B000OV7MY2
89260,B001KBZ3QO
89343,B00009UT28
89370,B004XFGSTA
89407,B0071N66T8
89457,B0062U2M4E
89466,B00005V51P
89597,B004I4YPB4
89616,B0090I9VVC
89619,B00C4TN8FY
89637,B0088LYCZC
89814,B00DWMPM92
89850,B004SHC16W
89859,B0085SNMYA
89910,B00D7IG556
89966,B00HEIG7G2
89992,B005DKZTMG
90109,B0087NZ31S
90252,B00000JDF5
90255,B0032JRRXO
90270,B000V7AF8E
90285,B000067S60
90447,B000300Y9O
90457,B00FPUGN2O
90628,B0002D6QJO
90647,B00FQOXC14
90672,B000H9J3ZC
90710,B003Y30334
90790,B00E3O1D0U
90796,B0062EUE54
90810,B00BPMOAO4
90814,B0017U3BSA
90865,B002KOGQEI
90870,B0000BWE96
90882,B004L9M0B8
90893,B004S4XNEO
90909,B0007PRAX8
91020,B005FOQTOC
91119,B00F6PRSMW
91135,B00966IOXE
91139,B0046W7Y84
91144,B00JB40498
91196,B00CO07C5U
91320,B00BT7RAPG
91393,B0052CGEOM
91396,B004WB8EYM
91498,B00BGRMFD6
91561,B0057R38AA
91710,B0006BCCAE
91745,B004CRSM4I
91772,B004EGG3V6
91779,B00AWKBZ0M
91784,B00EWGSGSG
91797,B0036R9XRU
91826,B009YC3Y08
91854,B0084NQGGC
91863,B000EZV3T8
91914,B00F9RKNUG
91977,B000M87F0I
91979,B00BQ4F9ZA
92009,B000HPV3RW
92041,B00GAKX34E
92114,B001Q5EBRQ
92177,B00CPAAHIS
92244,B007JPVT8G
92257,B006OSQALU
92340,B000P8XLFS
92351,B005LC2MLC
92394,B008BW1Y2M
92443,B0067PLM5E
92473,B00DCEECKU
92544,B00475K64E
92562,B00CQGTS04
92584,B003USPP5Y
92611,B00BSEX57M
92625,B00B3Y4U4E
92635,B00AED7X6W
92745,B004F38Y7Y
92773,B0048IATQ0
92860,B00CF7AAIS
92879,B005D2JE2A
92964,B005EORRBW
93010,B005N8W1MO
93036,B0032FOKRY
93108,B007KZQMO6
93140,B004ZMVQRA
93203,B008ALA6DW
93229,B00EMHM622
93235,B00B91KYV4
93236,B0018MEBNG
93240,B004YIFKRM
93343,B00AU0HMGA
93383,B002FGTWOC
93390,B0044YU60M
93429,B003KNO1QS
93568,B00A9S3OOC
93658,B00G57BN1M
93719,B00B8L36A6
93724,B000VX6XL6
93789,B00CF5OHZ2
93792,B00COVC8G2
93831,B005FYNSPK
93834,B005D6D6DY
93992,B0090X4FFY
94012,B007HBLX8I
94118,9966694544
94228,B0075W8E4A
94291,B0089ME3CC
94322,B007SLDF7O
94382,B0036V5DGG
94498,B008D66RGO
94575,B003PJ34OM
94585,B00022OBO2
94688,B0089VO7MY
94690,B00BI3WX9O
94700,B004R7A9YE
94742,B007HOKH2I
94759,B00605XASS
94875,B00378KHUA
94895,B000JE7GPY
94903,B005PO9Q0G
94982,B009T8BCD8
95128,B0048F3RX0
95132,B004ZL9ZPG
95173,B00535CMEE
95258,B0018LYCYK
95347,B00D6LKZEQ
95477,B008BC1U4O
95563,B0012G991W
95602,B0042BUXG4
95604,B0000AQI9E
95691,B005JQEXQM
95788,B004QGXWSQ
95835,B00BGKE8Z6
95853,B00760VRCM
95914,B00D05XSMY
96078,B001UE6NHO
96131,B0052P2C4U
96254,B006TTQGF4
96341,B00009V332
96415,B00CRJSV9O
96419,B00BOHNYTW
96510,B0099UPF70
96606,B00B502WQ4
96727,B002DIGMZO
96740,B002U1ZBG0
96816,B009T5FY44
96859,B0039RNGNY
96866,B00252XY04
96882,B008UAW6W2
96916,B00D65R43C
97047,B004VFLF1I
97087,B005CG2ATQ
97134,B00AHKFDWS
97137,B002LU80QS
97146,B00CTUIT20
97282,B0080TCOWA
97408,B000N99BBC
97439,B00FRDIWXW
97475,B00CAYV5GM
97529,B004YW7WCY
97558,B007MDFPE4
97613,B00066HOS4
97694,B004D5PFGW
97724,B007R1FH3K
97776,B00077INZU
97822,B004K8N0LO
97930,B00117OV56
97938,B00D601UC8
98010,B006Y0YZZ6
98074,B000OGX5AM
98148,B00IV6F442
98150,B006UMMPGE
98163,B00966IU4M
98242,B004LB4SAM
98259,B005CLPP8E
98306,B002Y6CJJ8
98326,B005B28DOM
98455,B0019EHU8G
98469,B00JDLAK8Y
98492,B0096R4HSE
98558,B00006HYP6
98570,B006XXQRSM
98600,B00ELAM8LE
98635,B004XF3EQA
98707,B002V3SWFE
98876,B00A94444K
98951,B0047P0QLC
98966,B003V77GAQ
98993,B00723KZTY
99074,B00EZD5AFI
99115,B008DC9E8Q
99167,B004V94F5C
99189,B0082IX6MG
99219,B005NJJWVG
99222,B009LL9VDG
99271,B004JKBVBY
99277,B004Q72PEM
99387,B003XP9G6S
99391,B003SNJA8O
99476,B00945RAQY
99565,B008RZ0EQ0
99584,B0002Z455Y
99650,B00G4UQ6U8
99770,B0046UCD8W
99836,B0077QHF1C
99927,B00EYTUSU0
99944,B001IOHAVO
99958,B0041OSQ9I
100033,B002YIG9AQ
100071,B003VKZEL6
100109,B009Y3EA14
100314,B00GWFNMJS
100366,B00002EQCW
100515,B00GDG1KGS
100609,B003ES5ZR8
100699,B001CIREXA
100764,B00009R6UC
100813,B0064I3M0C
100825,B005KTRUS6
100862,B00365EVW4
100935,B009HU6RI8
100989,B000H0H04C
101132,B008LTBINU
101157,B004068AWU
101165,B00BV9Y604
101359,B00C18YUW8
101377,B00065ANYW
101402,B000BSLW8U
101438,B005CL106U
101448,B00FJ8JC3O
101489,B002TPL260
101526,B006R1SOKY
101545,B005T63BJM
101591,B00FQ9I822
101643,B009O7YUF6
101688,B004YTOJ4G
101754,B00EJ8CKGG
101786,B0072XTFI6
101810,B001TOD3KU
101840,B00007GQLU
101976,B004UE1W9K
102005,B006M4SIHU
102100,B004280GQ4
102155,B000F38GS0
102185,B004URTJ6U
102401,B0011U65F2
102412,B004713JLU
102426,B00746O3X8
102431,B000O8I474
102495,B009V17TH6
102537,B009YYSDSO
102601,B00BFRKYVM
102651,B003LRY9Q0
102682,B00BBGIT3M
102717,B001VRJ5D4
102880,B002DE3RYM
102915,B007PF3PY6
102924,B0087BL0EE
102955,B00IOMFAQ0
102994,B000UZL0YU
103010,B008YRG5JQ
103023,B007NFVGK8
103037,B00G4771IC
103113,B00B8P8IVO
103192,B0002BEX9Q
103203,B00AAJ0ZGK
103226,B00ECGX8FM
103285,B002M3SO0Q
103298,B006GII4JO
103324,B003ZYF3M8
103529,B002N8087C
103593,B00007IFED
103682,B003FVJYF8
103707,B0002BEQN4
103750,B004LEAYXY
103773,B00FLMKR32
103820,B001XURP7W
103864,B00CFORF4S
103879,B000V0ETA6
103973,B000067RT6
104048,B00E055H5O
104176,B00B7XQZQ2
104289,B00EXPSC7G
104415,B000O5U150
104512,B00A2DBHMA
104518,B009KFTOT4
104547,B007QXLIWI
104551,B002IFPY2O
104571,B0075SUHKI
104625,B0041EL7JY
104715,B00JZZGUUU
104811,B00AR0M7ZE
104815,B005UBNL0A
105032,B00AQ9RIAA
105147,B000H05WC4
105179,B0038XNTWW
105189,B005869XYK
105274,B0079MX4Q4
105322,B003307BYW
105340,B00ANJRTXE
105442,B0010K6TXQ
105451,B007JV5OWM
105471,B002NZVCRA
105608,B0099Y1QM4
105631,B00AIRUOI8
105660,B00D2LECXK
105663,B007476KRY
105742,B004W8C6VC
105761,B000QSM0WC
105787,B008UG6GCC
105834,B009F7E6IG
105866,B004H0BQOI
105892,B004RL6QUQ
105979,B00I5SW8MC
106038,B0016BVDIK
106061,B00AUXZQI8
106125,B00F19PYR4
106178,1400532620
106207,B003O2S080
106323,B0079R2MGW
106336,B0046L1PC6
106421,B000T8YM34
106436,B00A84NIGQ
106449,B00E3RH5W2
106486,B009CP4PIW
106535,B0030MITDK
106546,B00005LE71
106738,B009AYLDSU
106747,B00DWXJWJW
106764,B000GE898K
106779,B001E45XT4
106805,B004ZMG55I
106811,B00B0FR2QO
106829,B00B08IO7C
106852,B001P9EQH8
106947,B009AAR84C
107008,B00004WCGF
107062,B004HEEQDC
107082,B00C2MBG02
107170,B009KUE71O
107199,B00FJJ0BGK
107201,B002NEGTTW
107207,B00466BY40
107268,B007ZLN00E
107358,B007ZQVKYM
107476,B007P4VOWC
107521,B005LJKEXS
107559,B00AA48BZW
107638,B004GL8XBW
107789,B004OH3S3G
107832,B0011NPHWQ
107843,B000MX1QXA
107852,B001KNP3MQ
107890,B0050DXR52
107999,B001KBZ3NC
108136,B008I21EA2
108262,B001ELK2NY
108311,B004QBUL1C
108327,B00A2J4ROE
108489,B005IB57PE
108500,B00A1W44PO
108552,B003U7URH6
108573,B003VYH1UE
108658,B004TLH7C0
108661,B002XVYZ82
108726,B004C4U2XU
108753,B009BXXXL0
108762,B0001QNMBM
108812,B00HCWUUVI
108845,B003ES5ZUU
108910,B00BQ2Y0DO
109006,B0045TKC7S
109020,B000ID7QNI
109148,B004J52QCM
109244,B0073HD8R0
109245,B00829THK0
109268,B001U5U3HY
109272,B004HHICKC
109301,B00316263Y
109437,B004H3XNB4
109493,B000BP8QB4
109545,B000HLZXH2
109843,B004DTRYBW
109846,B00797A5GQ
109880,B0098PRKA6
109949,B00I8BICB2
109959,B004V4IWHY
110017,B004071ZXA
110047,B001OBVG5C
110125,B007QTN05A
110184,B001M547EM
110207,B0055WSPGO
110258,B003ZYF3MI
110359,B004QZFOF6
110362,B009BKVYZK
110481,B00932N46S
110502,B00029U1DK
110546,B005G66494
110607,B00DWFPDJI
110615,B002RCLYXG
110646,B000X1ZMW2
110655,B003VAGXWK
110656,B0037T16VS
110708,B00007KDVK
110736,B00DVS98XS
110795,B004NMF9ES
110848,B003ELYQGG
110885,B001D49TU4
111001,B0009JB7GI
111037,B00GNK0DU8
111043,B003D3NEFY
111044,B00CIYBXD4
111116,B00CRY250U
111145,B009WU5XUG
111181,B008DGO7Y8
111245,B002WE0QN8
111311,B004YKJ5TE
111331,B0002J5TGY
111344,B005Z5HT2M
111434,B008NBTIT2
111508,B001GOPWDE
111516,B0001GZ87I
111519,B008UHK3KM
111530,B00D6XSRL2
111547,B003GSLEJY
111579,B0057X4TWA
111614,B005FDOG1G
111705,B001OC3YB0
111708,B00CF1LS94
111732,B003GS8VA4
111833,B004O0TRCO
111923,B0033ZBBY8
111956,B001GQ2W6W
111993,B004ABHKZ8
112018,B00EFE9OAE
112040,B004SBI2MU
112067,B00CPR8OMM
112144,B0045EJZRQ
112151,B00B4GGW5Q
112202,B00B6QXWIY
112529,B0044TNPJQ
112613,B001AZX0WO
112615,B0077L2WCY
112693,B00B588HY2
112710,B005H3Q59U
112742,B009A5204K
112778,B005H01TX0
112787,B009EADB2Q
112797,B00CCYZ13S
112810,B0032PAOWY
113029,B008GAMNBK
113055,B00490OVM0
113105,B0082PVK8Q
113202,B003F7WXTG
113261,B001PM4KT4
113280,B000TMCSFY
113297,B0057AGM5K
113352,B001KN6WL2
113381,B007B31IAK
113431,B0040VGBYO
113436,B000GU8B28
113439,B00A5TWTK0
113452,B001NPEBII
113497,B00224ZDFY
113551,B001X50OPM
113636,B000G6UXG4
113698,B001M4HXB2
113802,B00834SJH6
113809,B00EE1ZH6I
113861,B007B5YUMQ
113898,B0049XGNKK
113919,B007PRHNHO
114105,B007DBJ2VM
114304,B00AYASHL0
114399,B0042IEVD8
114414,B0002KVQBA
114437,B0042X9L6A
114460,B00607JNIM
114482,B009F6X30E
114561,B0000511X0
114725,B000Y97Q86
114880,B0095QDUPM
114904,B007B8S4JI
114929,B005SPQ8XK
114995,B00AQDG9BA
115020,B00CPIF4G0
115080,B0058RN2AA
115099,B004EGI3CI
115304,B002E9GU22
115314,B0098HVXVQ
115344,B0034XRW3S
115432,B0091UW7F6
115434,B007VGGIB6
115538,B00009R9EO
115539,B00GVMKTPM
115599,B0043PDUK0
115613,B000067RC4
115746,B005AFP1AY
115751,B000P1O73A
115935,B00BCXF6JE
115939,B007X26S8Q
115990,B001F8SCRE
116002,B001Q9ERCG
116015,B003VS9UP4
116138,B007M58WWO
116180,B0081B7FXA
116223,B008A2OG3C
116255,B0095ONNTC
116347,B004U78J1G
116358,B003VTZE1M
116403,B0036FZJX4
116410,B001MRVG6M
116458,B004ICN48Q
116550,B009R6BIJ0
116592,B002UM7D2O
116597,B006ZS5ATM
116677,B004UG7RQ0
116679,B00F9K9A2U
116708,B005LUPX1K
116718,B004VACBHA
116890,B008B1125W
117020,B00BGYQB0M
117025,B0076ZS74S
117051,B004T8KZCM
117142,B007V9SNNY
117226,B004B6YGNQ
117309,B0096SNHBG
117466,B001K5R38Q
117494,B0083BVSWM
117496,B0006LSIIE
117552,B002ZVAXPE
117565,B00AHUIUG4
117571,B0099SGFZI
117637,B00FCISG6K
117640,B009GULE1Y
117643,B004S5H30I
117733,B00906HNZU
117749,B006M0SUE0
117838,B00947D6SS
117868,B008DI31PM
117886,B0088PUFT0
117888,B0013VDT3A
117927,B0018NEQFI
117996,B00GH752AI
118032,B00BHLVHVC
118109,B00A3OEW16
118136,B004P7VJWW
118193,B00E4B5V6E
118204,B008RF7I5K
118291,B005TWE6B8
118325,B008R9EA4I
118340,B00DDN0PBA
118432,B008D1JRIO
118455,B001RCMRYM
118491,B0007LCMBC
118509,B008NC9HOC
118535,B003UOIMBW
118543,B000EVLS4C
118581,B0050MM40C
118721,B000067RHS
118756,B00HTPHK5W
118776,B003I6718M
118809,B004KUCHT8
118887,B004F9LF7E
118951,B00005LEN4
119010,B00DQYAJ4E
119042,B003OSPCJO
119048,B0060RD32E
119098,B00CHIQ5OS
119137,B001MPWMDA
119147,B00AT74VOU
119293,B005G2F3FE
119383,B008RM235I
119498,B00AHWXQDO
119504,B008R00H5S
119564,B003FWHTTA
119568,B0043GF9DK
119595,B00B0AF4MI
119708,B000U1YBNQ
119766,B00ENPQ1GK
119793,B003M87A28
119844,B0085DZRDE
119918,B009M0TCK8
120034,B00BKXWESW
120109,B00BQ9FXYM
120111,B002PAX9QU
120135,B0081W7S5Y
120227,B00A74FN7O
120424,B008HCSEQK
120435,B007I7X1XG
120457,B00A77202C
120514,B00EBPNE3U
120588,B00K7807MQ
120764,B00A47AFMM
120765,B003QUNYQI
120943,B000O8WCBS
121023,B00BW6LW7G
121053,B00E0EY9P4
121079,B00BW6LZ5K
121084,B0074CISLK
121119,B003O1UYHG
121146,B006JWMOOI
121176,B0024I8H42
121216,B0002RBQO0
121302,B004ZJC9HE
121377,B00DGHDQVO
121396,B001RNNYDO
121462,B00FYOCC0I
121606,B003NUIK4M
121726,B004PYD950
121728,B000EPJOX0
121801,B009XI8T4Y
121821,B002N3DIC4
121840,B004C4WI50
121858,B0081EC08M
121917,B004WK3KKQ
121966,B005ITOAL8
121971,B007R67FTY
122086,B0012GE5DE
122139,B006LW0W5Y
122140,B00EUAFAF6
122162,B00856XEFO
122178,B000068O40
122266,B001RA1FN8
122337,B00CGYCNG2
122473,B003P2UMQ2
122640,B003TY8LRI
122646,B006V7Q438
122649,B006WXK874
122652,B00834SJSK
122703,B0093H4WT6
122744,B00BJ17WKK
122844,B00461H0PM
122919,B0073HSH8U
123106,B009NXOKOM
123205,B00ANEFZFI
123391,B0045DMA42
123431,B008AZJXDM
123449,B003FV5XGC
123473,B002WE4HE2
123484,B000EOOU6M
123498,B00112BA78
123519,B00AIBEBZG
123635,B000R9AAJA
123666,B00109Y2DQ
123667,B003M6FDS8
123690,B005DP9SHI
123701,B0078XHOWO
123742,B007IV7KRU
123879,B008B488DI
124007,B000MDZKUU
124117,B00CO2D4G4
124144,B00BCGRVSU
124175,B007KEZMX4
124403,B00DVNJU6S
124543,B0001VWIR6
124580,B004QQY2JO
124583,B004TI336W
124593,B0051SQYBU
124619,B00B6ZCNGM
124841,B004X6AJV2
124861,B0000AYB0N
124875,B00AA6CS86
124909,B0009YDP7W
124917,B004OF9XGO
124984,B000BSJJ1M
125020,B00B4OCW7K
125046,B00B1JHXHW
125220,B00C0RCKY0
125231,B003BYRGJU
125267,B001B8R03U
125500,B006KKS7XQ
125612,B001RFT698
125620,B003XU6H8I
125670,B005BT2ZZS
125695,B002BH3I9U
125741,B003E2O3TU
125752,B005BDAR5E
125757,B003X26VV4
125758,B0016J1EAY
125796,B0032FOKRO
125911,B004DBIKOK
125965,B005I6DUYE
125970,B00ATM1M92
126007,B0055EIIXW
126155,B007UR1PIC
126161,B00B89BN7G
126196,B00AYJE968
126274,B005FRCUHY
126335,B003EALLHE
126383,B001JTQUYG
126388,B00H7Y3I4M
126413,B001GXF1M2
126523,B00B6SE2S6
126572,B004XJPAGI
126585,B0099TUHQA
126671,B00443V7R4
126691,B002H3WVHI
126721,B002PXLQSK
126777,B00BPHBCX6
126992,B009H0XQQY
127021,B0082NJ5BC
127090,B00A2V72WQ
127151,B00AQ9FHHG
127166,B00FE9TMFG
127177,B002MOH758
127312,B0009N7RMM
127399,B002SV5PLS
127414,B00ESESQAA
127423,B007N45EPM
127481,B009O7YU56
127682,B008RJQ0LE
127686,B002DHSIWK
127850,B004SY5O5K
127864,B008TWWLAS
127884,B001CCAISE
127892,B00E1XI6N0
127901,B002OFL1J8
127950,B0035B4LJM
127974,B000U0S304
128027,B005HFF65C
128057,B005VO5GZ4
128155,B008QSJY1E
128178,B007RESFR2
128195,B004TJJDCY
128225,B001EHOLLC
128258,B00BCGRTFK
128268,B0012OKPBM
128284,B000I1IG8Y
128398,B004S4R5CK
128447,B00FJDXSN4
128456,B00D6XW62I
128594,B00GBBSZFE
128656,B000068O34
128698,B00GAHI7A2
128719,B0056YNA2A
128817,B000BNY64C
128837,B005MMW55O
128844,B0042TYNJ4
128884,B008DBV8HW
129011,B000RT77I2
129052,B003XCDA9A
129125,B003ZX8B2S
129381,B00631QFG8
129411,B00B94U3L2
129433,B008WACIMI
129461,B00DTMXQYI
129479,B00CO1I29O
129552,B0044SVD50
129587,B005JN9310
129688,B004PNZFZ8
129719,B00683C6H8
129725,B00279UK4S
129770,B006W5FHLY
129794,B00FKCSMYY
129854,B006FKAZ36
129881,B00CZIQXBA
129888,B00406YHLI
129901,B003UNRHF0
130115,B002HZW7CK
130231,B005EJH6RW
130363,B00006I5J7
130379,B00AW6HB7C
130498,B00GWWFH30
130625,B008ABO3DQ
130630,B003NYJEZW
130758,B009B6Y01Y
130760,B001BJE36G
130788,B00165P3R8
130872,B00CCVKQRM
130889,B008PQJXFE
130963,B00ANSNG32
131060,B000EXHYJI
131124,B008RMEXME
131157,B002NO7PWC
131215,B001G2RAMW
131271,B001C4ETU0
131417,B002FU5QMA
131534,B00AZ9T264
131558,B00A1A1LQ6
131599,B008H3B736
131614,B009SDH1AM
131739,B0002ZPNK0
131807,B000V1O1L2
131912,B000BKBVT8
132019,B002L6BXYI
132061,B008B14TQ6
132062,B008Y2SPE4
132102,B0055N2L22
132105,B005E8MVDC
132111,B006580BNM
132137,B00378YPB2
132156,B00BRMGQIA
132255,B000289WOU
132553,B005UJMZVI
132700,B00GB96AOY
132716,B003L89SU6
132879,B002OFP6QW
132951,B005HP3OB0
132967,B0050I6KII
133013,B007PFZEKY
133042,B009VV56TY
133058,B007LV2U5Y
133105,B006LP0FXA
133136,B003VBKSWK
133156,B00A7BGMSQ
133172,B001CZCYBU
133203,B00CJSOYMG
133278,B001FWYGJS
133288,B00B7O7GDC
133416,B007RB0P2I
133537,B00BIFWHN4
133566,B0000XMY4C
133612,B00BQ5RYI4
133714,B001UNLRGC
133778,B008U23F3E
133950,B004Q3R9AQ
133970,B005J7YA4G
133995,B00116SLZS
134002,B002NY9JJ4
134017,B004N625BE
134034,B001G70M6S
134083,B008D9DVVK
134084,B00931LZCE
134170,B00BJVJV9A
134188,B00CDJRBKS
134221,B003BYRGJ0
134276,B001BDPLJA
134390,B0038X3ZVM
134431,B0031U1ATG
134470,B005C298UY
134493,1400501520
134534,B009A6CZ12
134599,B00CU2K35I
134612,B000WYVBR0
134626,B0064Z71T8
134756,B008BWL4MW
134866,B000234TYI
134909,B007C861WO
135148,B002WE6D44
135186,B008R6OPJQ
135214,B0041Q38NU
135226,B00F0RE018
135335,B0002Y5WZC
135377,B0045JCFLY
135380,B002N2EHVQ
135466,B001GC2LWG
135756,B009AXQB3I
135805,B000N8DJB6
135851,B0081TSZ18
135958,B0029LHXM6
135989,B005E7KMH0
136026,B0048FFHTC
136039,B008F05Q2E
136079,B0061XSBZG
136148,B0027NKRN8
136257,B008L2WS8Q
136309,B004ZNA3UA
136381,B00APE3IC8
136452,B007Z0OEPU
136481,B00HRKB3VQ
136510,B0058SRNZ4
136531,B0035LBRM6
136740,B002C7481G
136785,B005Z3DWIY
136841,B003G8OVNA
136966,B0007M0VWS
137077,B00189JVCA
137146,B0043PFLDY
137153,B005NGQWL2
137208,B00B06IBG8
137317,B000050AUJ
137371,B00030CHPI
137403,B008MHZNLO
137520,B000ZJZ7OA
137528,B0019WF4FE
137536,B00DXYBQ3U
137602,B00ESJ0NVU
137649,B000EXR0SI
137808,B00272MT3A
138222,B008RGD114
138487,B00328HR4Y
138495,B005593W10
138546,B00HVLUR86
138609,B0051U1XMI
138776,B006VJQ2OM
138782,B005G8CKEU
138842,B001TI9F8U
138879,B0093OWIYA
138882,B000X54QQQ
138927,B005QXX0MG
138960,B00AM7XPQW
139067,B000FL9E6K
139070,B001TH7GUU
139095,B007XC99JQ
139159,B002ALV9VQ
139241,B008JGR9MO
139324,B003CMYVU8
139334,B0042X9LBK
139385,B00EAER8FM
139506,B008EPWYC0
139607,B004BU6ITW
139610,B0010CTM10
139770,B00005N5WW
139809,B0015V3P8W
139911,B00GT1423A
139943,B0043ZWJHU
139947,B00DR0PDNE
140049,B006QV7WM6
140070,B00006RVPW
140084,B004UR487A
140093,B005DJNRQM
140144,B004GUI15Q
140272,B007LQWSYC
140332,B004LU1U2M
140333,B00009R94Q
140335,B0025VKUPW
140479,B003WUBL0S
140508,B000K50GTA
140516,B0036RH2U0
140519,B00009UTZA
140589,B0081K3M5G
140693,B00FA7DLE0
140695,B005AF0C2G
140709,B0015YRMXI
140893,B0081CRXGI
141008,B00937CTQO
141144,B0039XA708
141146,B008DVMRXG
141170,B00AAIPT76
141184,B008B0WUPO
141189,B00FWLSHFC
141208,B007BXD6DW
141275,B0032IKP6Q
141279,B009HK30V0
141290,B006JGXOSY
141299,B008ABOJKS
141315,B009STIJWA
141333,B00B7K0ZG6
141404,B001ADXR3I
141429,B005MSND04
141441,B00519B4YG
141453,B007BD16KC
141473,B00CV9MK4W
141474,B00004WCFT
141716,B00AR95FP4
141755,B00BEJDGOS
141916,B003FVVMS0
141948,B000EFIJTA
141999,B00BMMPPBE
142066,B007WAWHD4
142120,B001PB7UVA
142223,B00AANMVNQ
142236,B007IMPMW4
142265,B002Q2M8KK
142402,B0050YG3CU
142495,B00ATYYPTE
142529,B005Z4ROIW
142607,B006QB1RPY
142643,B0058UUR6E
142664,B00BJSYV4S
142665,B0001Y7UAI
142669,B009L9GOB0
142750,B005OPHOF0
142898,B0054L8N7M
142978,B00AO1L1RG
143066,B002UKSZUU
143094,B0029LB5D4
143157,B000CBZT5I
143162,B007136EDG
143201,B00FYIFQ6G
143290,B00139VKV0
143303,B004E48D48
143421,B006UIFTTS
143534,B00ADR2DTG
143536,B00A3VFIM6
143553,B000X3EPQO
143734,B0058TUZT4
143791,B000UW07MO
143808,B004MU8VCS
143811,B000067VBL
143944,B005WZT1C6
143959,B002KDXQKG
144101,B003SX0OR0
144326,B004317MU8
144345,B00CBQEYJ4
144354,B00CL8F98W
144388,B0000AZK4G
144411,B00AWBHFRI
144422,B004Y1AYAC
144463,B009YLEDU4
144531,B002YU83YO
144576,B001GND6EW
144581,B000FPH3SM
144591,B009PK9S90
144643,B00DEJWTTO
144754,B002L77LQQ
144765,B008AF383S
144921,B00AZJW4HS
144935,B00FDPSH0W
145083,B003XM73P2
145109,B00DHP7PTY
145113,B009A41KLU
145124,B004XC6GJ0
145160,B00CE58ZYC
145215,B00108UNEY
145247,B00009UTL1
145257,B004E26BPS
145329,B0037NX6JY
145389,B00A466I38
145482,B00BB0ETW8
145499,B00BJ680YC
145532,B003EV7EC4
145564,B001FR8PQS
145641,B00005LL3S
145768,B007ZWLRSU
145800,B000YNS0D2
145854,B004123B54
145866,B000BT5HFS
145947,B005LS5LIM
145967,B001G445Q4
146044,B00DV1Y6KK
146080,B0045JHJSS
146105,B00GXFXAEE
146168,B005STVSFY
146204,B003VUONAY
146243,B005PZDVF6
146246,B005BJQTDC
146261,B00DIFIM36
146262,B007ISZMDW
146288,B00AB7H9U6
146311,B008WNN3I8
146336,B004P1IU5C
146369,B00812RPG6
146424,B00D12OBYK
146499,B0060B7NCG
146574,B008F4NL04
146663,B000BV8604
146739,B006TF37H8
146771,B009JS61UM
146809,B00EUUKVXM
146818,B005I5DJU0
146857,B003TY9THE
146925,B003TM600U
146958,B000B898N6
146974,B00004T1XK
147073,B006I2H04I
147166,B001769K3O
147182,B00AEI2HBI
147199,B00E3EU5IG
147221,B0030AZ44O
147441,B004RCCVKY
147457,B006ZCFVY2
147593,B0040G5KY6
147636,B0032FOK1A
147716,B004U9USEA
147725,B005H48SRQ
147771,B001ISR9B6
147790,B004L26NPY
147813,B007KA7BAA
147910,B00A1ZTZZA
147931,B00823170Y
147945,B003ZTKFEE
148081,B00834SJNA
148195,B001G9Y98I
148230,B00BYOE4C6
148284,B005UG3KS8
148311,B005869A16
148315,B00I2ZBD1U
148316,B00DJ7BNWA
148405,B0056KCSCM
148669,B0056KUWS4
148697,B00BNQS5JS
148722,B008BACEKK
148898,B0054VVRBQ
148982,B00429N16A
148987,B005OFFH5Y
148995,B0000A1G05
149040,B002Q8IHDQ
149132,B0000AVQXO
149153,B00BF0NJF2
149184,B0043D2L6Q
149211,B00BFDHV9E
149226,B003VANO7C
149238,B000KX3CWK
149241,B005FM8UL4
149263,B000KO0GY6
149488,B007PJ4PKK
149551,B007FL6100
149578,B0057PTLIU
149679,B00DR8LA60
149924,B005H3I38Q
149926,B000CQP5YS
150097,B004E4LR78
150110,B009O7Z7U8
150127,B00A9XDJ6K
150193,B006DKEQL0
150278,B001DL9WDG
150298,B000FMJLQC
150336,B00339X3GS
150340,B00CUTJ66S
150386,B005UEB6OK
150425,B009LTUC9A
150431,B005B3VO24
150474,B008HY8XTG
150500,B00005T3G0
150607,B0017U0WM8
150621,B00414X4QI
150627,B00DMMPQ3O
150750,B000097O5F
150782,B0014Z29OU
150814,B0049S2ZZM
150823,B006OBGEHW
150908,B00H6E9AUE
150920,B00CKAV9D0
151059,B004LWYE4Q
151153,B007PTCFFW
151196,B000Y7T5UU
151262,B005TCMW7S
151381,B007PJ4Q4A
151440,B000OL3QTW
151461,B00BLCLURI
151463,B00006BBAC
151506,B0077G7QDE
151634,B004HW6F9M
151658,B0030EOODW
151668,B001MSU1FS
151775,B007Z3HZIA
151785,B009RCQWLI
151787,B006TAEH7W
151885,B009D79VH4
151947,B00BNIO4H8
151985,B00713B1KW
152011,B00E00HQL2
152017,B000068O33
152036,B0032FOKS8
152050,B00A3DLG7A
152092,B002CZQ7VM
152106,B0058UVVX2
152123,B005AKK02S
152176,B009K916ZK
152238,B0007MXZB2
152306,B00004SB92
152329,B007VGGFZU
152400,B0041686QY
152411,B007EHOWNI
152430,B009XGK688
152490,B006ZW4IVE
152543,B003STSXEK
152548,B00HZT1T5E
152615,B001MYGCVY
152641,B007QOX5A0
152670,B003VTZ070
152691,B001DYEJGI
152705,B00FO0V5L4
152848,B005MWMBBM
152877,B00I3I0JCK
152897,B003SVSJ1K
152938,B00ATTVKFQ
152998,B000EBPCEE
153074,B005L38XRS
153108,B003U8HV4M
153305,B000WUJ8VK
153341,B003EGT2QU
153390,B00E0EY7Z6
153453,B009JS61MK
153505,B003CX5MGO
153562,B003L76BJS
153578,B00E87E1OM
153594,B008RI1YKC
153664,B000I68BD4
153705,B007ZS3O62
153708,B00CXWAP0S
153719,B002LZBOMK
153729,B002VPE1Q6
153838,B0043VE28I
154003,B001OBTQMM
154008,B001S2PYSW
154039,B001G4ZA6I
154085,B002J9HBIO
154090,B0053FR9FQ
154127,B006HG6L1I
154152,B00006B8BS
154202,B00CTUUA5Y
154220,B008MQZYUU
154228,B003ZSHNE0
154296,B0035YRI5S
154358,B004HJ997A
154371,B00660H6KU
154558,B000J01I1G
154559,B0056LRI7Q
154564,B001NPEBEC
154593,B00A771ZLO
154679,B0095PQPNM
154762,B00BBQ8IDS
154772,B000M52X62
154804,B00E6QK5N6
154861,B000NQ16NG
155000,B007JLDDSO
155039,B002ZIVKAE
155052,B001AIM2PM
155115,B005ZUTAUG
155210,B005ZSBA4M
155399,B005GQG7IC
155481,B000BSHIS8
155507,B004FT2TX8
155564,B0098F5W0Q
155610,B0049WDMBO
155626,B00HE5VNFA
155678,B00AXZWG8Q
155733,B000H0338Y
155756,B006E69AS2
155794,B003TYDBYQ
155800,B00COQTY7S
155935,B00BQ70CBI
155954,B00ET9YYS2
156003,B001G7PMHW
156025,B00478VMT4
156034,B004PVW1DE
156054,B0002MQGOK
156182,B004LTF5RO
156212,B003XM1WE0
156408,B004Z4G7FE
156442,B0097BEDOC
156459,B00AJ4QQ6E
156463,B00DVLQLNU
156483,B004UHU428
156509,B009W2T256
156519,B009LTUB14
156532,B009HPBPOY
156540,B0028B8CR2
156637,B000EY5F5C
156678,B007S642BW
156760,B004Z69EMU
156826,B0002L5R78
156896,B009VLV4O0
156929,B001EQQW1A
156945,B00FWNGB4Y
157021,B00FY2SBR8
157042,B0088L182C
157080,B000085BDB
157105,B0041ORN6U
157148,B0096FT902
157297,B007G3DQI2
157375,B0077V8930
157404,B00650P2ZC
157405,B0032OZNDK
157552,B007N16ICI
157572,B000SE6IV8
157659,B0056H4DBY
157672,B004JMZPJQ
157857,B0099O6HX2
158027,B0007U9SOC
158104,B0041BT21M
158211,B00ARKN8F2
158381,B0048O0WKW
158515,B001GOUXK6
158607,B003ZZM4GK
158761,B005E97ZUU
158787,B002LARYAG
158823,B00CGY4ET6
158864,B007SZ0E1K
158876,B002AQSU72
159018,B00AQGGKV6
159028,B008EXB7KM
159033,B00CO878A6
159051,B00B981F2O
159125,B0045KGZOG
159210,B005V65RU6
159308,B002WP2QGM
159317,B008P1V5YQ
159374,B00820A7SU
159403,B000FBT47E
159426,B000O3S0PK
159459,1400698987
159495,B00B5HE3UU
159507,B00CMMG7I8
159674,B007S9ZG5A
159723,B009O412AU
159772,B00D02AHEO
159806,B00AAKLE00
159842,B0025UEQQW
160005,B00FJ0RGD0
160253,B00906DHLE
160386,B00ATHNFLU
160448,B000O5N5AI
160451,B000FOUWNQ
160512,B001TSMJDS
160516,B003819S8S
160541,B00EHDLVTK
160589,B0053V5Z9W
160620,B002QS262O
160688,B004W2JKWG
160690,B001DXGBII
160721,B004MU241C
160722,B0050PUGZE
160809,B00076FVOW
160845,B004SCSV2U
160851,B004SFUO9U
160925,B001OXZ1IS
160931,B005VFG06W
161029,B0093HMKVI
161098,B000V1K7FG
161103,B00DULSQ52
161201,B008LTIGEY
161333,B0091PEC3Q
161351,B002WR7VSS
161400,B004OVECU0
161455,B00AV3XJOU
161473,B00B3YJG5C
161500,B001WHY3JO
161517,B000AA2RCY
161519,B005HGLXDK
161652,B0009QZPO6
161663,B0053O6NMW
161755,B004E580PY
161854,B0093SLU7C
161891,B005AAWC56
161904,B00ADU2J74
161913,B004UR1670
161984,B00B44ECLE
162056,B0089DYOCA
162150,B003USS5JC
162168,B00B4BJY7E
162192,B0096YOQRY
162381,B009UEAZ84
162421,B0046S54GC
162440,B004GF8TIK
162592,B00007E7C8
162724,B005058B56
162794,B00408K36Y
162822,B0035ERKYW
162850,B007SXJ13E
162953,B00DHW4HS4
163006,B000AJIF4E
163013,B007Q2M65W
163059,B00E4MQO8C
163124,B00920HLTM
163130,B009DMFOVG
163150,B0062GM0P4
163247,B009CIN39Q
163293,B0057WXF6C
163530,B001QUA6RA
163584,B000071X3T
163596,B00BEWF4R2
163648,B009K62HQ0
163687,B008OEHPPM
163911,B00894YWD0
163937,B0019W1LNS
163940,B005CTKYB4
163983,B00DGM8B6O
164010,B0058AGNOY
164020,B00434UCDE
164038,B001MQ8DPK
164051,B003CIHOOM
164061,B004SMESIQ
164089,B001PL3XJS
164111,B004QQG18Y
164123,B00F0R9V76
164168,B00CTUOIVG
164219,B001SER46K
164254,B0054L8GVK
164300,B00D12XUA6
164342,B00GC3PQ76
164381,B005DIBHA6
164467,B004K5890Y
164499,B001P8XVK2
164569,B003BWAKJA
164615,B00810ROQ4
164628,B0031CS83U
164815,B005H3Q57M
164854,B000001OM4
164936,B001ET5O70
165068,B003WD2SLQ
165092,B001E0JH5E
165211,B0046TJG1U
165220,B007WR0EP0
165223,B006IYWXW0
165262,B0007SL4IW
165394,B000NRD0UC
165436,B00D6A2YN2
165445,B00ARB5E8A
165475,B005G89KI4
165522,B000JFH982
165539,B00AXE6CWS
165547,B007C0Y8NQ
165569,B001H0REVK
165609,B0026FCAYG
165619,B002FFT8Z6
165661,B000Q85WOK
165676,B005UYVAG4
165712,B00D94X4DO
165792,B004GJ4RPU
165879,B00D695GS8
165901,B004OBZ2XQ
166057,B000FGNM6I
166101,B00FO12XY6
166240,B00005QBUU
166301,B00829TIEK
166309,B008PO5CSI
166330,B00EVC9PQI
166392,B00ATHNE66
166398,B009MX63ES
166551,B00H0MY944
166559,B0002BEQJ8
166626,B0095ZMQYO
166648,B007UZ6S6S
166661,B0036V9AGU
166753,B005ODLEGW
166800,B004QQTXXY
167003,B008UX0B1W
167070,B00AD5KDQ8
167109,B003SP2UYS
167266,B000V6R4DY
167270,B003MRHOQG
167349,B00CO8TBQ0
167455,B007PR8NQO
167529,B00DDXF9Q6
167637,B0032FOKDS
167648,B006V5SZMI
167688,B009HPC228
167760,B00C8NNZ36
167778,B0082YNR0Q
167834,B000HKGK8Y
167917,B004PFI8JQ
167964,B0071LSAR6
167975,B0087UCQBQ
168064,B005C95NM4
168083,B004YW7W1A
168146,B000JJM8XE
168152,B00006B8BN
168193,B00DKFELY8
168200,B00EUPV2RQ
168232,B009H0XQPU
168234,B00E3JGSRS
168338,B000YQQ9HI
168341,B008LTBITY
168343,B00028EKTM
168388,B00213KJSC
168389,B004GHMU5G
168395,B000WXIFS4
168448,B000W9DJ1Q
168455,B006R6TUJI
168527,B00C5WJZJ8
168589,B005CLPP84
168632,B000233WJ6
168650,B007YXA5S8
168661,B007YSGCTO
168677,B0007WK8MQ
168697,B0000XMWQC
168752,B007SM7O2U
168753,B005CTCD6S
168754,B004ZL5ARI
168778,B002V17XVK
168801,B0058P5S9A
168852,B008EN46AK
168883,B00B99JU5M
168903,B00DL3L2J6
168933,B00552PMN8
168953,B0067WURIK
168971,B004WLATRC
168997,B000M2TAN4
169065,B002OED6ZQ
169181,B00D85I86C
169267,B00BW6LTG0
169286,B0041A3JR6
169355,B0082AFROO
169367,B0015A8Y5M
169476,B008RWHC0E
169543,B0055E6TY2
169639,B00E58AA0I
169688,B000NWEJWA
169762,B001SIS8YI
169831,B00EAY7MBM
169905,B004TJ6JH6
170015,B007L8Q75G
170038,B00INNP5VU
170057,B0085IXB3C
170075,B00CEZQ8FA
170152,B004BLIQDC
170220,B0009JR3SO
170275,B001V9LQC0
170281,B00005N6KG
170289,B004BFZHO4
170295,B00DVH8GUK
170354,B007582KGM
170447,B0015V1H28
170462,B00AN8TW0I
170569,B002Z8LDXI
170700,B0014IM2RQ
170783,B002GUN4UK
170820,B007T0NM2M
170906,B0040UBU3W
170964,B00CXKSQOW
170978,B0014KOB6Y
170986,B001JT7D5G
171030,B00483WRZ6
171036,B0014Z29U4
171080,B00CBKSJGY
171187,B009SQQF9C
171211,B000WPXQ2M
171263,B001MSVPM6
171278,B009S7IDJQ
171362,B00COYOAYW
171411,B006FEG6LW
171433,B009Z2FRWK
171519,B0038KTAXW
171589,B00HPQGTI4
171635,B00AYQ433U
171677,B003D15K44
171733,B00B8YTOZ4
171736,B004GCOY3M
171865,B0046HSHD0
171872,B00D5OY71Q
171969,B0078FVVEE
171975,B002QUZM0U
172159,B00004ZC8Y
172211,B00CPL4UBW
172233,B002LITI70
172282,B00ATHNGAK
172363,B00472OBBG
172433,B00007E7JU
172462,B000BSN4UY
172482,B006NT43IW
172536,B003TSTPGK
172775,B00BW96UIO
172799,B0036GK3DO
173015,B008D4X97Q
173116,B00JAG0IT8
173206,B00EB7UIO6
173315,B00D7KOMVS
173323,B000BGZMTC
173328,B005J31BCO
173351,B004D5GXOA
173438,B00ENZRQ5U
173502,B00FAMAQQG
173536,B00DGHD2TA
173545,B00A6YQQS0
173552,B007IY9YXU
173559,B0091UX3QI
173587,B0082YEH8M
173617,B00F5R9O46
173644,B00E83462I
173645,B007S71O1W
173664,B00870JWR2
173676,B004PVW1DY
173678,B004IZN3YI
173688,B007JLE84C
173697,B00BCGRYY6
173698,B008KP4MQU
173781,B002G1YPHA
173975,B00APOR2DE
173997,B003YGSPW2
174034,B000KL12R4
174038,B00BKOWDGO
174085,B004711RFA
174179,B00AXE96L2
174198,B00FO9IXW4
174351,B001BJAJ64
174405,B003WUBIZQ
174408,B0090J652Y
174445,B000ZCIHK8
174506,B009C3M7H0
174594,B001ENJ3ZA
174603,B000WGJX5A
174604,B001FB6PO8
174634,B0034WR19Y
174770,B000RFPBQQ
174790,B0057HHSH4
174797,B005GNP0ME
174924,B00C8XUXBI
175046,B007Z81ZFE
175120,B005HPSFWI
175140,B009XNBFJK
175157,B00BQ9FYRS
175161,B005C951L2
175167,B004KCKSE2
175217,B000281WDE
175267,B0033UUN6K
175415,B0007OV43Q
175609,B005HNHRA6
175728,B000083KIH
175873,B0064VP70W
175933,B005DFPA2U
175958,B004XMXKA8
175961,B0035GU3QM
176017,B00007M1TZ
176026,B00175VDY4
176041,B0002AHT0M
176140,B0083XPA9M
176201,B007I5JT4S
176225,B005EG4YJ8
176239,B00BB0ZTJA
176292,B007PJ4P4G
176305,B006GHYBGK
176307,B009YXE8G6
176474,B001TZWFBM
176486,B0088L18TU
176504,B00EUUN76U
176576,B005GWQRWM
176579,B000NHZSHK
176581,B00B7JLZQQ
176617,B007R21JWC
176641,B0041ORN9M
176647,B003SGCO3E
176663,B00CPLGGXM
176698,B005MIDB7E
176707,B004R7P28W
177058,B000FMPENQ
177074,B000N5UW96
177178,B005UFZ7F8
177233,B00F0RC024
177270,B00BB0ZTMM
177399,B009F1DYF8
177456,B0009F7ZEK
177492,B009QBIZ60
177520,B0096EY6M4
177533,B003Y2GTG0
177733,B00A1D907U
177779,B0099UPYUS
177836,B004ATJDVY
177853,B00E3QUSBS
177946,B0032CP24W
177998,B00BFDHVAS
178000,B00007E7QS
178060,B0061RJSWC
178100,B000EZL1EA
178152,B00264GYMG
178161,B004LPHKWG
178352,B0000AOWXO
178355,B0040JHG86
178370,B0077RKBSK
178375,B00622AG6S
178443,B002JCSCM0
178444,B00DR96LHC
178445,B004ICOQU6
178446,B003IPGEBS
178447,B00IPU8G5S
178449,B00BJ2GPSY
178450,B000J2R8HW
178451,B005DI9H3K
178453,B00BZV3N2U
178454,B00ACB61VO
178455,B0013MWT62
178456,B00F3X912M
178457,B0049KBAS8
178458,B0037JX8IM
178459,B007TIYZFC
178460,B003S3RKF4
178461,B00DIR55FW
178462,B00DTP0JHM
178463,B000676L9Q
178464,B0000BWE98
178465,B00F0YJ49O
178466,B003YJSG00
178467,B00AJEAW64
178468,B004272HSU
178470,B00BZMUWPK
178471,B0047VCIQ2
178472,B00EZAZIQ2
178474,B000G0EKDC
178476,B00AI15PAG
178478,B008BZBJLK
178479,B00237RRNG
178480,B0025EX3XK
178481,B00E9C1R8O
178482,B00E00KOVG
178486,B00GNTJB8E
178487,B00ACB5Y7G
178489,B004GZ0U9G
178490,B00EE4GA3O
178491,B00FBG8MA8
178492,B003B137HI
178494,B0058X26OC
178495,B00004ZDB8
178497,B008EQ2BO0
178498,B005CLG9SY
178500,B0058PPK8Y
178501,B00427HDAW
178502,B0051N9R64
178503,B004G3PTW6
178504,B004PY6ECU
178505,B001FB53OQ
178507,9985542738
178508,B008I4NO1M
178509,B008SB9I42
178512,B00FGRNPAE
178514,B0019BEJTC
178515,B001NAPY70
178518,B001TKR94K
178519,B001TPQ48W
178520,B001I3SM1C
178521,B0016LNK2C
178522,B00E3PQXDG
178523,B009US1KNE
178525,B007POCVWY
178526,B00292EL0M
178527,B001B8JUQA
178528,B009GJN9EA
178529,B000063SAS
178530,B007MPGVT0
178531,B00E67QR64
178532,B00C8ICFJQ
178533,B00CSUUWEO
178534,B00009QOPP
178535,B005E983JW
178536,B00EQ1V1IY
178537,B000JG88KY
178538,B008LTIYFK
178539,B00DUXU7Z2
178540,B00A8WMXFA
178542,B002MAPSR6
178543,B008ANFJEQ
178544,B00004Z8SC
178545,B000BFHWSW
178546,B008C0ZQFY
178548,B00GU9UASM
178549,B0085ANEJQ
178550,B001TE3UBW
178551,B006VWRLXU
178553,B004FL7IM8
178554,B00A821AE0
178556,B0004FQEKQ
178559,B00LCG5S4O
178560,B00IOVMG22
178561,B004DZCHF4
178563,B000I4POJU
178564,B000KL0KSQ
178565,B000PJSFDA
178567,B000H9BS0A
178568,B003VNKLTI
178571,B007JGB836
178573,B007ZDUIH0
178574,B00HENS0XA
178576,B004MTGNFQ
178577,B005MKBHGO
178579,B009MV3MF8
178585,B000MT4HQ2
178586,B00D46OA9Y
178588,B00B7S99RE
178590,B0002F8QWW
178592,B007TNLX3O
178593,B00B78GPVM
178594,B007MRTF5K
178596,B005JWCZKC
178598,B005NXDLKU
178599,B003WJD7TM
178600,B00J22TNRI
178601,B0043YSP92
178602,B0028Y4FVQ
178603,B0043X3LME
178607,B005NS3FZQ
178608,B00ACB5VPQ
178610,B0021AFWOQ
178612,B008M9TDAO
178614,B008BYTT0O
178616,B005F5NGW4
178617,B000AAL586
178618,B006UUZBDK
178619,B003FF5610
178620,B00HQJVFQQ
178621,B00E94G26Y
178622,B00DUEI5N2
178623,B000BN0TUC
178624,B00CL4YHCK
178625,B00507CH5E
178628,B00552OWU2
178629,B00FFEUJTI
178632,B0002BEWE2
178634,B001EYU3LW
178636,B007CTLPHO
178637,B00DQA02WM
178640,B0096E9SOK
178642,B003KYST9W
178646,B002W4KYGM
178648,B006GU3UJ6
178649,B00E9RHLV6
178650,B001PGXEH4
178653,B00A99NMMK
178663,B008VJT0NA
178667,B00HIYAJ7U
178668,B0088QMRWW
178669,B003UNN8Z8
178670,B002B5KGJC
178671,B00AIYMW04
178676,B00069QULS
178688,B002Q82K9I
178691,B003SOS57K
178693,B00158NNPA
178696,B008MI5VEM
178701,B000EZKAGA
178703,B00E8WBEZ6
178708,B0042VQ1KQ
178709,B005N7GJ82
178711,B001BB4JK4
