item ID,source ID
62,B001ELJNUW
123,B004KP73D8
174,B00EAEBBCI
234,B00GQZ0NC8
249,B007E5AINS
279,B00ATNNKXW
395,B00EA0L5N2
468,B00006XXGO
693,B003YJHBM4
694,B00FC471BU
782,B00EUE85JA
796,B008Z8MTAS
875,B0058D1P62
881,B0040Y4FBM
905,B00274QFEM
920,B0017LBZNW
952,B00DH06JSW
1039,B00B55LGKC
1078,B00DRYPTJ8
1156,B005CI62XY
1197,B00AEVBR0C
1231,B000EYFRC8
1336,B0047EXQF6
1344,B0045W5R0C
1396,B00ETID45W
1398,B002FQJNN2
1455,B002ZHYD8Q
1487,B000A794KU
1510,B000LFG4A4
1736,B001T6UGLC
1816,B0087ZR24M
1875,B00FRR8S5A
1896,B001DZLF28
1991,B00J2RJ8FK
2108,B009CCGEV6
2138,B000WB1FGK
2179,B004R82D5Q
2202,B00CG6FPQU
2227,B00EEZ6S7Q
2231,B001TDKWMI
2309,B001FSKA3S
2327,B009V5GO1E
2366,B005QT9PHE
2404,B00DNQIIE8
2448,B00556FEUA
2488,B00BLXLIA6
2515,B008B0LMNU
2561,B0064YY0DE
2570,B004KV2PN0
2596,B00I2Q6NE6
2741,B00AFHL78W
2864,B007WA397M
3091,B00H57CIMO
3144,B00IJKGYSK
3217,B005LV4LHG
3227,B0079MI3KQ
3272,B005O9YKZI
3316,B006XOP6O2
3356,B008J52T3E
3462,B0071P6MFO
3565,B00CL54BD4
3662,B00CIQDDX0
3699,B0084AVB7E
3719,B001T7MMZO
3867,B00A4MV1MA
4020,B00E1ALO0K
4022,B0071TAFJO
4263,B00283KYHQ
4364,B003WULJAU
4568,B004P88ID4
4663,B00C65U1Z6
4726,B007P1T9QI
4879,B008MBYRJ4
4923,B008HUZ3S4
4982,B00A13N0LM
5014,B009WS36RA
5039,B00710VNK8
5074,B00AHCK4AM
5081,B00BMQ4H3C
5189,B004MMEF5I
5271,B004DEBEM2
5328,B00BTZ93VW
5336,B00EO83W1I
5348,B00AG4RWTC
5352,B000P50WEO
5383,B0018P51PU
5475,B00B6ZY5NQ
5491,B00DMWQM28
5568,B00CDJOU3Y
5605,B002N3AWH8
5629,B00BPIG640
5748,B005B83DVE
5786,B00CL6HBEY
6128,B00CX9F2K4
6132,B00C06BTWA
6161,B0083J8XMM
6162,B001LNN1ZQ
6211,B00H2VRZEY
6225,B003JNF4B0
6233,B0079FP6J4
6268,B0007YR8WW
6290,B00EYZQJ7K
6296,B00FGPMV74
6320,B00BETMSC4
6413,B009IAIG6S
6563,B005DIN0XI
6719,B00945KG8S
6755,B00AWQYCSI
6764,B0078FXHNM
6797,B00BO2TOUA
7009,B003Z2YXFI
7066,B0043058UA
7069,B007GCBT5K
7145,B00FNN8NBW
7157,B004746VOY
7213,B000O6I8BS
7226,B0019LREZI
7235,B008LUK1DC
7310,B002498OSA
7538,B00C40QLAM
7552,B003IBOCNY
7843,B005DMW0X0
7933,B0080NICNG
8078,B000PYJFNY
8100,B0090B85ZM
8101,B002JCSSPG
8149,B008LUC7MU
8192,B008Q6GSOM
8213,B0091S553O
8266,B009EUI4G4
8351,B005HDYE9I
8486,B00B5T6SNS
8573,B0037WZ2YC
8606,B00BY9IXSW
8638,B00B0GAGDY
8711,B007WU92PU
8755,B000Y13JS0
8786,B0057FERVG
8839,B00C78DV9A
8858,B004K6KM8K
8863,B008AGSUYO
8908,B00J4IEVX6
8986,B00DIIWKFO
8995,B001HRLIQA
9138,B00CZ6UQQ0
9142,B00EAOSQ9Y
9252,B009N6D194
9302,B00GNND3KM
9321,B005DIF23E
9395,B005I0JP08
9423,B00A6YDNFY
9454,B005DTR72W
9518,B005CLMRLC
9531,B000A13NJO
9600,B00B4N0E1C
9677,B00CXW9EYQ
9697,B004DKR7SQ
9721,B008JA8LS6
9819,B00AAHBD6S
9838,B008FHFGUE
9909,B00BQN9B96
10062,B00AE1SAJ8
10081,B008WF4NZ8
10092,B00BGFFZH6
10200,B005OO0RL4
10254,B00AF1SXX0
10291,B00BJN6DOY
10373,B001KKMY58
10449,B00E1ZX05C
10510,B001SN4KQS
10743,B009L8X8WO
10824,B00FDH2A9O
10832,B00BPFL0DK
11093,B00CIX7J8S
11098,B00CE3I3Q4
11115,B000B14ERS
11219,B0097B0KBM
11316,B00BOLVK26
11363,B00F0HF89G
11409,B009BEO9DU
11636,B00ICY8PZS
11678,B008N8KEI4
11861,B000VWAFRA
11880,B003UZ0M2S
11959,B003L5CUAE
12138,B000GAWSHM
12240,B00AM481BO
12340,B00E3FND3O
12364,B00722XA9W
12536,B00A7D8F6G
12609,B00D76B2R4
12673,B00HW9UQ60
12866,B0050UF1CC
12869,B00519BD0G
12881,B007VQL9D8
12964,B00I19JZB2
13006,B00CV7VTTG
13211,B008X1JL4Y
13236,B009RZ7NWM
13252,B007PW9TG2
13266,B004UUL5CS
13318,B00A3Y50W6
13470,B0013UMQX0
13509,B003TMVN3Y
13566,B001MKOKGW
13575,B0035QJVXS
13580,B0097KAVXK
13626,B00C40YOA6
13785,B005J3T5XG
13817,B00CFE2KJS
13906,B00B2DJCIU
13942,B00AYPSJ4A
13963,B009DNWFD0
14069,B00CXCYU68
14112,B00284AVKU
14278,B0098KY950
14440,B00C7L2S0U
14528,B007WATABQ
14537,B004IPRWRC
14706,B0033UIOWK
14738,B00AX3EZPK
14759,B007WA2Q5I
14861,B001HEF6W0
14918,B00E4QONEK
14924,B00AKPPS2A
14927,B0030AI1H6
15004,B0061HLV5E
15023,B00BGONKDS
15027,B002M442LU
15050,B00HD6QTYA
15077,B00B9TT33Q
15094,B00B4O2CJI
15119,B0060D98UO
15261,B005BZQHEC
15381,B007VH69JG
15424,B00BICEE8S
15466,B00455IAEO
15629,B0070QLQ2S
15636,B003UHUPD2
15743,B003Y5I9M4
15833,B004LKVE0U
15900,B000HOOR58
16009,B00AO3M8OY
16025,B005O0EHOG
16051,B0074BT6L2
16055,B008FZO6XE
16071,B002KIJXW6
16123,B00AY6KUVE
16185,B00ER20BWO
16401,B0097YSWSW
16431,B00B1JBD4Q
16471,B00CJGELKI
16514,B00APLPT3W
16530,B00DICFQGA
16646,B0092BGH82
16699,B000I5UASY
16839,B00GQR2T3W
16937,B00I1076P8
16970,B00BU17HZO
17024,B00DJ2MBUS
17048,B000I7N8MM
17112,B000WZKMX8
17160,B0050UX3YU
17188,B008YB7AWI
17277,B00BRBZISK
17354,B006R3AD92
17456,B003WU0LHC
17543,B00ALZNAPQ
17583,B00B4M7HJU
17687,B000FKGTOG
17757,B00IABYXYK
17767,B005A09E6Q
17783,B00I87VVOG
17860,B00FXWANVQ
17905,B006JNXXE2
18076,B0044MV4O6
18084,B001TR0UZI
18122,B009MDMYJG
18137,B00D40CB8W
18200,B007GME2TK
18303,B00352946Q
18314,B00BPFB47M
18329,B00452NQT6
18437,B009P0IEUE
18468,B00331LLJ2
18599,B0081OYV1Q
18774,B0085XLLW0
18997,B002FU62Q4
19065,B009LEG3XO
19136,B00DNEGVG2
19208,B00EZM2D7C
19244,B001AZMZ2A
19248,B00657AGDI
19260,B006O19GYU
19324,B00J7HQACY
19347,B00E6QHTZS
19609,B00AM02UKQ
19717,B00AQ8T4Y4
19751,B00HYMMV8Q
19851,B001LS7TX6
19912,B003ILHLHS
19991,B003FA8BC6
20087,B00GHS2IMC
20107,B00GMNXQ2I
20168,B001CE11W4
20173,B001L2MVF8
20227,B00E2TGJ7I
20336,B00CAMCNQ0
20337,B0093KTMFW
20417,B001838S3E
20610,B00EQEM6ZI
20668,B0084B3DJW
20679,B00BUYUYVU
20714,B00DUR77PG
20778,B00E8AHBK0
20909,B00E1JG8LQ
21080,B00B5GS98S
21214,B004QJ7004
21238,B0038B8QOU
21321,B000H6AQ0Q
21337,B00BXFSJ5Y
21574,B00B4BCQPQ
21579,B005C50ZCG
21596,B00DTTVFNU
21660,B006R4I8KC
21721,B006BNQ05Y
21762,B008SOIVM4
21772,B00D1KU27M
21797,B00DC61G2K
21883,B00B7ETS8S
22036,B004Z1CZDK
22051,B005SUWSDY
22108,B0028P8EG2
22154,B0030G968S
22240,B003CIPPP2
22304,B00JDWG36G
22420,B005C0KN7S
22458,B008KKIVS0
22481,B00E3RDZ30
22489,B00C3XWVGS
22521,B00BXOC85W
22540,B00C1ETJ78
22619,B00ATWQCO2
22622,B00H4U7YOE
22652,B00D72J68U
22778,B0000867AN
22998,B000FLCZ5M
23116,B00DWPDV56
23209,B00A4VRPJO
23216,B00H5QOE7M
23286,B00HSID32E
23409,B004I74CJ6
23414,B0049OOAVI
23443,B00APV25J8
23467,B00401V88I
23657,B00BNPHJ3C
23678,B008WZIQSI
23703,B00CBQEFKW
23743,B0018K4MXW
23821,B008OMN5EY
23842,B00CAD3M8M
23919,B00FXWAP2I
23985,B00BDCHYSA
24210,B0018SQ5U2
24287,B00DN2A8G8
24314,B003VPQC3A
24626,B00IK1CHV6
24700,B007SEX1N4
24730,B0058V9PHK
24787,B004GXC9F6
24936,B001LNCAPS
24956,B003V5FWBS
24979,B00FFXRL9U
25113,B001FPVCBK
25199,B00CLCZNKW
25276,B00HRKAFU6
25367,B003V89VMQ
25484,B007IVND08
25488,B000E9ZR6Y
25528,B0050JG118
25626,B0068QGEAA
25634,B00FBF3KGA
25653,B00INMDQ62
25833,B00DVKNN78
25837,B0030DAHDY
25975,B008OZVJVM
26072,B008O55BXY
26079,B00DY8RVAW
26137,B001FWK7AK
26149,B009JJ2GN2
26150,B003H10OK0
26239,B009HENX9A
26319,B003VWZGM6
26413,B00F4NW9ZC
26433,B003H10ORI
26580,B00968D8ZG
26591,B00008LUTK
26607,B003TNIE8A
26770,B00B7KJ6K2
26878,B005LVBGDI
26879,B007M67AOO
26902,B00GJMSHXA
27023,B006B2H3HO
27145,B0022NI0FK
27181,B000A80JXA
27204,B009MP7MYG
27255,B00BHRZAXW
27264,B003JDW468
27346,B00DQYHLJK
27434,B005NYXL7M
27445,B00BY6I5KG
27519,B00741IHSU
27544,B004NWIJ4K
27690,B005OKB5MI
27758,B00C3TVO06
27767,B00294AM9E
27847,B002AQNCMA
27855,B004I2YYD0
27877,B0079VKXF0
27936,B00DKMICCS
28056,B00DHXSXW4
28100,B0067GUM2W
28105,B0000WLSCW
28214,B005HEQ6NY
28542,B009WSCBSA
28588,B00D4DWNEG
28601,B00B2PMF1Y
28653,B005IXZ61C
28675,B00AKHLQ56
28707,B006TTBU8C
28864,B004UE2ID4
28875,B00HVAU7X2
28935,B007WAFEWU
28949,B00HM105UK
29036,B00889AJXI
29192,B00E3U3HPS
29194,B007DLVLAW
29273,B001XU9YHG
29369,B00AG3ZI4E
29387,B0088RR0GO
29493,B009LJ2PTK
29507,B007RT6L64
29579,B008SCHFLE
29688,B00A5HTZGS
29700,B0000DCS5T
29826,B002KB000W
29914,B00CRUA3EY
29969,B002B51X4O
29981,B00816ZPUU
29992,B00EO87LI8
30046,B007XW2UG0
30082,B007TJPUIM
30187,B00BIVXRIC
30203,B00E4JUSFK
30255,B0026P45QW
30314,B00BNUT322
30608,B004FPIBZW
30616,B003Y38YFS
30798,B004KK63UC
30902,B008M4SKWQ
30920,B0091XSG76
30948,B0026WJFOM
30949,B009Z60QEU
31010,B0024FAPUE
31016,B000W4YAOQ
31039,B00FD3BEJ0
31229,B00EVVX5AQ
31235,B00DAGEL60
31308,B00B9FURNK
31437,B0017KYE7C
31492,B00CDY0O6Q
31587,B004YPVVQO
31655,B005HJBALC
31683,B000GSM5N6
31719,B001167NHK
31855,B003J36RTS
31859,B000VZK5PO
31933,B00GNVS89K
31941,B004NP7966
31970,B006OW1V60
32066,B008GTFF3E
32080,B00BVJ7UDE
32188,B000AO7PXQ
32216,B00BZA293K
32272,B002C656NQ
32360,B00CYHQOTS
32422,B00F2AX1GI
32455,B005KQAZRM
32508,B006CTEHJS
32522,B00GCTCOYS
32816,B000UUEPU6
32849,B009S3I7EG
32882,B00EHA6TL8
32900,B00AMBTS4Q
32976,B0085M4MQ8
33049,B00AHOQ63E
33115,B00DSK7ZNE
33234,B00AHRDLAW
33312,B00EEQBOEW
33372,B003B7K018
33518,B00FPKNSUO
33521,B003DIEXTU
33671,B00DY7SHR4
33760,B000AREGNK
33789,B008JBOZ62
33828,B00AMPEXBK
33887,B004BIIU6I
33924,B003ITL74S
33927,B003PBYMKA
33945,B00550PLV8
33972,B00FEM5D6A
34023,B00DM05FV4
34038,B004VJNSL4
34088,B0092G0C7E
34089,B0027EM3FM
34119,B006T2ESEC
34146,B009X6EUAS
34167,B000RGJOD6
34212,B007PCUSBM
34344,B00EE7ZLYA
34377,B00F3IDBXW
34470,B00655HBBK
34488,B005DLZEW0
34499,B00AOD3OVU
34557,B00FE5AEA2
34560,B001AV3140
34610,B00JPY4OFO
34664,B008AQTGEW
34719,B007WADBUC
34733,B00C4YCNPU
34750,B00ANV4DAY
34753,B00G3TXVPS
34755,B0083S9KHK
34877,B00EUG98HQ
35013,B008JY4R26
35077,B00DGMLU8K
35137,B000FS7MZ8
35142,B004WJ2IBY
35194,B00E12DPLO
35210,B00G3DBKI4
35293,B001A5LKAS
35392,B002CYZHMS
35524,B005N78TX0
35530,B00D4LALZG
35725,B002D16GGQ
35900,B005I5E3QO
35954,B00B01HAX8
35995,B000P4NG70
36093,B008RUOCJU
36151,B009UQCSH8
36324,B008MVVEO0
36390,B0050JFT6Q
36512,B009GBNC9U
36541,B00BYST6LQ
36549,B00BKU55ZY
36578,B000ALGYV8
36678,B006WITTXS
36680,B000NHW350
36689,B009AX1OEE
36717,B00BEIB5RE
36741,B009UQO5LA
36788,B0019MPRJW
36811,B0099FG9ZC
36820,B008DYKJ10
36867,B001MDLXJQ
36962,B005M8JCO0
36974,B006BNV7ZC
37220,B000EJ0M5K
37240,B000Q7PGYW
37242,B004ZIT63U
37369,B00E6OXBKM
37406,B00EPEJSLO
37414,B00B24EKMM
37499,B009WR3BGW
37506,B00F58NQJ4
37531,B004N8WAJE
37560,B007IRM1A0
37673,B00A789PSS
37688,B00284ADRQ
37693,B00CE3HARM
37847,B00FRAQDFO
37915,B000FRSGPE
37922,B00D8X9K7K
37926,B00GJXU0FM
38015,B00CDS7L72
38058,B00F2OY618
38242,B001GNBJAK
38459,B005QZ0TF0
38640,B009REZ0LO
38698,B008MHFR9C
38762,B002T4FVTU
38769,B003U76DCO
38846,B00BTOC3P6
38930,B000F1RGBU
38966,B00EE307GG
39022,B00GOMDKBO
39182,B0017L7ZR2
39236,B009WLEJ5K
39250,B007I8G8A8
39271,B007JYDCLO
39300,B004O4CBOQ
39307,B00IQ32BKK
39333,B000ICNR78
39370,B00CZ8KYMO
39408,B008YOQ742
39414,B002JP50V8
39418,B007N71JJ4
39435,B001QTLRJC
39438,B006WJKGFW
39606,B00C9ID9O0
39670,B0039Z0Y40
39716,B008Z84FSC
39733,B00406UKPU
39773,B00CRVXEU8
39777,B002S57UGC
39778,B00A76R0QY
39811,B00BBQCWY4
39834,B00400MX7Y
39837,B00DMWQV38
39850,B00AQG2PVA
39935,B009I1L09M
40035,B00CIBCJ62
40199,B00J2CQ592
40297,B000HZEVU8
40321,B00DRORE0K
40417,B004025XU6
40552,B006SOHIUC
40805,B00BMURT24
40889,B003YXZ9CO
40924,B000OC4DWA
41024,B00BCTHM2C
41093,B00551PWA2
41128,B007WVWWMO
41179,B00DNIMF3G
41272,B00D3HO2FG
41338,B00EMB3D0W
41597,B001VEIDDU
41655,B009IF9EPA
41793,B00AK8WX5W
41856,B005C9FTUA
41892,B00E0FFCOK
41916,B00BU0KIZG
41958,B003F9346U
42035,B00AQZFYJ6
42052,B0059Q0I66
42075,B006ZIV0LO
42141,B00F0X5FA2
42165,B0031Y6ZBU
42221,B00BF8E43K
42357,B00C0PDY06
42381,B00DF0SHT8
42391,B00382F6BU
42563,B00CZ29C9G
42642,B005CSNVVK
42800,B00FBD2G0I
42849,B00EOH87DC
42960,B007T5M51G
42980,B0012BOE6M
43086,B00ESSOHV8
43116,B00FJGD68I
43151,B00E6FB5TA
43193,B000H7YCE6
43220,B003VHW3F4
43236,B005SYUXT6
43237,B00C70VXMU
43301,B006NYOTB8
43330,B00AXUCRWG
43334,B00IJVOV8O
43543,B00A3376WO
43609,B00C95JADW
43628,B0085IG1NY
43632,B0036J629U
43694,B00CEJGPNG
43733,B0007WIZSU
43746,B00A9Q20S0
43806,B003DCXQCQ
43890,B0098UVTSK
44263,B003CJNFCQ
44286,B008NZTX2U
44341,B00CIEE0QQ
44368,B00DZ3KRG6
44402,B00E0FFYCK
44485,B00D9G1VF0
44504,B000A0X8U4
44541,B00DJAJFN6
44627,B0055X3GG2
44628,B005PURTBI
44638,B009XJKXWE
44644,B00CWK5LX2
44649,B006GZWPC4
44703,B005OKLG9K
44765,B00B7G5CUY
44774,B00B7HQO9G
44802,B001SESA5Y
44829,B00DM05AAU
44834,B00D2UIF3Y
44870,B004I79XKY
44925,B00ADHGKNQ
44982,B00AB69I10
45017,B00J6SK81I
45129,B004ZITU86
45134,B001SYRSDE
45431,B00EPKOH0K
45498,B00AY4926K
45526,B003TU138G
45573,B00CMK5OWK
45632,B00DXHHNL6
45732,B004TH9JO8
45754,B002MAPRUE
45812,B005OVHT9K
45830,B007O9HCYC
45949,B00FN2LZF4
45975,B00GRWINS6
46020,B009WD1RZ8
46123,B007055KLW
46134,B00AYZFOZC
46169,B00C4P18YQ
46170,B00ESMW5EU
46299,B00BUC0GVA
46312,B004A9TK0S
46327,B0006MZHKA
46344,B0000WL9HQ
46553,B009DZU8ZA
46787,B006IQPNOS
46823,B000H3NRPK
46914,B000GKXXVW
46942,B007JO6TQE
46954,B005DC5O42
46955,B004DNVOVY
46993,B0032GPXK6
47038,B0012L3H8I
47210,B00CL60TEI
47243,B001TI5H0A
47260,B00480EP0Y
47424,B008UUHFLY
47440,B00CHGO5YM
47462,B00FAMV9V2
47510,B00BONNV3K
47659,B00B58LAFK
47661,B0012JZA8K
47664,B004HFWAFW
47720,B008FMRT68
47736,B0076T4B8U
47839,B008ETPD6K
47859,B002K6F79G
47877,B00DR69ICK
47929,B008EIXI40
47971,B009QZKNAM
48053,B004J2O952
48085,B00E5ARM5W
48090,B00CXOU204
48116,B00A27YGJ2
48229,B001IB70JY
48269,B003G6RRME
48369,B000KEG4V0
48400,B0057HTVT2
48513,B00F4NWKX8
48588,B008597380
48611,B0089PWQKA
48704,B00ES88YIA
48726,B00FEDIQ04
48862,B007T4WR4M
49095,B004FRF5RM
49115,B00F4MZPPY
49249,B00BFMCMT4
49316,B008KAWGH2
49399,B0078Q0HWA
49448,B009LEFYL6
49625,B00B4ELQMM
49954,B008NR9GBG
49963,B005LC0H5A
50229,B000WSE4PM
50253,B00EMG3VZE
50494,B0012G2HA2
50522,B00CCA9UWA
50585,B000YDC4PC
50714,B002ZB880Q
50741,B004XDM0XU
50759,B00593X6MM
50779,B007GBIX0A
50798,B005TGV05O
50876,B005W0LPYS
50921,B0002PNJT2
51070,B00336EYW8
51140,B00CKGB85I
51325,B00F71BQTG
51336,B005LYDB7E
51391,B0058ZAKQ6
51441,B006ZMLOPW
51766,B00E3ORFNY
51873,B004W5MOTO
51874,B00CFSU6CM
51932,B007A0SFH8
52053,B003JUMEFW
52118,B005GVJFEK
52152,B00BZ5TRUS
52165,B00DVR75ES
52197,B007L98OWY
52220,B00BD5MBJE
52228,B007APC71I
52250,B008IZMWNM
52289,B00G3SRTXY
52291,B008VL4Z5G
52299,B00AQMV68W
52304,B00D9JT3XY
52328,B004YGRD2Y
52357,B00CXN1AGU
52381,B007BLT08Y
52454,B00BCOE9E6
52481,B00C7I62S2
52597,B009FRWIOK
52619,B001RFLEK2
52681,B00BG4NHM2
52685,B00DDFJP3M
52701,B008Z703GG
52732,B000SP12H2
52749,B009E6SAG2
52762,B00AA6F7G6
52869,B00H2DRKLK
52904,B002L7VFM2
52969,B008J585D2
52991,B000NWJMZY
53005,B007GR68ZG
53008,B0099JCGHS
53076,B007ULRR0S
53144,B00HX2PC5G
53234,B007VX87FO
53236,B00BWU09CQ
53342,B000GR9J90
53474,B00BETT8P4
53505,B008EWW1QC
53534,B003UWV1N0
53544,B001AMHIK2
53573,B00AFPZBUY
53654,B0084D63P6
53748,B00C7YFVWE
53797,B001H0F56G
53821,B008LR9FP0
53860,B004QT4W64
53924,B007JWB11E
53935,B007XSXS7E
53947,B00AC7JFGQ
54051,B00CFAE05O
54173,B005EEJTAO
54252,B00C7K82J2
54263,B00DAU3NTC
54287,B00IFTUCO2
54356,B008BHHWLE
54447,B004INGWOS
54515,B000FBWCKA
54534,B00BGBQXZ8
54596,B0098T4FX2
54598,B00H2SK77E
54636,B008MCW402
54678,B00B6RY9FS
54694,B000U8E78I
54703,B00412LCPU
54740,B00DG6L9QE
54752,B005E9GKK6
54829,B00DTXHG7U
54904,B00B76NDL4
54970,B006L2J2CS
55101,B0006JALE0
55229,B007VU1H2W
55341,B00DW3AXSG
55477,B00CGN171K
55573,B00CAY6W5Q
55591,B005UP7DP0
55653,B0094IBKM6
55671,B004Y7H38W
55769,B004UOO57G
55788,B00A532DIY
55911,B006ORYMDE
55912,B00CFQIFK4
55977,B004YG7D5Q
56168,B007B5NCIE
56223,B00ATNIVFO
56240,B00F2ZX4XS
56280,B00B59NDFE
56420,B00FCJB41I
56426,B009K4AEP8
56540,B004WHWB7C
56564,B00BBSO46Q
56609,B00D4KDFPA
56690,B00GFML3EO
56793,B00BMRRK0I
56857,B00AWVA7HI
56924,B00CKYEXMK
57027,B00B8SSY6U
57183,B001GKK6G6
57250,B00HGB72PC
57290,B000XRR7N8
57313,B00AYXF5HQ
57410,B00BB7RCU2
57419,B00D9P73SK
57440,B007BKPR7I
57659,B003G4IM4S
57678,B0092REVI4
57781,B003CJJYJO
57846,B0036UVM2Q
57905,B002DQR8YA
57932,B00IYXZ3H0
58124,B00GVVQHVS
58184,B002R0FD58
58188,B00ABMI30Q
58285,B000UWJPNG
58390,B00AZEEWF0
58412,B0027GGR70
58487,B001693B4Q
58588,B00CL3YMMG
58589,B00FXNTB2M
58609,B009998FT6
58613,B00AEMSDNA
58633,B002OGBQQK
58699,B006H9WUOC
58713,B007NM6NFY
58806,B00B7XM3Y0
59015,B004FXQ4PI
59067,B0053FIAH2
59128,B001ELJN8Y
59145,B00FEC2K34
59205,B006WI4NFW
59224,B0037IZ0IY
59263,B00E3LTDAK
59271,B0087WCUII
59304,B00E0GWYHW
59344,B0077SXEQK
59376,B002IRND9I
59397,B00GXN428O
59428,B004XCIH10
59550,B003V4AKH0
59633,B005L8YOEE
59743,B009VD117I
59788,B00B4QKPSQ
59886,B00DOMH0JU
59960,B006WOD4DS
60028,B004089B76
60052,B00EE30LA8
60061,B00CEJI0HU
60068,B00F5NU3RC
60241,B005BWLW4U
60257,B00DOPB8V8
60291,B00CHT97ZG
60352,B009Z9YLAM
60413,B00CCDA0HQ
60424,B000I4N9F6
60516,B00B56G6F6
60538,B00ARS694Q
60632,B009CHPTSU
60654,B009STNEF2
60655,B000GTSWUU
60769,B009NKV78M
60858,B00BB5LWXC
60968,B007GT8U28
60987,B00AYD4J5U
61163,B00CEK815K
61203,B009RGEV4E
61217,B000AYWOOG
61256,B003JH8RVK
61384,B007P76QF4
61615,B00C7HKYSC
61619,B0093GYWV0
61648,B003WT12QC
61665,B00D1MBJJ0
61713,B000C9VMJW
61869,B004PJ7244
61912,B007PSOG3C
62061,B009XB64NY
62177,B00AMC9412
62267,B00BSXIL5E
62296,B0000DZJLV
62360,B005AORJP0
62449,B00DJNSUS4
62488,B00422M6CC
62601,B004I23X5A
62644,B009PPSB5C
62672,B0075622B2
62686,B000V7UX4U
62717,B008PNZ8II
62743,B00JX5PACQ
62781,B008HDUE4Y
63140,B0055F17OS
63172,B00FQJF7U8
63241,B00DYK28C6
63273,B00AX2S92Q
63307,B007HJG4CA
63357,B00ERGPKJE
63449,B0078TX0CQ
63455,B00962H4F2
63495,B00H2KYFAM
63566,B0029NYKRK
63636,B008ER1SVG
63666,B00DLKQU0U
63703,B002VS8H3G
63735,B006OGORMG
63745,B00BTHWPVA
63776,B004UUGVHM
64025,B002EEDYUS
64085,B00DWI4ZO4
64099,B008XNTDDG
64119,B006N93QAS
64149,B008JJOTXI
64227,B00BQOYCF8
64309,B00816ZQTA
64313,B00DAPS87O
64340,B008ZSN5Q0
64344,B00CIQMHA0
64395,B006U1EM66
64477,B00CKHZK8I
64479,B0051PLU76
64500,B006TPAY6K
64765,B0030HMGXE
64827,B002O0A16W
64828,B00EFU02X6
64840,B001AOKM12
64878,B002ZB8806
64884,B006SCU12G
64953,B000AHYJAU
65023,B00DNKFAT0
65025,B001J1772I
65063,B00DUR5CF8
65137,B002U4LDZK
65364,B00D3D3FWQ
65432,B0018OUOB2
65438,B00DMWQK0W
65468,B001FRB2RM
65602,B00383VNX4
65604,B002QR9GA0
65634,B00IT35IZ2
65652,B0057MHN92
65689,B00FNQXD5K
65701,B00I38G1FO
65830,B00DOW4ZN4
65956,B009L0EVQO
65977,B00G57NKOU
66131,B003DP7RR8
66184,B001UE7562
66195,B000I7WUGW
66202,B007OAESUM
66222,B00GWSOGB8
66288,B0077H0WIY
66290,B00ENRCYZU
66294,B00EZWPAC2
66446,B00GXWFI5Q
66570,B000G7Y59O
66575,B00DWV1CDS
66822,B00167T8QS
66827,B008GHWNWM
67092,B005LXV5HS
67155,B00AB67JL6
67239,B00BSXLX9U
67240,B00592S402
67243,B006F8SXSM
67385,B00K5DEGRU
67475,B0007QCSPC
67520,B00C5UVZ16
67616,B004ZC7CLO
67641,B004M6UD46
67669,B00D3HKW6O
67743,B008WZCE36
67964,B00DVXYPRM
68072,B00D3RCP6Y
68124,B00BEIB93Y
68343,B007WA12JO
68450,B00943YF50
68484,B005JTVAHE
68517,B00E34C1L0
68572,B00EVPAQQI
68594,B001KP6M4M
68608,B004OZEFTY
68678,B002Z2JXXG
68744,B009N3VLJE
68751,B00B1ZMK8S
68756,B00DMWQQEW
68847,B008BMD2OK
68860,B008LWB788
68981,B009EQCMA2
69208,B008HZ6RFC
69270,B0048KUAL2
69300,B000MQWYM4
69329,B006C51ORK
69570,B003YJBYIQ
69775,B008GVNSX6
69792,B00133AR2O
69795,B000GX0AW4
69797,B008N6UUZ8
69809,B00F88Y25S
69810,B000M3R2HE
69836,B00091REQS
70027,B008L56ALE
70082,B00884QV62
70121,B0000AI44G
70328,B009IF4X88
70407,B008L2XE9S
70440,B00HWF7KPY
70498,B00DBGM2FG
70535,B007OQ9GYO
70594,B008RYRRPW
70621,B00KCA0WQ0
70716,B009Z5DR7E
70725,B007W9ZV3S
70727,B003XCGZVU
70825,B00DGM5I7O
70832,B001GNBJFK
70871,B0078FPDUM
70942,B00C84TW1E
70968,B00DTXIZXO
71058,B00G8O96RK
71088,B008EIXRS2
71131,B009DQHKQY
71320,B000WZ62KA
71323,B00D4JKE5K
71353,B00DNV1IJK
71382,B00ESYAWTI
71389,B00GNXW3JE
71417,B006D6JIQC
71480,B0090WB5VM
71521,B00BD7NFFQ
71531,B006HYZV0C
71551,B00J434J4M
71717,B00H8OWAJ0
71731,B00B8HQS7S
71773,B007MS3SFC
71786,B006N1K07S
71971,B0062MEXX0
72015,B007SOTREQ
72050,B00362OLYU
72133,B00890FEIG
72151,B00BFA247G
72279,B007RELLQ4
72438,B008MBT3AW
72520,B0074BFJMC
72562,B002EL3MCQ
72620,B00884KVU4
72809,B002IVTFFA
72881,B009AO5DAE
72976,B000MUDTTW
73049,B000UUEMX6
73128,B0058W8UMA
73153,B007HSF7P6
73281,B00EE6VO8I
73297,B00C02MJKU
73318,B00AWD5FQ4
73328,B005GCBEY8
73362,B007OAETAG
73411,B00413QTC0
73514,B00BNB3A0W
73515,B00EXEBQF2
73541,B00BGRA93Y
73806,B0012NKX74
73878,B000BOYGPU
73884,B0083VP9NQ
73901,B00E96Y7G4
73950,B001F4OKYM
74071,B006MX633W
74091,B00AG3YHLO
74174,B002QR7HXS
74234,B00AY54TXU
74263,B00AY1QGSA
74298,B00FYK49U8
74307,B004WL92FM
74337,B000GB1RAA
74505,B000PSQXWG
74530,B00HANK596
74603,B00KA3MT6U
74640,B001QVHQ8G
74823,B000MFD9SS
74845,B00D6P0G8W
74886,B000FV8QIC
74895,B004YM2FV2
75000,B006ZR4FEE
75103,B003DIHB6M
75206,B00G6GYZ3K
75246,B0080E5OKO
75382,B000AKWVFC
75416,B005BK30N8
75464,B00565EL4K
75637,B00E89ORCQ
75849,B00B1L4U6W
75961,B004D6TKFI
75987,B001S5KI0I
75996,B00GMCGVGW
76012,B004HOLDLK
76028,B0006U1J8Q
76091,B008J1OBCA
76151,B00E9PMOEC
76181,B00BBUKFYE
76336,B00FQ19SVA
76339,B00AATU1Q4
76387,B008O7UPKG
76467,B0077197VI
76481,B009O9033W
76697,B00FLK1L98
76838,B004K0C74S
76864,B0051D7GF8
76921,B008KMS89A
77086,B00A84AJQ8
77089,B00DYVCCYE
77099,B003B2LZCQ
77102,B004Q7AB4I
77303,B00FN3EPEQ
77320,B006P4NDFE
77416,B00BGCXBA2
77538,B00AYKVMVC
77550,B0086IB2XM
77648,B000A1GVKC
77817,B009S4H6BK
77821,B00HO35GLE
78008,B0044MJC7W
78235,B0058XFCIY
78276,B00E17GTJY
78400,B006Z8HOG4
78461,B00A9TRDV6
78466,B009VS43RI
78509,B0090JE3AA
78678,B00CASI73C
78680,B004QYEAJI
78687,B0051U15DA
78698,B0050IOPTO
78761,B002PHHVBC
78848,B004GECIOC
78914,B00DVQ4D9E
78916,B004V7DAX2
79116,B00CDMH010
79253,B008L13H1O
79254,B004XG21AO
79298,B009PMJMO4
79465,B007CON43C
79569,B001VEIDBW
79573,B007WTD6MQ
79650,B00CAVYLQ6
79670,B00BO6IVMI
79691,B0093PE76G
79775,B007IU63PQ
79927,B002W70XMO
79997,B007IM6YA8
80058,B0099YYR6G
80083,B008HTNVFC
80144,B00A75CQLO
80188,B00IE5QR64
80243,B00CN47GXA
80249,B00CE3NM92
80299,B0070SGN7Y
80337,B003P5TY54
80376,B005A40074
80392,B0082Q02AM
80527,B00DWB8ZMY
80649,B00BS8UCXS
80707,B0043JQJZO
80778,B008D902Q2
80849,B00E6G5OFU
80939,B00BI8CND0
80956,B003EYU7NY
81015,B008WC64E4
81057,B00CIREV6M
81075,B0007ZM042
81148,B00266OI04
81168,B009BQVZKI
81321,B008X0EW44
81456,B005E1KR2Q
81578,B000E0Q5UU
81718,B005LERHD8
81731,B00JG64NQ6
81966,B00A7F0ZUI
81970,B000A3DA22
82095,B006MMR0V2
82255,B000LMLFO2
82279,B00GMWHI3W
82285,B00DVH1QS4
82351,B009K4AG1A
82600,B00HF681XK
82662,B009VIYJM2
82936,B004ZWN7FE
82960,B00EETASZK
83136,B00BF0LICS
83249,B00B89PY4O
83362,B0058XDC0Y
83407,B00COOQEC8
83480,B00AFSQEL6
83489,B006WVVCL2
83519,B00839299U
83569,B00DMXMWXU
83576,B00AWEPXNS
83589,B005LICHJ8
83647,B004VW55NA
83667,B008OWD9R2
83712,B009KY1UHY
83735,B00G9G925S
83745,B008R96I5C
83828,B003OUWN8A
83845,B00C673WNM
83893,B00EK10BZE
83921,B0057FPV84
83986,B008KPL77W
84193,B006TWJ1J4
84204,B005CSO82Q
84468,B008CEZPLK
84512,B0007SUEVA
84523,B00HBKPLR4
84540,B00B5WF3TU
84610,B009V6M22S
84617,B00472MAZ0
84640,B0080775NU
84671,B000BZ4SFC
84701,B002AN6B9O
84718,B00DJUF74C
84771,B00D3PSMN6
84892,B009DNFHVM
84946,B000Y0IT5Y
85108,B005EJIOW8
85199,B00172MEW2
85351,B000MXIMHI
85596,B00DB2SU4C
85713,B00C64LDWW
85822,B000JKSS8M
85842,B00C78DGZ4
85892,B008BBO4W0
86063,B005ONNTWO
86252,B00CBQG6YU
86278,B00IS4UQLS
86286,B000FOJZVQ
86324,B005WS1TUA
86356,B002V04OKO
86366,B003X0PEFK
86370,B00685VFQ4
86395,B00B79553K
86411,B00B8HYQK4
86420,B0002ZOQZ8
86476,B00579IHKY
86604,B00BXEZPYI
86640,B00FFZSXOK
86671,B00DHFXYVM
86719,B00COATCPI
87107,B00FIWBJ0K
87109,B00GH475YW
87137,B0058YDJUQ
87291,B007WAT3I6
87314,B00BT0D8BS
87354,B00E4ST2PI
87377,B003VCRRSC
87509,B008PELLTC
87650,B00BPVO5A4
87656,B003N9BT7S
87664,B00FSS6I46
87704,B005CV05WK
87826,B00BQ07GIW
87876,B004Z2DHVI
87958,B00E0G2W4C
88181,B00BQTDE3Y
88246,B00A77JJZ8
88272,B00AYPYMUK
88333,B006YDD0P4
88364,B00D8SMVY4
88559,B00CB46H4Q
88570,B00B7RZR44
88572,B007ZSBZXQ
88585,B003V4AKK2
88642,B00F778BZW
88820,B004KTRH26
88844,B000PAS9QW
89017,B00EH8MQU8
89093,B007WAU1VY
89100,B008P4ZH10
89175,B008PDYXCA
89234,B007RFDE6I
89432,B00B4QJU5K
89504,B009GBN23Q
89542,B00BLF886G
89666,B008LQZI3O
89766,B00DMWQT1C
89819,B00BZC7UH8
89873,B005ONYDWY
89878,B003YMUQ4Q
89932,B0028AE5SI
89949,B009JAX7XO
90003,B00817EA82
90129,B005I6R1V2
90227,B001N1C8ZA
90260,B005GPJF0K
90286,B001OC5EGI
90326,B00189Z11K
90349,B00F13N828
90365,B000K6QW0Q
90514,B000FRU7IS
90518,B00DE2REIM
90553,B00C2CZTYG
90560,B002BPUKUM
90635,B00J4C08U2
90717,B00GIBT9UW
90753,B000AYW0M2
90843,B000A5FQSG
90954,B00GM4AE36
90973,B00CZEMY30
91045,B00BOEMFMC
91052,B000H9CE8U
91247,B001WAKR2S
91319,B0087QVXKU
91534,B005CV05WA
91600,B00I5PUIGS
91607,B00H9HOQNE
91613,B001EIJY2M
91632,B00D38R4GE
91698,B00730VMCU
91764,B00916LC8I
91868,B00FNHZ79E
91910,B005BELQOE
91944,B000B8P7Y0
91967,B0094GUYRK
91981,B000JCYJQU
92123,B00I0QLQ6S
92290,B002JPJF8C
92349,B00CZCA4G6
92491,B006ZYZRUS
92574,B00A3IGLGG
92580,B00DOMWARW
92610,B00HUZC4WU
92654,B004RHETAE
92754,B005J2MSUE
92945,B00DUUN3I8
93030,B00C2L9664
93126,B00B3613XS
93177,B0028Q5W4I
93247,B00CMOHL04
93285,B00073ZLIG
93315,B004VR9HP2
93339,B004ARSKY2
93354,B008VT4EHW
93546,B00H3WDRAS
93584,B00BXUL85C
93607,B006TUXG5Q
93627,B00824PVT6
93731,B008GWU5CM
93756,B00C0XIELC
93797,B003552OB0
93801,B008DYJQFU
93827,B00K5GQYSG
93832,B002M09R6O
93847,B0055NFEIU
93864,B00AU55SAM
93942,B00CBNJVT0
94056,B0030B16BS
94089,B004FS00CQ
94149,B0041DASIG
94224,B008H1YBWM
94295,B00CJ9AQYA
94468,B000GB1R78
94782,B004XAVT8K
94857,B00BZD0U24
94879,B002BGF1OG
94880,B008A2DHP0
94992,B00E8VCVWW
95018,B00D458BTK
95030,B005TEO7V0
95094,B00B6255HY
95103,B001PO6J6O
95211,B007LO1OJE
95342,B00C7BQSUQ
95417,B00ISOICNW
95419,B00DXFOJ24
95430,B00EB10XDS
95505,B0089OQE4U
95595,B0023ANYQW
95624,B00GQSG9QE
95656,B00HO39X90
95658,B00GGX8B88
95660,B00DIBCZ6U
95677,B008BTMUW8
95678,B00502KGT8
95727,B00FI0LTXO
95792,B000W996O0
95884,B007LOVOUS
96085,B00DEWN59E
96111,B00EEB57MM
96161,B008SCLAW4
96302,B005YO1240
96341,B004U4LVY6
96477,B00D3V29MA
96613,B005GOG0A4
96617,B0078Z0SXE
96629,B00BPNX7MO
96651,B00005LILM
96674,B001GNBJQO
96711,B00EEW5POQ
96724,B00CSI5BTW
96736,B00DH0K68G
96764,B00C7DI3ZW
96885,B004FPKKNS
96904,B00AMRLF6Y
96916,B00C7AO7P0
97103,B005G48AMK
97145,B00700ETIM
97185,B007IKQHP2
97190,B005G0RKLG
97261,B00DLKQE6K
97311,B0061G4QMK
97320,B005PG8IJY
97411,B00K19FF3W
97532,B00791YUPO
97582,B007GCS6SS
97633,B001AN1N9S
97784,B00EOUOXM8
97803,B00B6RY2NC
97824,B003U6GVEA
97949,B00B5G7YMA
97986,B005CSOKBA
98120,B002FSY1MI
98121,B00DNSPXXA
98132,B005H67EHE
98153,B003ZN4YUQ
98158,B004WQRED4
98181,B008JRHNYC
98196,B004JMZBJU
98204,B004I75NK8
98205,B00G6TOAJQ
98226,B00BQ08BI6
98254,B009HKNKXI
98454,B00BL7AU2E
98462,B0083S18LQ
98528,B00CDBQDIC
98570,B007O3E2BO
98769,B00CNKPRAI
98788,B000AGYEPG
98877,B002ZB87ZW
98891,B0042Z1GT8
98902,B00CZ5EWRU
99175,B00004U3ST
99215,B00FYIZ7F6
99287,B00H4I4VH4
99415,B009EQCM9I
99429,B007HXMQXM
99560,B002SRF6AW
99569,B007ULRIH0
99605,B004SJ37JK
99647,B0071NHF5W
100042,B005PSR5OG
100109,B00CZ8J9BG
100139,B009N66E9S
100220,B00B97652U
100249,B00BONNUEU
100303,B0021YGAAC
100383,B004U42Y2O
100507,B0087H3SBG
100524,B00B7Z42JW
100702,B00HQAZIL8
100776,B0071QJLZ6
100954,B003JNNGG0
100991,B00H4UGTXG
100999,B00DRKKJ8S
101000,B00G9IHPZA
101044,B004ILGZ4C
101242,B000RAJF8Q
101266,B009J34XH0
101390,B00877NA5K
101452,B00E483PR4
101488,B0085BTBH4
101515,B00AEHG2QU
101559,B0091UO07Y
101618,B005S0TEY0
101622,B0092MJJQ8
101667,B002MPQB0E
101718,B00012O12A
101732,B00847E3I6
101750,B00EPF650U
101809,B005KQV3CI
101882,B007WADJ7M
101902,B007LNBWYW
101910,B008RNKIV8
101990,B0081LRY40
102085,B005Z2LQ56
102108,B00EWVTEAK
102140,B00D983OFS
102304,B005HJUP3Q
102321,B00FB710BU
102338,B00AFUHMXI
102401,B00HVPHXO8
102458,B005I6Y2RS
102468,B007WA2MP2
102553,B00B9JGUF0
102581,B002DESA4E
102583,B00E8CLMM6
102670,B005LBZ3FA
102901,B0089OJC08
102950,B00AB1SQ0O
102958,B00A1V80NC
103033,B00B79ZAAS
103057,B0056E61JO
103135,B005NHV27K
103204,B00BOFWMAQ
103253,B000ARB8UE
103261,B00BLRNV5W
103414,B00G704AVM
103490,B00EM2YAT4
103500,B00AX94LO4
103534,B0090JD0VI
103603,B0077EVTMU
103607,B007SH274U
103735,B00A6KUT82
103804,B00062NFH2
103828,B00DNUNDDA
103939,B001HGLDQG
104147,B00AQFWK4I
104155,B00BPCJGL6
104255,B00ALPDYBQ
104278,B001TUZSFW
104297,B00480ERM0
104310,B00GMC3EN0
104328,B0058XFB80
104337,B004DBPBTW
104430,B004WNFCUE
104468,B008OSD2QO
104554,B00GYS6CGI
104611,B008LY4BW0
104680,B005BVYGTY
104751,B0054LCY2C
104763,B005MVSRMK
104886,B0017IUN8I
104935,B00COUBDSW
104979,B0090O10YC
104994,B00EK5OAES
105203,B005CSOK3S
105209,B00BRHS6TC
105215,B00CXPEJ9I
105237,B005FG45RI
105253,B0034G65V0
105284,B00BNB36ZG
105300,B00EZ8HX3U
105305,B00A3S40Z0
105329,B008OT5504
105434,B007USPFYG
105459,B00A6HP6DI
105480,B005BG25R4
105498,B0097O1I2E
105509,B0097ECII2
105534,B00AH4QHOM
105654,B000KMETCS
105769,B00BM285B6
105887,B00DNXH8N8
105905,B00G2TIMWQ
105936,B0085VYUFM
105964,B000M3SSHC
106094,B007MS162E
106222,B0073R9SUG
106354,B0032Y35X0
106407,B00960SWZU
106418,B004NM5MUO
106464,B00BWWGRV6
106682,B002AQJP2Q
106745,B009YL8OPE
106818,B00AWWN9H2
106849,B004OYV0N4
107008,B000YQ05H8
107074,B007IMAQ1G
107118,B0090CJICU
107128,B008NNRR3O
107148,B00G8YB88A
107150,B006UMQ2WM
107206,B004926V0I
107257,B00AQB3N84
107379,B00EXJ23YK
107471,B0037GFEPU
107564,B005GJ1GCQ
107673,B00B3Q6ZBS
107780,B00FZ2BR28
107783,B0077H4Z8M
108080,B008MVVA5S
108104,B0093QF8ZO
108281,B009EOLGH4
108285,B00DR7A7JW
108290,B0028P9IR6
108426,B00AZNRXUM
108522,B000MN6BZI
108548,B004S0293Y
108622,B00DR8ZWAU
108663,B000UJY3VS
108706,B0083XFHIG
108812,B002AQSSRO
108847,B007ELV4VC
108856,B007VMY5LA
109098,B00877N3X4
109144,B00DZHZMWG
109287,B00EDQCPT6
109384,B00ANI0LZI
109476,B005JE8L4O
109479,B008X0E9L0
109497,B002827628
109545,B000GOVRDE
109566,B004TEK1JS
109640,B00AJLIWUA
109693,B00IAVPIM6
109695,B00FO03A3U
109708,B007BHXBQ0
109885,B009KXSQ7W
109934,B003VR9YYM
110050,B00LC32W8M
110085,B009K0TW0U
110155,B00DQYNS3I
110165,B000ECXZHE
110171,B007JYTKGK
110222,B00HWYIFRC
110276,B00ATBOW5E
110448,B0093CLROY
110450,B009IR92LE
110535,B007YJ2GC0
110550,B00FHT0CD4
110628,B0081VIC5A
110870,B002F9NH68
110894,B00BLSXQ9M
110952,B0076RQLBC
111033,B001KP6M4W
111118,B009EMQE78
111198,B009PMGH1K
111237,B008BUKO9I
111341,B0097EBVO4
111447,B004S066HE
111470,B004GI4GNO
111489,B001D3TBVC
111557,B009EK3NG0
111622,B008JAO0LI
111636,B002F1UHZA
111746,B005WF42NE
111762,B009E62Z6S
111766,B0008MF4VU
111815,B0087U08XE
111830,B006VXXWBO
111909,B007N99QHY
112068,B008FZN3T2
112123,B00HV6PRIG
112149,B00E4V7T14
112189,B004K6KM8U
112227,B009230GNW
112305,B000G7VINA
112418,B003F7524O
112449,B005KGKZJ0
112473,B008031QKW
112646,B0097PPDWE
112880,B008L56I34
112896,B00AY65V1I
112925,B0058V9EW6
112973,B007AMNTM2
113117,B00668ASDY
113207,B00HVXPG30
113310,B001G8T8M6
113355,B00EL3LHBS
113460,B007C2PV5S
113536,B00I397HOM
113552,B0006LQGNS
113654,B007QXR8XQ
113666,B007D3YN5A
113721,B009LEG2EO
113785,B00B46O69A
113841,B001CRR0QC
113853,B00AAQ2TLM
113879,B001JT3P9E
113926,B004TMPH3A
114027,B0001ZNZF6
114047,B003OYJQF4
114087,B00AA6KD60
114131,B0098Z0OSQ
114135,B00631VHES
114138,B00AO16S06
114147,B00CZCU9FW
114241,B000OR7KQ6
114255,B0059EBZV0
114292,B003B164ZA
114377,B008N0TFDC
114419,B00G5GHRQS
114468,B003B2O8HK
114606,B00GBUWQZK
114615,B00H3QE5KU
114711,B0058YDZHI
114756,B00FY7VAQM
114837,B00D1MR8YU
115028,B0081UAZMO
115099,B00633YFNQ
115228,B003FKXW2K
115321,B00DFYIXPM
115386,B008F06A5Q
115447,B0085YDUVY
115557,B00AQLXU5U
115598,B00DPJCHQ8
115600,B005I1LZIM
115643,B00A3L9CA0
115654,B00EKN6S4A
115811,B0071V44LW
115889,B004J26F0Y
115893,B00FPYMO2S
115900,B005OM2R5K
116037,B00FIKRTGK
116047,B005R4UZH2
116097,B00C6BL4N8
116112,B00DYPU2L0
116115,B007L3WKU2
116164,B00ATOQSZ8
116174,B001SN7NRQ
116283,B0093N3DV8
116298,B0040JW8ES
116351,B002SQ0J0U
116375,B0012N1MSS
116417,B00I840VUY
116426,B0002FHIVM
116468,B0002FHIM6
116518,B006GTGPNA
116630,B00DM05BU4
116725,B00E43YZFA
117092,B00A02H5Z6
117119,B00EYNI1BY
117141,B00592WO2Q
117365,B005N2CF58
117366,B00CE5C8RW
117469,B008XMO0H6
117546,B0081FPNLW
117634,B002KREXVS
117737,B005V07DOK
117778,B00B8XQ1VA
117863,B005N3T1JU
117934,B0076ZK2BY
117957,B00F9T7S52
118001,B0013KDTTA
118126,B004TKFLV0
118224,B006AUXQE6
118241,B00BHO5VPC
118243,B00AZ7ONBA
118361,B00EAKJXQS
118583,B00621PSXU
118621,B007WA3K4Y
118787,B003F3OWMQ
118789,B00D75WT4U
118882,B009GKPEWO
118883,B00DW7MEM0
118953,B001GOUDBU
118998,B005ZJLCW6
119016,B00DSNV1F4
119018,B00865EFMK
119152,B00DW5CS2I
119185,B005LBHXK8
119393,B0047PAKG8
119401,B0054GYKHY
119455,B00CJ507WU
119467,B001AZZF68
119504,B0019WO400
119545,B00EA1A8RU
119555,B004H1X0BE
119609,B00IO90RTI
119615,B00B2AXJSC
119737,B001B1KUDY
119758,B0087CHX6W
119800,B00C7NSYVK
119830,B00CX4IMYM
119868,B00A3NI0DI
119875,B00882V2JK
119900,B0085KFMUK
119990,B0098M01UU
120018,B00BOUBEM8
120048,B006ZACBBU
120072,B00E0IL228
120107,B003ELP0O8
120294,B00B0QN8NO
120295,B0051UQSMS
120329,B004DJF310
120433,B00FF55Z5U
120465,B00CB3CZES
120530,B00D7L31GO
120575,B00ET75EXS
120600,B00BI528JM
120615,B00EL6AOG4
120706,B00AE1LQYO
120803,B004DKNHY4
120977,B00E5OD3WO
121028,B008N0IPUG
121050,B00F7OJAOQ
121147,B002JIO2JQ
121148,B0036C8F4M
121185,B005LCMM58
121240,B00FXW6PL8
121266,B003O2S7OC
121305,B002KBDKQ8
121329,B00AQDJCYG
121338,B00DTWYO30
121378,B000Z4NWN8
121443,B003VUUV0U
121558,B007LOTZ5Y
121650,B0058GZZWE
121654,B004EZG9X4
121674,B0014DSRT8
121695,B00ECIBYWE
121736,B004P557K4
121790,B004JPJ0NA
121848,B0082MFWBU
122075,B00EJTRVN2
122197,B00E098HQG
122459,B007MU608W
122499,B005I0JTOA
122590,B0073PIROQ
122683,B00B4PBJ14
122749,B00F4AM5PE
122789,B00HMYF30O
122793,B009A116EO
123029,B005FM67AU
123041,B00A3DXAY2
123100,B004NDOIJ4
123415,B00GKC1KC4
123433,B002QFTW88
123511,B000FVVXG4
123572,B00HMBEA4M
123678,B007E56MA6
123819,B00F4DREWA
123839,B004R8TMJG
124007,B009SO8T48
124106,B007NJN490
124135,B00080FK2U
124154,B0082UWIA0
124166,B003IHUAWK
124218,B00IMGPBJE
124288,B00AJZ11TK
124441,B00FRML9DI
124456,B0043NT3LW
124556,B003N63ESI
124620,B004KJF6MY
124716,B00BCN939I
124818,B003TPUV0M
124824,B008AEDHJO
124831,B00B78CIQI
124845,B0031U0PH4
124958,B003AXSBQO
124966,B00631VLOO
125149,B005LRRZDC
125214,B00E6OWZC2
125319,B009KR5T5U
125338,B008LWR494
125353,B002ATNXSK
125380,B0070XFENI
125397,B007MCUU04
125430,B008WYDP1C
125471,B004RQ38B6
125475,B0088EYPEC
125557,B00FY16L2Q
125607,B003D3OBVK
125662,B002LKON8C
125702,B0039NN9GC
125816,B006J223A8
125833,B00CF217US
125862,B00629OG94
125930,B00C7S86TU
125979,B00E68XAKE
126013,B002TPVTNG
126140,B00A02MN62
126203,B007ZTFN9W
126283,B00HG32UUW
126313,B00JRWLVNC
126369,B00A6KZQ08
126391,B00C981MGW
126417,B00CDJX87S
126421,B0007TLLAC
126443,B007JO6HBG
126507,B00D30YNTI
126526,B00236ZCMK
126574,B00AWMBZR8
126603,B00AHXRHHY
126612,B00HT13D20
126634,B00EUW1VO8
126699,B00J5BD5ES
126750,B007SOU7YK
126881,B0009PV58W
126932,B00CQAYK3A
126986,B009YB0AVA
127032,B0078IVDFI
127044,B008697168
127072,B00794W7JC
127107,B0041FI6N8
127221,B000RUJJAU
127317,B00DRCJ06S
127338,B004LKM2WY
127385,B004IZVEQM
127394,B008D9BFK4
127427,B00CIQLFWQ
127565,B000EPJIHM
127603,B00GLZY888
127661,B00DZJ8E60
127785,B009UZE4HQ
127811,B0074ZVIX2
127868,B00AHH92Z0
127915,B009GLD2RC
127962,B00E1JPW0E
127969,B007EN0FL0
128032,B002AQST2I
128111,B006JPM79M
128161,B00B2856XA
128437,B00DG7AXI8
128564,B008REY7B4
129014,B000O3MGNW
129034,B002VGZKKG
129133,B008P8MVJC
129162,B009YEJ0VS
129180,B002TPU0D6
129200,B00880AZTA
129262,B0083I7TIC
129309,B00D86TGAI
129434,B0053VVXRK
129508,B005IG784W
129551,B00BSYW1FO
129589,B00BWU07JQ
129696,B00BRGX55S
129700,B00DHZ75VM
129744,B007WASL66
129779,B0028N6R6I
129836,B00C942VPC
129965,B0028RXRKS
130010,B003XX05IS
130095,B0082GMHN2
130104,B003YBHGWM
130122,B003DZ11ZC
130158,B009OM8GWE
130168,B00E43NAM4
130184,B00EZ2F0P4
130414,B000WHRYN2
130504,B008X25S9U
130567,B007WAF76I
130623,B002Q0NHL6
130662,B00AYB41WS
130668,B007G7Z0YQ
130738,B000K5Y1OG
131054,B00CBES82K
131111,B00B8P4I9U
131112,B00FNPK0LG
131191,B006FCNUPO
131384,B005JDD13G
131398,B000F74QX0
131461,B003J4B7EC
131558,B00FWDHKU8
131570,B008JXPFJ6
131659,B000XJ7GFK
131704,B00IOPNITI
131794,B007RD9DS8
131953,B000FBKJGO
132279,B000F3WZNW
132355,B00FSWT0HO
132380,B008J1JCKG
132446,B00D4MULWI
132450,B00453KNQ4
132471,B00AGVP1A2
132505,B00A29PAOA
132593,B007724JLA
132630,B008VSJK6I
132664,B008B2X06K
132699,B00DP3ADRY
132826,B00AOVUES8
132868,B00CEH0MSM
133023,B0080E6OZ8
133067,B00AVKUDRE
133180,B004I762P8
133220,B0058C6NV0
133232,B00FXWANT8
133261,B00COA7NWM
133331,B001HGGMM6
133640,B008E7IA0I
133904,B003BPWJXW
134077,B002PID9NK
134129,B00EI8GGIA
134161,B0050JDVIE
134173,B005LBZ2Q0
134322,B004QC1DOK
134423,B00A7WG5H8
134503,B008MA14GO
134504,B00DF0SN6K
134509,B0012N1K5I
134530,B0056JJMWW
134578,B00FFV4X2U
134579,B00B67E39A
134585,B009FL1YYQ
134594,B006VXSUTS
134624,B00890NCNA
134652,B00938BTA0
134688,B007XURF6C
134793,B00FPF6BEY
134797,B0065MK8AE
134800,B003SVJO1O
134993,B00B01JAHC
135094,B003WN9DFU
135103,B0062SEQMM
135207,B0085EBAIY
135372,B00DVKDM6U
135461,B0009JIJ8M
135544,B00BC77RMY
135592,B00BY2XHNA
135640,B00D86JMP2
135653,B00AZPPEQ0
135673,B004SK43R4
135708,B007US7L1G
135750,B00EQFENWG
135888,B006VKIB5O
135950,B0036FD9CC
135980,B007S6URVG
136024,B00F0BUNBK
136224,B003MUR8L4
136242,B003EEH7NM
136314,B000FFXLOC
136369,B005VVREAM
136489,B00EPDXLJA
136653,B000PHG4L2
136665,B00AI1M64Y
136674,B002XV44Q0
136704,B008IE0VB8
136710,B002866MZG
136819,B00CESEVI8
136854,B0032ANSHM
136862,B00DM05CMG
136919,B002FU6LZ6
136966,B007V7SJ8U
137032,B00CF1S7NO
137061,B00DYF3H62
137072,B00FWIY5UQ
137073,B00CD9FBGE
137094,B008TI7V7A
137251,B00BUMB02Y
137290,B00DM05BC2
137314,B00JEQQ2IA
137360,B003V5JMSW
137461,B005ANXH8O
137701,B00GYSFHBE
137727,B0092QTBN0
137803,B008PE1PZM
137824,B005GUPV9O
137826,B00DLZERBY
137858,B00AP9LIMA
137958,B0041OSVE8
137987,B003EMCY5U
137991,B007QBSCRE
138037,B0052QCJ1U
138059,B005GYGD7O
138074,B00EQ1XUHY
138313,B00GBG0IPY
138338,B004WMFT7G
138342,B004KTGHFO
138363,B003DNR2HK
138452,B00336EYZK
138481,B000AYO97G
138505,B0071HUHE4
138546,B0099QGNB6
138938,B003X0BN8M
138940,B002MCCFVQ
138973,B00FS0VC6I
139003,B009ESZFEK
139018,B00J3N2ALW
139055,B002EJ6W4I
139067,B0081VICZ0
139093,B00JIMD1DO
139114,B0058PK5PC
139233,B00GFS4WNC
139301,B008V84ZB8
139308,B005DSM7NW
139315,B00A7F4BEO
139373,B003S7T8NM
139375,B00FRFR1EQ
139393,B004IRCJDC
139413,B005GFROHG
139452,B000EX15NY
139615,B004Z1BZAO
139640,B00BLSX1CY
139668,B00CJGKYTU
139691,B004FGDGT2
139703,B00EZ8EES2
139711,B00BT5APJG
139822,B0057NCB3E
139919,B004S67TG0
139993,B00AQ4S0LQ
140017,B0009HN7AO
140138,B003CUVRCK
140249,B00757WI9M
140264,B00GU81R3A
140344,B009L0EUU6
140371,B00CBKIJT6
140524,B00CUAJ7WU
140582,B0083J3VRO
140673,B00B1BXIOC
140782,B009BRD0CI
140799,B009IPYDUQ
140956,B007XBE0BE
141033,B00AFUHR6U
141120,B00CFROZ7A
141339,B00BEOH298
141367,B0051S67NA
141369,B009WW3L80
141572,B007TQ26CI
141603,B00AZIGLPA
141651,B00DNSNVAM
141652,B00AZOC7QQ
141693,B00IDY6QNK
141703,B00AI2QJJG
141740,B00C2G3JE4
141774,B00GTIVYHU
141787,B0020ML3F2
141788,B00GUX9Z8E
141824,B00AEYYT9A
141860,B000FH4JJQ
141886,B008MP3UCU
141960,B002R0FCJA
142153,B0040JW8B6
142192,B00945RF8M
142203,B00817DZQA
142224,B00BYP63FQ
142351,B00780KEMO
142353,B00E6ERNT2
142512,B008RWG8Q8
142582,B007WAFN4E
142606,B004351674
142667,B00A3I4SLG
142688,B004H85FTM
142845,B00D6NRAQK
142926,B00C3FG59K
142942,B00DDN8DYQ
142944,B009GPNPP2
143071,B00INKVH6U
143098,B006Z8HNXS
143150,B005JJ2762
143164,B0083I6WRG
143187,B00A4Z7RAM
143201,B000783X5E
143255,B00J7CRI8E
143283,B001RNO45Q
143326,B00793AR8G
143376,B0043O31KU
143436,B0060C8HCU
143454,B004WHWPY6
143628,B003S2D1EE
143789,B00B1K2TCK
143931,B00D7L47BM
143940,B00APSRFO6
143941,B00DGM5GOE
144023,B00ARDD4XK
144080,B004I77B4E
144133,B00C7I66RY
144339,B00GTCX8Q6
144349,B008DEWSW8
144733,B00BJXMG04
144896,B000W6JY36
144897,B00AR3FQIG
144940,B00CM2OBDG
144988,B00HCII3LQ
145048,B002OGDCXK
145073,B0093Z6IP4
145171,B00CYGGHAK
145173,B0009G5VHC
145244,B009DKKVX4
145285,B008YT57HA
145311,B003IFYA2I
145447,B000W6VSNU
145552,B00BG6RKUU
145576,B00JEYI1KY
145601,B00CFCXBPC
145717,B004K1EOYS
145786,B001694O8I
145924,B0064W8LM2
145936,B00CLBHBQC
145954,B008AJIP0A
145997,B00BBRXNPK
146111,B003G5L0DM
146120,B005D6B5O6
146301,B0098JW1FG
146314,B008KKSKJ0
146335,B00CAWOY26
146518,B0009Z6AI2
146520,B00D3L7UBA
146760,B00BD5DE5E
146832,B004Y9ZNNC
146849,B009WW3J2S
146856,B004S67T3S
146988,B00155INMG
147032,B00GW80AMW
147087,B00B5PMS68
147152,B008EQWJ74
147234,B000Z9W33S
147235,B00A2PXQSG
147264,B00BXJ1R54
147547,B00BTKSXUY
147722,B00BPDC2ZC
147760,B009P0NHX8
147774,B002KEXWU4
147893,B00F0HFDVO
147898,B00A9NJR52
148012,B004YZ82RA
148109,B005TRJ0G4
148120,B008E9XC54
148132,B00889C1XO
148167,B005FQKNVU
148213,B001X4FVPQ
148372,B00E0L2FAI
148420,B00H4K7T30
148463,B009TCD48K
148467,B00AZAZA1Y
148489,B00BJGNAIS
148508,B009E0MOJM
148509,B002XZKY56
148520,B004VA6ZXQ
148588,B002IREVQC
148699,B00FPKJ1JQ
148706,B007C8A39G
148720,B007ZYVFM6
148745,B007WWQGRA
148803,B00APO8WDI
148858,B00DMWQQZG
148887,B008JEESG6
149079,B00E34CA66
149252,B006SCSOOS
149286,B000W4522A
149298,B009K0TSZY
149360,B0087TE0D4
149377,B008UPZ8B8
149398,B00APFQOE6
149452,B00C9VN4YC
149463,B00BJHRADI
149469,B00F59H4DC
149668,B00AXX84QQ
149698,B00655S42K
149750,B002FOHDRM
149792,B008Z1DQB6
149878,B005G2B5HO
149961,B0074T7TY0
149979,B0054OU5EI
149996,B0071AT06W
150045,B00C7AXGDO
150064,B004A9FVDS
150071,B00D7EYA5W
150086,B00BIF3GIO
150140,B009EPLLVY
150171,B00AR55NPK
150173,B00AOD8P5A
150216,B000M9PIU6
150432,B00AMQ0ZIO
150461,B007U1G9LQ
150507,B003AKYKQW
150709,B008BBO1SW
150733,B00BNVSPG6
150808,B004G0ABUO
150864,B001IDZG2U
150887,B003YVMP00
151098,B001EA86KQ
151149,B000GUFXXS
151165,B009OC6SYW
151271,B005UVTZ9G
151305,B007M7WRFK
151344,B008AXTOQ0
151499,B003JMFI8K
151586,B00DQ5TZAW
151609,B000ESCDJO
151635,B004V7E5HW
151748,B0057G3Q7G
151750,B002TX6U14
151806,B003G5US4E
151945,B0007YXTOS
151951,B001BZZCQU
151985,B00D5M166M
152002,B003WTP0EW
152267,B00BTFZNDY
152286,B006CVKSDU
152318,B00ACE8ZSI
152393,B008O0VPY8
152445,B007V65EWK
152450,B0041HX7UI
152535,B009EOLC1Y
152548,B000KBEYBU
152668,B005WR57OU
152724,B005LS7KU4
152743,B00CPLHJJM
152768,B000FVWKQQ
152849,B006P7V46G
152854,B003QFZUOC
152905,B00F2V77JE
153184,B004V96OKQ
153278,B0083EZDD4
153294,B009W329BY
153349,B00GFVKL84
153359,B00BY2ER5W
153426,B009AO63GW
153506,B00362QLMK
153513,B00CBLQGWW
153581,B00DIB5N32
153586,B0084GYHH4
153628,B00F5Q52UC
153706,B00CWZACPE
153804,B003QFXPN0
153806,B00DH9OBJC
154024,B008IHCHJO
154051,B00CFICSZ0
154066,B004OSNVLE
154087,B00B2I6HVK
154161,B00ER2G1FA
154185,B003X26S5S
154211,B0042IVEUG
154356,B0002RX0EY
154507,B001DUG8VG
154741,B00DUUN5K4
154765,B0001Y3O44
154777,B000XEKHOC
154924,B00CXJRRYI
154933,B0058Y6G42
154936,B009CG13CW
154970,B007NG7TS0
155062,B00GAXA0RO
155302,B000783OEE
155403,B00ABVX3OS
155410,B004I7BJ1A
155423,B005ZG1VUC
155526,B008596OA8
155596,B006W1TYE4
155604,B008027JZE
155783,B008KAA4VM
155832,B006UCOI8W
155851,B00AACAV8E
155880,B000GIPENY
155913,B000FP79H2
156148,B008VXLMB4
156160,B0029YA3BG
156214,B00AHS6CKC
156257,B0017KU53O
156267,B00KIYKL7A
156291,B00I2K5UW8
156292,B00ACIHBV6
156361,B009YA3BXA
156401,B003IYYE84
156517,B00CE1SWLM
156592,B0037Z37KK
156609,B004ZWESPM
156659,B005009KR4
156698,B00CE15B3Y
156729,B00IDI0O3E
156736,B009X54PZY
156809,B008A0P7KU
156992,B002OFI24U
157019,B000A3BUG0
157066,B00FN5TCJ2
157184,B008AT4L3A
157207,B00DYQ46RK
157228,B0000WL7HI
157350,B0024FAYRS
157380,B009WB8X0M
157526,B0056E63UQ
157581,B000J3RT1Q
157625,B00K8MEUHE
157626,B00GRUGMBS
157803,B00CQ1OGDI
157826,B00A6KSDF8
157834,B00DE7DZ1M
157843,B003F0OKD0
157854,B00EC82IP6
157995,B0043O2T4E
158064,B0072D8YBK
158104,B0054G5EUQ
158198,B005EP1F6Y
158222,B0000DZUZ1
158320,B00AFC6IPY
158355,B0054HM0Z2
158498,B008JBJ05I
158517,B00F9T4XD2
158688,B005ZDZ8SG
158774,B006UXIQ0C
158776,B00AZIGLHS
158831,B00B2AW7NU
158951,B004S79EWG
158990,B00816LDQU
158991,B00EU8W1DM
159161,B001HSMFLQ
159242,B00793IEWC
159275,B00DMGWNTA
159311,B00AF5JN2G
159329,B000QCIWXY
159392,B0045Z28BA
159401,B00HADCOZ4
159439,B00C7DRM18
159467,B008A08RS4
159501,B002LVOPC0
159516,B008OXIYY4
159546,B00C66VB04
159548,B00AJ45Q7Y
159568,B0012VV3B6
159738,B003ULMGGC
159768,B008RZRBJS
159778,B005AQMIYK
159791,B009LFO510
159904,B00A6KTBDQ
159956,B00E6T84A4
159994,B005QGMWK4
160085,B004X4MFN4
160201,B009CEVU8Q
160418,B007GHG2DY
160710,B00B7GY6CO
160823,B004PZLN3E
161093,B003BNZ3DW
161244,B007KQRSZM
161349,B00D3HEQZ2
161413,B004RUVL20
161482,B00AHOQE86
161496,B00668ASDE
161552,B00A4CTIH0
161577,B00AP5ZX0C
161586,B0054Z2A3G
161597,B007UMDB02
161648,B007MSUK3U
161657,B00595JOOY
162109,B00DIUSQZK
162177,B00BBAJQ76
162193,B00B9FODYE
162278,B00ARJSV28
162348,B008OQUN0E
162378,B00DDJHFZI
162418,B006BB8L12
162463,B0011ZX636
162489,B0062HYA6U
162579,B005MKPM3S
162735,B00AJ2FM7K
162804,B005GYGDFQ
162860,B00DW44K5C
162907,B004S99BUY
162987,B00ENHXOI6
163004,B007NLY29E
163087,B00336EYZ0
163109,B004FQ7Z2Q
163129,B00D9N00DW
163231,B005HFK1ZM
163314,B007WAEBPQ
163342,B0016LFN5O
163362,B0012QM8IS
163566,B008KK0D22
163668,B005V1Y34W
163699,B005HEQARQ
163736,B006L7U87Q
163761,B00AMQG8GC
163842,B005UJNPVW
163865,B00B5ZT6I6
164053,B001K7ILQM
164108,B007PIQ5UE
164126,B0091T8Z8A
164131,B00IAZ10DI
164183,B0091V5RFM
164348,B001PR003Y
164421,B003ZW8BF6
164456,B004A7S8LC
164573,B000VUUF86
164574,B004SKTDOM
164931,B005IXS43Y
164951,B001AWZDA4
165034,B00AJ9FWUA
165243,B00DQBBAAE
165291,B00A6YTKD8
165311,B00BILHRFG
165314,B006LHMADG
165336,B00DNSJEQ2
165339,B00186YU4M
165382,B005PQPLLC
165485,B00AM1RPQO
165507,B001AXRM4I
165516,B0045U1CNU
165575,B007BRNSTU
165620,B00B7QEKRA
165693,B004IYZKWW
165707,B00B05EVAE
165784,B00A7J2XVI
165927,B007XLAV3A
165962,B008K9XB68
165972,B00J4DBLDE
166108,B00AWKKLH0
166109,B00GFFW3BS
166142,B006BDLMHU
166169,B0016LA2YQ
166319,B00AKQNR0O
166349,B00DNTSBVK
166350,B008EGEN7I
166372,B00AQZR53O
166385,B00A9QSXW2
166472,B00JQRM51U
166491,B008P7L92S
166599,B0080E60WA
166629,B007O38I46
166665,B001O2Y5SQ
166697,B00ACD8OL2
166901,B0051WSC8E
166968,B008E5LV10
167008,B0072B6NVA
167023,B006VMAWQ8
167083,B00B70ILPI
167098,B00DAPS0KE
167180,B004YLXUR6
167195,B00FF0VCAW
167209,B00CJHO3W8
167216,B000EBKJVA
167353,B000KGI9VQ
167369,B005EU7IWE
167406,B00INROHJM
167416,B006N1JVPK
167479,B00EAYHBCM
167786,B009GE3XQ4
167868,B006J78FR8
167901,B00CZ4YHVM
167944,B008FX8YZM
167997,B008JBOODG
168037,B009W6F3MI
168096,B00B78C6KG
168129,B00AHBBNM6
168158,B0036HAE0K
168220,B00BNPGKKU
168225,B006PHF5FM
168292,B005CT1VKC
168313,B004UUKSM6
168367,B00AKFPOZQ
168379,B007UNSF3O
168525,B00DQNAU6C
168534,B007IL1TNG
168576,B00E1LCMBO
168684,B00DBKCQ0I
168695,B00KKE9KAM
168802,B00C7L3868
168925,B006VN91I2
168997,B00F9JMUZU
169129,B005FJQTBA
169137,B0082CD4BA
169194,B006W4NGZO
169438,B006UXRFPE
169493,B008J4FT8W
169678,B00BLW2PZY
169696,B003G6QFEK
169783,B007RNAL0M
170112,B008TV6B1Y
170120,B00KP0GW4I
170154,B00FAX5XKE
170211,B007JPJD6G
170243,B009FX8ODI
170246,B004YXU3HE
170286,B003552OEM
170289,B00DGM45HS
170347,B00BX8EDVA
170388,B00D8GZVCK
170395,B0006AAS4M
170398,B009UYR8D4
170481,B0048LYD28
170568,B00F4O2EFG
170641,B00DQO0JAS
170810,B009Z1BKNQ
170824,B008VUNVCK
170834,B006LC6DB6
170937,B00EVLVDZU
170983,B009D8R2CO
171115,B0038Q9G5S
171148,B007T4WSLO
171176,B00HSFYY98
171200,B001AX6C8K
171201,B00B58ORPK
171238,B00BM279C2
171269,B00BGFFUTO
171305,B000U83I1A
171361,B007FN9K2E
171371,B0017ZW5NC
171396,B00AYXA47C
171414,B00DH9K28G
171716,B00BNB37PA
171987,B00BC9F3TQ
172288,B005ESM8O4
172343,B006TAE9R0
172359,B004SG8ESC
172374,B007PESQDW
172511,B005MKREIO
172536,B00FY422FS
172540,B00459VM6I
172724,B00E8C4UO8
172748,B00D4K44SC
172862,B00E1ZXXAE
172871,B008M7YHV6
172970,B00H1ZUIZ4
172991,B0009OIG26
173017,B00EDTLSMS
173114,B002BM5ZS2
173119,B008NCYALM
173180,B00BMM05N2
173240,B00IFXCVA6
173302,B00ESRTCTG
173305,B00EK6N7XM
173343,B00FAAJ5YW
173369,B00EF487X4
173418,B0036S4NJ2
173419,B00C2OKE62
173441,B009R7S37Y
173578,B00E0FFLGO
173593,B00CE1SYG0
173629,B001AHU0UM
173686,B00EIKQURA
173714,B00EQQWZNY
173779,B00BGEVB6G
173808,B00AYCOAXC
173816,B00F52C0O2
173949,B0089GNZNQ
174034,B00BTPX2DM
174105,B00BJ0A3SO
174238,B0012V3CRY
174483,B00B9FO7FO
174487,B007JO692S
174522,B00KDSZ2AC
174572,B001WP3N4C
174585,B005OTA9R6
174602,B00DNNVH0S
174655,B008FYXQM2
174668,B000UV0MJS
174679,B00HUFSWTE
174740,B0064VI2WW
174754,B00A63Z2C2
174942,B0093KUMP6
174965,B008JASYM4
175064,B001UEN2ZU
175236,B00HOMKMGO
175244,B009KS2VR8
175300,B007I34R60
175400,B005OVCF8U
175446,B00GGR98XQ
175506,B009L87MX0
175524,B00880E3FW
175566,B00F0BV07Q
175601,B002TNMJR8
175669,B00AWSKD3O
175707,B0094FYRM4
175740,B006DI3ZV4
175745,B00HUMP89O
175829,B00063W5FE
175858,B001EWEQ3K
175918,B00BQRWZFE
176015,B000B55AEA
176084,B005N3ASPG
176191,B0011G40PI
176276,B008PEHEHA
176327,B000AYW0LI
176441,B00ET07YCY
176450,B000J3AWTW
176492,B00F9RNVM8
176619,B004DL1QOG
176677,B00FMV5NWW
176682,B00B4DX3XI
176753,B007TFCVQU
177008,B005LXBVD6
177019,B00943ZPV8
177357,B009HENOBW
177372,B0054J2YVK
177398,B000LWX5WW
177463,B00DBDTDGA
177467,B00ICO90AM
177492,B00GM0ZGMY
177655,B00E8CMBMG
177658,B00AW80P28
177880,B00EKD4LLW
177950,B005GMZ9W6
177969,B00CII514C
177996,B00H4WBSIK
178011,B0007CKMA4
178030,B00E0L2KSU
178059,B00CDBO1A4
178165,B0096G85HE
178276,B009F8R15A
178343,B009CDEPY8
178359,B001R4CAV0
178360,B006O00S7A
178362,B0081K8ZWQ
178391,B00CII3VPS
178413,B007VUKTW6
178600,B009OKPR96
178679,B00EDIMMEM
178727,B00G9B9RHQ
178779,B00E9HPW94
178864,B00BMZHCVM
178939,B00CIZOBZU
179087,B0070T7SD6
179106,B008GOP08E
179119,B00D2C6IEU
179195,B00DURZ7BW
179276,B001GIDOD0
179290,B003MLIDTE
179348,B00HYTZWR6
179358,B00CLXVCKQ
179527,B0085MCLL6
179543,B00F4FD8AA
179737,B007T8WX56
179801,B00906HDDM
179855,B00CKGA714
179878,B002761QDK
179913,B00428ZHRC
179923,B008S6XL18
179974,B00AEB94S4
179985,B0045LJ01K
180086,B002YC83MO
180098,B00F2AWU88
180185,B005FRADGO
180277,B009NQQYYI
180314,B0064TTOZI
180325,B005HHT10Q
180369,B0093KJ14E
180386,B00CJ7WAVE
180526,B007UMD9F4
180577,B00H7VN5T8
180610,B009O8KWRK
180675,B00ADQN62A
180794,B007WAFIW6
180880,B00C5TOGQS
180939,B00DRG3VYG
180960,B004TICKMA
180992,B0098F1Z0C
180993,B0010AZFK4
181064,B00FMZH8XU
181178,B00H7IFIOQ
181247,B000IN9MJY
181323,B00439GCEM
181345,B00CUFL9WG
181414,B00AF5JQ8C
181487,B00DZFMM80
181488,B00EMG40VS
181522,B00FUABJF0
181610,B002GCW62K
181632,B008R6FAAY
181814,B004UJ6YAM
181881,B000RUCZTM
181884,B0095P885A
181890,B00CI2KHEM
181933,B00BYE6PNC
181942,B0058M5WTO
182044,B007K9A3JC
182281,B00CMG1LG2
182428,B008F4G37W
182471,B0071TBALQ
182559,B00A7OL6K2
182570,B009DKKU08
182666,B001J8GKKQ
182749,B003WXQI58
182786,B00B30X6QQ
182827,B009L7C4YS
182851,B007R5QP96
182987,B00HOVWGJ6
183019,B003FSSP8I
183036,B00CPKJP54
183067,B00DWXK5TS
183073,B008G51WHQ
183280,B00BM9QUNO
183294,B008G3SLUE
183323,B00DW5CY5Y
183326,B00CMNQ8MM
183710,B009NUQ39A
183721,B00IA9L4F8
183861,B0089ABTX0
184070,B005GBVDIG
184089,B00C2T1FCO
184101,B00383N0PS
184276,B0008EOEPK
184314,B00CMTFRLE
184360,B003S7NMZ2
184395,B005MYBJUO
184405,B007VIWFXO
184501,B00AR10I7C
184555,B00FL7HB7W
184573,B00CO8F69G
184691,B00FSAMO6A
184750,B00AI3YL68
184878,B0077UCSX8
184887,B005P68KDI
185006,B00EDIN5SY
185049,B00D1G7MGU
185094,B00BED4YXQ
185112,B005GPGYB8
185172,B00BGDHZSA
185209,B002B3FWXY
185249,B00EPLZ0FU
185268,B00F7LTN0K
185282,B000VYR24W
185287,B00D93TRUY
185311,B003JSUAUU
185365,B008OQSYM8
185388,B0063CAPFY
185412,B00BSPIKYO
185464,B00DJ1T4RW
185500,B00BP753GS
185573,B002W70XJM
185609,B001QFZWW4
185686,B00CD9EG6A
185893,B004GEC6G2
186038,B00079UM2A
186043,B00DZ0K9H6
186044,B00AKV95C8
186157,B00FFYXRHE
186183,B00C0OCU0M
186251,B0076SSH4A
186347,B003V89VTE
186350,B00D8UYPCI
186466,B001TPZYOM
186545,B00AUOXVHK
186589,B00B08JNXG
186653,B00DJPT5YA
186693,B0002USAW8
186746,B00DE8ER9A
186832,B007CNDVHM
186913,B00CHWF4XW
187076,B00A9RCZV6
187159,B000OWC1HE
187213,B003ZS5TTQ
187263,B0012QM6GW
187267,B00IIHJ25Q
187331,B00A58ZK84
187385,B008D3U1BE
187393,B00D3ZT2L2
187425,B00ARHJTHG
187432,B002PRWDFQ
187461,B003YMZINA
187518,B002D481S4
187556,B009PIQU8O
187573,B006Q6VB3M
187582,B005KOIU3U
187624,B00EDJ8W86
187724,B006LXO5Q0
187813,B002N3AMCS
187845,B0098SFWK8
187846,B00EY9K7PQ
187860,B00AQTYKCY
187907,B00CZGEJKE
187949,B00FLXMST2
187958,B005HNG8XS
188093,B00DGM4RAI
188096,B0076AT8B4
188100,B007IGQ7F6
188113,B006BIOYBQ
188117,B002E6LPU2
188220,B00GQ1H3Q6
188340,B001EWEQ4Y
188405,B00BN83QPO
188630,B000PAOHCM
188688,B0092KLNIC
188746,B00HANKGSG
188812,B006Y4QDZC
188834,B00ABV2YJS
188881,B00CIZG8GK
188920,B00H8XNZE0
189009,B00FN1EWKU
189010,B008F0JTOU
189041,B00E1JKSKI
189048,B00IY0F5VC
189131,B002X5ODG2
189132,B000P50VWM
189183,B003VFGW76
189223,B007WAU2OK
189247,B003DVL1JW
189403,B00BQLC3Q6
189408,B004L6XO2A
189501,B00A4GOYPW
189512,B00E96B9UG
189578,B004IYILN2
189693,B008B5HICE
189855,B006Y4QDVQ
189925,B0092T9TI4
190017,B004HZIRHW
190079,B009D8R23S
190086,B00DSV2ESE
190092,B009K08AAS
190107,B0042IU1F0
190121,B00F3D230Y
190208,B00BBU6868
190214,B0070180BI
190220,B00EDIMBV6
190273,B007W9ZFRA
190305,B00J7U7JA8
190326,B002MCNRIG
190386,B00A1G2DZS
190412,B00E1OTCEG
190541,B00EJZE91S
190739,B001D3TCF2
190797,B008JRQ1FO
190841,B00DGWXO34
190848,B009Y9OIU6
190888,B0081STN4C
190929,B008BFT7HS
190959,B003ILA0EY
190996,B000B6CSIU
191025,B00DK3GURQ
191045,B00HYRTI9G
191080,B007X000Q4
191118,B007CVUSH0
191269,B0088MP0I4
191387,B000WAMU1A
191598,B004WIRIV0
191640,B008TU54NQ
191840,B0050DT11Q
192091,B00HG1XRB0
192147,B00EQAJFLU
192161,B00E1JLOI8
192177,B0079LU63Y
192201,B00E9A2N7A
192231,B0017H5HL2
192407,B005NKKLL0
192432,B008WYDI7I
192463,B00CX5QFKE
192479,B00A0ZN1LA
192801,B008E3CCF6
192811,B0037KL4XC
192909,B00F3CH08U
193018,B008J1NXME
193130,B00GX7NAG0
193324,B00C41B3UO
193397,B00A29VD78
193399,B0030DFF9A
193406,B00F9J9A6C
193420,B00B8WF6TY
193488,B00DVKNJ6S
193504,B0063CGZEE
193529,B0074H8JR8
193561,B00GAWINLU
193578,B00CWK61A4
193613,B00BTAQA9U
193619,B004I763ZC
193624,B0089ZNO56
193630,B00A9ZI6IE
193639,B0049QL0WS
193660,B00CXLBA2G
193721,B00435169W
193820,B00246ATU4
193885,B0000DYKET
193952,B0072D7LKU
194036,B007NLX16O
194099,B00374HS38
194136,B0010VXBVI
194194,B002YOMJPY
194196,B003DZDYMU
194281,B007V83MAY
194336,B0086UA6OG
194339,B00AIIQJ5E
194349,B000N3Q6IE
194438,B00IV97QKO
194570,B00EFHAZJA
194584,B0031R22N2
194628,B00ER2G0GU
194690,B00BR7D14C
194779,B00ADSEYDI
194919,B00G9G959G
194972,B00201ESGO
195098,B003ZYF35U
195127,B00CPTJTYM
195201,B00A9SQN6I
195207,B002ACNSQY
195300,B00284ADQM
195314,B00GFYVFSG
195392,B00B2IPE46
195438,B001KVQM96
195649,B00JDU6W5A
195746,B000RFA2EW
195748,B00J4MHJ7W
195819,B0033IJDM2
195841,B0042D5038
195960,B001E2P6E8
196011,B009DZG8SQ
196061,B00CS5QMSO
196080,B00DYUVGJM
196243,B00838GJRE
196458,B00AE7E15E
196654,B00B7XNO2A
196940,B00IPB8WZ6
196976,B00A6WZM1E
197003,B00CW9H9WO
197100,B00E0F9Q3S
197279,B0012UZO26
197499,B00CHI3Q6I
197590,B008F0NCV6
197666,B00CHYOSCI
197817,B00CH4RPAU
197821,B00DMFGLWG
197862,B0088X1JII
197919,B007GB5W0O
197939,B002MUATH0
198058,B008G1GGLW
198099,B004VXZJYE
198217,B0012SC9HG
198272,B0081P6NQ6
198361,B007L4Z9JK
198366,B00CI98J2M
198418,B00EFQ0DL6
198480,B005P1FTAK
198610,B005F0X3T0
198626,B000VLVPJ8
198677,B008UKZ868
198690,B00D08HVOW
198806,B003IC7LPY
198888,B00B1AYMNO
198969,B00E955EOO
199111,B00C40PSJM
199183,B0017OEND8
199231,B002XKS19C
199235,B00E924N4E
199244,B00BQVS1QC
199339,B00DUS0M20
199718,B002KMILQG
199770,B0031U0PO2
199827,B00DEY3WIG
199944,B0047MXKTU
200061,B007WAT69W
200112,B00HTQG5UW
200186,B005C223BK
200189,B00DB24EY2
200193,B00ARKG4A8
200276,B00CI2S5PK
200277,B00EAJBMBS
200280,B000I0GZJC
200405,B0051WQW0E
200431,B0064UXC7S
200545,B00ANTSXTI
200573,B004PGJIIK
200592,B00CL3R29Q
200626,B00GSXOAQI
200688,B001R2G6IA
200722,B007SH22XQ
200758,B00ERX30U8
200784,B00AJ2ZZ90
200878,B0072D9M0C
200883,B007GNHZMU
200910,B008H6FJQY
200967,B00BI44Q9S
200968,B006P2TX5U
200985,B0055VF4R8
201139,B001SN8DHK
201189,B001IZ686G
201262,B00HHTOU4O
201274,B006U7OSK0
201289,B00GHUKZMU
201469,B00A6G48PQ
201595,B00GN6YR86
201618,B005XT31HM
201697,B005GVH25O
201702,B00BA07F8O
201715,B00EAU6NXE
201721,B008A15WNQ
201745,B00BNBAUZ0
201756,B008AGW1R6
201791,B005T5PSTO
201927,B00BF7T8T6
202052,B00DMWQOGC
202076,B00DMWQVJM
202131,B007ZIALSG
202167,B008MMWI1M
202174,B0035GNQ66
202257,B00EE851S0
202361,B002GU80XG
202405,B00E4PQ7OK
202482,B004NRNR4C
202610,B00BWO3JPG
202690,B00DHKL51I
202826,B00CDJUODO
202937,B005OBAZQE
202939,B00EZ6ZENI
202980,B00A6V01PM
203037,B009ROEQDM
203234,B002YUGLDO
203236,B00CVAY4NQ
203277,B00HV4YZVS
203289,B0058ZPIV8
203314,B008OZUY4K
203327,B00CS1C6H4
203368,B009X6TCGU
203412,B0065ACSC2
203423,B005P1JE1U
203550,B007GNHFDY
203598,B002OGD8C0
203639,B00DLWAB5I
203680,B007KR07ZY
203715,B00BLXJFJM
203779,B00374HRWA
203821,B000G2M7K8
203902,B008MMJ27K
203972,B00EI49PFU
204095,B008Q1LK7M
204128,B009D6BF88
204207,B00DB950VQ
204328,B005A4GVMC
204329,B00962GUDE
204412,B00335I2Y0
204479,B000FBYDTS
204622,B00DQG0I2K
204703,B003XDVUEQ
204707,B00AW8HF9Y
204840,B00425YFO6
204862,B00714RY84
204906,B009NUBG9W
204940,B0051U15E4
204947,B008Z9YR5W
204971,B0073DF1C4
205014,B007MY6SUI
205094,B00DSR1M90
205097,B004FH6L8Y
205391,B0072LCPP8
205426,B00668BMW0
205433,B00GURSZ0Y
205454,B000F1SCU4
205531,B00E94988I
205561,B00FEEA4MG
205781,B005IHCEI6
205907,B005KC8NH0
205956,B00DBL4EXO
206029,B008HSEGVQ
206103,B005QR4864
206130,B007FXGOW8
206183,B00A4EI946
206280,B00BMTKXPU
206458,B000MFD9TC
206468,B000HAVGLK
206541,B0000TIIZ0
206561,B00ESAOJGO
206577,B00F0N87CK
206614,B00F3WNY8A
206619,B001EWEQ4E
206752,B008PBQF1E
206792,B00DY8KTYC
206816,B002KHNJDQ
206844,B00BWIW7TQ
206896,B00DY8RRQU
206948,B00AZWFDT6
206979,B004PEI44G
207013,B007H13K2U
207026,B0031Y6W72
207078,B009VD0UHU
207290,B00CTXS9UY
207306,B000NJHDM6
207361,B000NHW35A
207402,B00D2W2YFM
207438,B00B01GJSK
207452,B003EEMHTG
207502,B008JGAWGY
207520,B00GKE6GSA
207562,B000F4NMHO
207593,B009LAXJDU
207754,B00870AEBU
208064,B008JGW4JW
208203,B0045H74XA
208331,B00EKXI3SY
208379,B00EJCRN7I
208399,B007V7ME0E
208413,B0085BN0JO
208562,B009T09BMA
208598,B0017KWF7I
208610,B008FY77GI
208763,B003AWAR8U
208827,B006MXK144
208865,B002AMUTVG
208922,B000T9VK56
209119,B008AG5YCK
209206,B00CQ4CR6S
209334,B0040QF0LO
209393,B005GYELFU
209445,B00ACIFJC4
209669,B000LK22AU
209704,B002VLYIJA
209726,B00CIPMCUG
209740,B007E6A50S
209784,B00AMAVG7O
209787,B003B4SZJ0
209805,B00C2ZNUPS
209889,B008YST31C
210115,B00ALY4JD4
210156,B004VA6VPS
210197,B00EZIECPW
210206,B003C1QRDS
210249,B00362MJLW
210283,B00D5BPAFG
210326,B00866BDMY
210346,B00CYAWCPK
210386,B001IBHM6U
210418,B009DEGOSG
210573,B00EAQSYH6
210629,B0000Y5T7A
210645,B004L7J7IO
210771,B008CQIRIQ
210890,B003GISLD6
210911,B004JI9D48
210987,B00840RQOQ
211014,B005X8MHY6
211112,B00ATHBEFO
211118,B0007DG61C
211148,B002MUKJ3E
211200,B00EVDNH0M
211247,B00CWK6FM8
211249,B004GXC8NY
211401,B00ENZPQSY
211519,B008BHILMS
211537,B003DBED9M
211549,B005HILJT6
211725,B00HQ5E800
211740,B00ET0M45G
211749,B00BUG1UFM
211798,B008E6T8OG
211804,B00F718KJ0
211840,B0089GMUXM
211842,B009OC6T14
212088,B002MUKIZ8
212100,B00DJNSUY8
212112,B00E5Z7OKA
212159,B009PQ6YUU
212173,B000ZSTG02
212386,B0009IU81O
212472,B007WAEV9C
212501,B00B73CVLA
212588,B00B6QF12O
212660,B00CEJHPTE
212669,B00GV35J5Q
212716,B007GA7HHQ
212756,B00EAM63BE
212846,B00B7ON6TK
212899,B0084FL15Q
212941,B008AEDTPQ
212946,B00CU740XE
213037,B00ATS36Z4
213152,B007WA49DA
213229,B0085VOG10
213351,B0053W3ZCK
213394,B006CBJNUY
213620,B000VK2LJC
213621,B00I4R3SDM
213691,B006JDA8AE
213727,B005CVWYPG
213742,B00AJNGK34
213910,B00H5HX9GI
214005,B00IDAYV5Y
214191,B003YDDH5K
214251,B00CBTD3GQ
214283,B00C7LGMRU
214345,B00GXRIWTA
214409,B0045FECPU
214480,B00153BC8K
214490,B004W17FTW
214586,B007W9ZOYY
214633,B00BBTWF16
214676,B00DRED8IW
214787,B00274LMU4
214850,B000GF64XQ
214891,B00CBAFY1M
214907,B005UVQPKS
214960,B00E0MVXR8
214963,B0035QQO2O
215005,B00DZ192QE
215008,B00BQLB0S8
215068,B003U16Q9K
215124,B008PRTO2U
215210,B007O0SU8S
215310,B0057Z0IZU
215386,B006BJD81W
215416,B006K3CI9M
215520,B00BTZ6BX0
215604,B007WAEB10
215844,B009P8GZAW
215920,B0013XWDDU
216022,B008CENMTM
216094,B000V196NU
216113,B00HSYX2WY
216136,B009CCRK8C
216187,B00CHVCD0U
216297,B005LLKVRA
216333,B0047VU724
216399,B00BT3HD0W
216401,B00FWW99YY
216440,B0067LF4ES
216453,B005GV4VSA
216603,B006IV0ULE
216607,B003ZUOPSU
216610,B008HOF8DA
216679,B007T491EG
216744,B0074HNQQ2
216772,B0012UZSYK
216785,B00BT94N90
216974,B009OWVFLI
217138,B00F6TW57G
217164,B00B5I9F02
217204,B00BIXWBNM
217223,B007UX8LPG
217255,B009O8ZSGK
217302,B00FRO7CT6
217350,B0041TLSDE
217406,B00DMWQKWA
217468,B000BUBJ9A
217482,B00GSBN04S
217558,B00AWJ3ONE
217609,B00I8WJX0A
217626,B00C9434O4
217709,B00AA17S7M
217899,B00DRQ9MVM
217992,B008RNENT6
218036,B00FLOH0H6
218072,B00DMWQOYY
218097,B00H966VGA
218119,B0095FP1X2
218181,B00EP6T15A
218223,B00EQPDBXS
218362,B007C2E938
218364,B002JBB3MW
218374,B00BKRNCUC
218428,B005E1E2KE
218474,B002RADHJC
218476,B00B30YV5G
218629,B00HQ4NIIE
218669,B0037KPXMK
218848,B00D8UCM00
218986,B003ZEG9KI
219119,B00BAHT21U
219164,B008LW7AXY
219177,B001O6ZBLC
219234,B002124VI2
219294,B00149YRB4
219352,B00I8QGN40
219361,B00AERL5EO
219440,B00CIQUCYS
219592,B002RS6B0Q
219799,B00FGGCNL2
219819,B00919FZWY
219879,B00DRUYIK8
219880,B00D1QUYKQ
219884,B008YU8VHC
219958,B00ECGTFEA
219960,B00608YDYA
219979,B00BXQTQVY
219985,B00171LECY
220037,B006V9FKQI
220046,B005UUM9Q8
220047,B00DAP10RE
220061,B008KRZRZ8
220137,B000W41AIK
220245,B00HD6QKPS
220253,B003D3NWWE
220405,B00A6G4306
220477,B00EMG3PO6
220525,B00ANVMQEE
220766,B00FGQB1C4
220815,B007EEY1X2
220824,B00CN47LE4
220869,B001798L2M
220924,B008G0V40Q
220946,B007RGE1NW
220991,B009T4P00S
221084,B004LRO4G4
221146,B007P5T49Q
221209,B00GK5E40Q
221320,B00IGEGERK
221340,B008VXRIAI
221456,B0002TOZ1E
221513,B00ECO4AQK
221570,B0007TQ99U
221588,B00JIUSU64
221803,B008WZBKIG
221860,B009YK2CO4
221921,B0061JN3PI
221955,B0037YPBWI
221999,B00EOYZ4O0
222019,B00GSPK5CE
222081,B0069KGUAY
222159,B00C95YI98
222224,B000SSIV0A
222255,B004I4KWL6
222343,B002TXLJCO
222375,B002W1YDFI
222421,B00A86Q2HQ
222460,B008067PEU
222574,B00E95Y1L6
222646,B00AQ9GWTS
222708,B00AG37MJS
222738,B0000UZ5P0
222749,B00579IH4U
222754,B003O2SGBQ
222768,B00FO5Z6QO
222788,B00DAPUU6G
222795,B004WJAIDO
222818,B008RBS01U
222903,B003XU6RIS
222928,B0055LIS94
222931,B00AV5O4R4
223079,B000G398UY
223104,B00CFHVUSC
223107,B00280GU5O
223232,B00HWQ5YWO
223283,B000RI3OXU
223316,B000GX3IM8
223373,B00DM05D5C
223377,B0015TYXQW
223466,B0035EEO1Y
223487,B002NRDV8G
223505,B004PBNKMA
223596,B004RECZ44
223657,B00C854O0W
223703,B003C7GFWU
223744,B0027RCLCO
223922,B00DKWYX7Q
223990,B00AHJCTF8
224122,B009LVA78E
224250,B00CE3LPZ0
224257,B008A0QKFG
224290,B00DM05EHO
224417,B008ETI7PY
224478,B004MMWMUS
224524,B002QKAD5O
224664,B00CFU74SY
224865,B009TTNU7S
224962,B003AOULHK
225060,B00C25340E
225119,B00IKFFA2A
225217,B00840RTH0
225261,B00075ZYRW
225319,B004Y59P9O
225371,B008HT0WTA
225372,B008R7F47W
225453,B00A3TSIDY
225571,B002ZG4V4I
225573,B00AAGH5E8
225745,B007ZI7IEQ
225751,B008BMAOHI
225806,B008MPDL24
225873,B00B2PK25A
225874,B00C20AP60
225889,B00BCRKQBI
225908,B006IY2FI2
226008,B001LZEIQK
226022,B00EG19DY8
226027,B00ALR6S1W
226048,B005E1DBX8
226066,B002463U8C
226104,B005CSOGD2
226109,B007WADN4G
226217,B00HD6QHWY
226235,B00AMYU72A
226242,B005ITADIW
226250,B003KW1HBG
226299,B002LSI2WM
226342,B007WNWEFC
226425,B009ZPMXXS
226439,B000IKAI68
226475,B00CD7WA06
226489,B003K70N8E
226500,B008FXRDW2
226647,B00936AC6Y
226698,B006VFL7Z0
226828,B002CVUOD8
226849,B0085TEWZC
226937,B00HSVH91W
226967,B0058FQLVO
226969,B00CP8R0A8
227031,B00BXF5DP8
227052,B00DL1YK4M
227073,B00H5RBU3M
227144,B005Z8H4O2
227154,B006STXN10
227229,B005BQA0TE
227246,B00336EYXM
227254,B0043O6VNE
227301,B009W658E6
227329,B0042U3F6A
227358,B00BEE73R4
227428,B004P1HPFS
227459,B0095QF1N6
227497,B00I8WH4KG
227516,B0087JC6G2
227638,B00BIKGNSE
227728,B00EOB0NQM
227810,B0013Y67DQ
227819,B00AO3YVW6
227827,B007SP8Y62
227898,B00DNB5TC2
227940,B00GRO0NSW
227994,B000SN1620
228045,B006JAMXH8
228050,B00G0KLHHE
228089,B008RBFP4K
228091,B002PX39T4
228140,B00B9Z3Z5W
228272,B00BNRC5ZM
228384,B007WTDDWE
228501,B00CSWT7UM
228520,B00AG2HBG8
228530,B00JJC5Y6U
228559,B009GXIVJE
228570,B00B0SVRRG
228599,B00FHPG4HG
228768,B0018Z5TES
228984,B00GC1WRTS
229117,B00DD5V1R0
229179,B008JAHVOQ
229220,B00FGEMSZU
229272,B00A4WK03G
229372,B00FRM8URQ
229434,B005PKGBXK
229460,B00ARISOH6
229727,B00CDC2OB6
229731,B00660E55O
229868,B007JPT60O
229953,B008BF578Q
229959,B0081P6D8Y
230011,B003NY11JO
230026,B00DU3A0G8
230032,B00BU9QO8C
230070,B00CISY5I0
230078,B008R50SZM
230080,B008AHISU4
230095,B005ZYTUJ8
230114,B000JVTVMS
230249,B00FCHDBZW
230303,B0069J1GAO
230476,B00ATUKPRE
230510,B00ETG5BIW
230517,B0051N5A6K
230530,B00GI6IASO
230563,B000WZOPZY
230570,B009D3IXGI
230651,B008V5VGBI
230757,B0000A52TF
230807,B00FDLP8MQ
230945,B00F6IGE7E
230946,B00J3GL6VY
231001,B008QAZ9K2
231010,B0002QTQA2
231069,B003Y38YK8
231337,B00DIF3RX6
231452,B003JZPMW4
231507,B00B2BXBRU
231629,B00GDFFP10
231666,B00AJM5ID8
231917,B0087JBFL4
231998,B000C41UDA
232004,B009JVJJH6
232060,B000JLI4JY
232148,B00ECVS9J2
232158,B0058C6M2A
232175,B003ALV33Y
232208,B00D6R08ME
232452,B00IFGGN0M
232522,B00AZMGLJ2
232591,B00AQLT5YU
232718,B0085J8ZJ6
232815,B00F9N6JRQ
232869,B0051PL698
232870,B00IBJP5FC
232880,B001L7NMIS
232940,B003YDDGQU
232969,B00D8AWLL0
233023,B005IZTT6S
233111,B00E709RO4
233179,B009YSNKOC
233220,B00890NCIU
233239,B004E06DTE
233253,B00B280IEM
233282,B005POVOPQ
233332,B004DPP0XU
233348,B00AF4CN5Q
233370,B005T87GNM
233476,B00AY45QYW
233494,B00ATUKTLQ
233560,B00D4KWLFA
233626,B001FFWQ92
233634,B001O9BEMO
233666,B000PH25X8
233707,B00DJNSNBI
233720,B0091Q3J7U
233837,B00CF6MMKS
233889,B007QFQ0RO
233906,B005J6KDTI
234121,B008K2MBJI
234171,B00EP0FYDE
234360,B0072J71KO
234377,B007TRAE4O
234385,B004NEK2TI
234531,B000QDUN26
234556,B008LY61XM
234607,B009W078HC
234631,B008AEECD4
234794,B00BD3UF6C
234824,B007WPHJRS
234831,B00C4NV6LS
234834,B00I97SEOA
234846,B0009GAVY0
234876,B004X6F8VI
234885,B0083M929M
235004,B00I9WKHT0
235017,B000AM9W5W
235120,B00DOI3RNC
235163,B002EL3KQE
235175,B0000AWIY0
235188,B0081Z7RTI
235222,B001EWEQ3A
235419,B007SZL8MO
235432,B00E1OYCHS
235438,B00AROEZNM
235529,B00I7MOKMC
235723,B00H9YUTW4
235733,B00BONNQVM
235736,B004TSE6UO
235913,B00HFL9WZQ
235978,B00BPNSYBI
235982,B0012M0XSE
236071,B000RK4ORI
236077,B00ENG7WGC
236127,B008QZ0W72
236134,B004RR66BY
236173,B000OBU2MG
236212,B000A33QVW
236310,B005MYFVOO
236376,B000JJH6JU
236387,B00279VLKA
236388,B00CALVU9C
236389,B00D644KOY
236390,B00BT1LZS0
236391,B00EGEGWK8
236392,B000BASMTU
236393,B00H1BS6WK
236394,B00CGA647K
236395,B0059A0074
236396,B00FSDC3TU
236397,B00AWL8L6W
236400,B00G5RR320
236401,B00GWAM4HE
236403,B00A3UMGVS
236405,B00DEAYJGO
236407,B00C9TTHHM
236408,B00AE7ZF0Y
236409,B000UWKP8A
236411,B00E0FF8HG
236412,B00D6CASHY
236413,B00C9XS5WG
236414,B003933JNK
236415,B003935EWY
236418,B003WO5L4G
236421,B00GN4ZN04
236422,B00AZC829O
236424,B00FAUAZA0
236425,B001B7R61C
236426,B007Q43WQC
236427,B00FD5LH0E
236428,B004GWZP9O
236430,B006TQ24G2
236431,B0063BLTPA
236432,B00CG6RLD0
236433,B00A7LF868
236434,B00919GEZQ
236435,B001LSCYBI
236436,B000LUY5RI
236437,B00F6SUQ32
236438,B005VFGC6U
236439,B009G24BKI
236440,B00AO7EZY6
236441,B00E4P3UZE
236442,B00DYP7O66
236443,B007XJI7PG
236444,B009AY4JXQ
236446,B005J2KLGM
236447,B002KJ8GAK
236448,B00EAIB4OY
236449,B00EAIIMVC
236450,B00DI9ILWY
236451,B00CQ5PRR8
236452,B00CJ4ZUBE
236453,B00D6CAM9S
236454,B00D6CAITM
236456,B00GZGTEKA
236458,B0063DMIZI
236459,B00KAQ3BKK
236460,B0073NCTZ6
236461,B00CXRZAJE
236462,B00KHGSY28
236463,B007SNA1M4
236465,B00E0GOWU4
236466,B005OSTFUO
236469,B00JR1JDJC
236470,B00JJ3U83S
236473,B009NOX6UA
236474,B00H3WDNX4
236475,B00H3WE5OK
236476,B00GS7BAA8
236477,B00CMIRJR0
236480,B009F3DUMI
236481,B005RFFDDW
236482,B000FKUP3M
236483,B000UKLMXO
236485,B007JL0UGM
236486,B008DBVUKC
236488,B00B8NGUY8
236489,B00CH10190
236490,B00524WUDY
236491,B008LTFLGU
236492,B007F2L1MM
236493,B00A83XIJE
236494,B008MCI2S0
236495,B00DVR575W
236498,B008LWH04I
236500,B0069VUWUW
236501,B00BM9RTMA
236502,B00E8KDKAK
236503,B0051S9W6E
236504,B006GJARPC
236505,B009CC41TS
236506,B000PJXRM4
236507,B000MWVDDO
236508,B00APSWI84
236509,B00EE6O34U
236510,B00GTCY8F6
236512,B002GCEK7E
236513,B00EZ7HPXE
236514,B008FQWGDK
236515,B00GUY83RW
236516,B0062D1LDY
236517,B00I5K9IWS
236518,B00JYW72I8
236519,B0045M0FLI
236520,B004I5GAWK
236522,B00FQ8AFG0
236523,B00B7WBKS6
236525,B00I4FGACK
236526,B00B6DRU4Y
236527,B004SIUVOU
236528,B004SJ37L8
236529,B004SJ3790
236530,B004SJ36MS
236531,B00GU9ODBM
236532,B005W5D3PW
236533,B00HES5CGS
236534,B00EKA5EJ8
236535,B00D9BOV5M
236536,B009MIMWWK
236539,B00BUUSHPO
236542,B00IHHU24W
236543,B004I7635W
236544,B00DQZ7MYI
236545,B00G4QIFGA
236546,B00DBAM0GI
236550,B0092FWEKS
236551,B009TB8FBW
236553,B00B1EWZOS
236555,B00ALMBT8E
236556,B00GWBX8IC
236558,B00DPLRCJS
236560,B00EYN1EBI
236561,B00AM3C76K
236562,B00BGZ720O
236563,B00EM3ZFI8
236564,B00BHBJ94E
236565,B00BYOCN10
236566,B009UJ8HXE
236569,B0073NRNNE
236571,B00C0PE6PI
236572,B0051WYU9Y
236576,B00E7YI3WW
236577,B00BIXRB0U
236578,B00JILQLF0
236579,B00JC2YYQ8
236580,B00DT09D1U
236581,B00IGHI6F0
236583,B00JKMITU2
236584,B00GIXD3V6
236585,B007RLOYGG
236586,B00CL6BJL0
236587,B00IIU8E2U
236588,B00IMYAZ7E
236589,B007MSXX1Q
236590,B00CV1AWOA
236594,B00CKK1FL6
236595,B00H7TWQHW
236596,B00FZLPN8I
236599,B00FXN6GCU
236600,B00EPM0GI0
236601,B00BCR6R4S
236602,B00DIFHD86
236603,B00GGRDPN0
236604,B00CJDY8S6
236606,B00EORES30
236607,B008UEYQBC
236608,B00BMZYY5O
236609,B00GRXH50W
236610,B00DP5ADAE
236611,B00A8IHYBW
236612,B00CFSFJJ2
236613,B00ENXXOEO
236614,B00G90YHT0
236615,B00CS7GLRO
236616,B00CS7GDBI
236617,B00B05ZAR2
236618,B00AUDSOOG
236619,B009RIYH0A
236620,B00007ARBJ
236621,B000WO1IUU
236622,B008ND5XXK
236623,B007WAU0G0
236627,B001NG8G6A
236628,B004UMQX9Q
236629,B009EGDVYS
236636,B00CORDX4W
236637,B005X4R4CU
236638,B009XYGGOI
236642,B00B7C33JU
236643,B00I66AWX0
236644,B00IKTH0UG
236645,B00JUKL07I
236646,B00EKVL62G
236647,B00JYAWN34
236651,B008HO3NL4
236652,B004QIHLOA
236655,B00A3SOAXC
236657,B004NT8PL0
236658,B00DOJ63CS
236659,B00B8M38DU
236663,B00GLJ2PD4
236664,B00GLE69OK
236665,B00GNT1QJG
236666,B00GLFOQLC
236667,B005FN13VW
236668,B00GN0EUBQ
236671,B001GE15XK
236672,B00DW6KDS8
236674,B00FVZ7HKK
236675,B00CP33W5U
236676,B00AXU51E2
236679,B00D7BBHVU
236680,B00EIIA8K2
236681,B00CH4R37A
236683,B00A32IT6C
236684,B009W671IW
236685,B00DCL4JLK
236686,B00DVGCSKU
236687,B00D17AFY0
236688,B00FHRSQI4
236689,B00FHRZI58
236690,B00G4Y6EWO
236691,B0069A48Y4
236692,B00C7AOGX8
236694,B00B8VT33U
236697,B00FA2TP6I
236698,B004PAV6ZE
236699,B00EUYFFES
236700,B00AZZXATS
236702,B007QSN7EK
236703,B009L1AGAS
236704,B008AS22EG
236705,B00AEMNU3S
236706,B009F9EG3O
236707,B00JF7CIR2
236708,B00JF7C1E2
236709,B00K41P4WY
236711,B00J8WGQNG
236712,B00CCWN4Z2
236713,B00G6I5E8I
236714,B00I507AQE
236715,B00IY7U1WS
236717,B00I1Z5I5S
236718,B00J7ZDN8K
236720,B00K2LXUPY
236721,B00H2HCEIA
236722,B006VSOHEA
236723,B00B007FNY
236724,B006X2T8PC
236725,B00FS8YJJM
236726,B00I033F56
236727,B005Q0B9ZY
236728,B009AFHZRW
236729,B00FVRQ4FW
236731,B008LDGM46
236738,B00E0ED87E
236739,B00B2IAV2G
236740,B00APQ4W3U
236741,B007HNB14W
236742,B00GHTNXKM
236743,B00BDAR0WW
236744,B00D6OOGUW
236747,B006K3L2VW
236748,B009L3914S
236749,B00898GTIW
236750,B00DPKJX7S
236753,B00EM5PB8U
236755,B005ZWD85C
236756,B00CO1SLE0
236757,B00AOBIV2O
236758,B007HRW6ME
236759,B00BWB0FBU
236760,B00B2XCLUG
236763,B008EFII48
236764,B00EZAK902
236765,B00COYTA10
236768,B00CFLCOK6
236769,B00BJ9RVGW
236770,B00C0L1RP4
236771,B00BBWOCKU
236772,B007SOUWMC
236775,B00CRFBI20
236776,B00C3ML0HK
236777,B00D8K4618
236778,B00D5YTICY
236779,B002BA5NRC
236780,B009OWN5T8
236781,B009VBXMBS
236782,B00DD9PJZ6
236783,B0057U7RH2
236784,B005SE59F4
236785,B0064L2Y3U
236786,B007GBCRDY
236788,B004H4WI46
236789,B004VH7150
236790,B00FJQ7I1Y
236792,B00BW948WY
236793,B00G56SQ4K
236794,B00H9YQXQA
236795,B00G6LE22Y
236796,B00JLZ4DJE
236797,B00G5K4NHA
236798,B00C2Z2PO0
236799,B001H31OFE
236800,B00GWY212I
236801,B00GWDIFUQ
236803,B00I8OCLG6
236806,B00FNVMWWU
236807,B00GN55XKS
236808,B001BKZOOK
236809,B00DVNMFUQ
236810,B00HH5FPLA
236811,B00CEUOIOS
236812,B00BKXCY7S
236813,B007MLV7QQ
236818,B00BTN98G4
236819,B004VQQ4PO
236820,B00CA9IWCW
236821,B00ED3O7KO
236822,B00CJBLGEC
236824,B00IFXL32S
236827,B00IFXWZ1Q
236831,B003C1QRGU
236832,B00BTK0W5S
236833,B009T9SQ4A
236834,B00CQ7W6ZM
236836,B004VFHZCG
236837,B00BZFYWQW
236838,B004IV4SO6
236839,B003AOCZS8
236840,B005TCK090
236841,B000FKX7EG
236842,B00C1EQEXA
236845,B00COJTVPK
236847,B00DVAMXBK
236848,B00BNTLDSK
236850,B00B67ELUG
236851,B00CJB2OH0
236853,B001E6JB5O
236854,B00073TBBE
236855,B00C6K1X6W
236856,B00C30LFR2
236857,B00CVS2DSQ
236858,B00GTYR5IQ
236860,B00EW3OMLO
236861,B00KT7C55M
236862,B00KX2PEH4
236863,B00KDTF5SK
236864,B00IN11BDI
236865,B00IN0Q4C2
236866,B00FLPQ7QA
236867,B00FS8W4OY
236868,B00336EYP0
236869,B00838FYE8
236871,B008PF7G0O
236873,B009767Z3S
236874,B009LEV26W
236876,B00AJW08Z6
236877,B00EQF28D2
236879,B00B1XCJ9U
236880,B00B1XC90E
236881,B00A9PWDUG
236883,B00AYCOCUI
236884,B006K5HMVY
236887,B000X8UP8Q
236888,B00CI9EZA2
236889,B00B29FBQQ
236890,B00I4CNISC
236891,B009URL030
236892,B00BVOEG2W
236893,B00CLIEXRA
236895,B00H6U332O
236896,B00ABWEZTY
236897,B00B5QTBUI
236898,B00DZRKFPU
236899,B004IW7LAS
236901,B00DETQEQS
236903,B0082IKKJ8
236904,B00ARMFKD8
236906,B00AZVDZZG
236909,B005I0GS3K
236910,B00BQRXDEG
236911,B009P9I0AY
236912,B002BCTCDG
236915,B00GV2V04Q
236916,B00GEJQIVQ
236919,B0047YOTQG
236920,B00EFD3YCY
236921,B00E994MKC
236924,B00F9CZE1Y
236925,B00I9TJK82
236926,B00I9TJHU8
236927,B00FC1TLAW
236928,B002S64UO6
236929,B00CBYB4YO
236930,B008UT46TO
236931,B002N8J6VG
236932,B00BOPSBM4
236933,B00CEFNLKA
236934,B006RQ0KIS
236936,B00HQ3QV0W
236937,B00ALPZ9F0
236939,B004O9V2LY
236940,B00GPJRUZ8
236941,B00EH9JRXQ
236943,B00FN7TBVO
236944,B00A7QX72K
236945,B00CLXSX8K
236946,B00DUSALEE
236947,B007574JNU
236950,B000WU2AKQ
236951,B00416LHY2
236952,B004XWL0M8
236954,B0093AY95K
236955,B00AWT8EAC
236956,B00BMJJNQU
236957,B00C5S5848
236958,B00DIKG4HM
236959,B00AGK2VC4
236960,B0050FWP94
236963,B00E1QPNKQ
236964,B00B29DL1I
236965,B00BQAA7LU
236967,B00FS57WN0
236968,B00HEBTGJ4
236969,B00E4G5B78
236970,B00IGW5536
236971,B00IACLGWQ
236972,B00J21DH6C
236975,B000F15JJ6
236976,B003WJAML8
236977,B004Q2O0TU
236978,B00FP464XI
236979,B00EESAH48
236981,B003S2H51E
236982,B00A25R70O
236983,B00F8H15PE
236984,B00GI1VCK2
236985,B00AGWOV1Q
236987,B00CSI161Y
236988,B005GI8HY2
236989,B001YUS75U
236990,B00FFYH2WA
236991,B0050COKEU
236993,B00APS5FHU
236995,B007V91LGU
236997,B000PWDOS8
237000,B00BX89VY4
237002,B00ENHZ65A
237003,B009UTS3CO
237005,B00FRFY2Y8
237006,B00FZYR4SW
237007,B009NOACHK
237008,B00FDZ8ENW
237009,B007NKQM0W
237010,B00EUXA7LK
237012,B009ELX7Q0
237013,B00BH3JKHI
237014,B00EKP9VHE
237015,B00EKP70BI
237016,B004O52V3Q
237019,B008OZVDRW
237021,B00BB7ETR6
237023,B008MBPBLC
237024,B008MBOYJC
237025,B008MBO6NQ
237026,B00DQT1JSO
237027,B005SACTGA
237030,B005UZ1UTK
237033,B008CV6DTQ
237036,B00I9E3FKG
237038,B00JBJAECA
237040,B00IA1B528
237041,B00BNH2XJ0
237042,B004IYDNV2
237044,B00JMTZF32
237045,B00ITZT5T0
237046,B00HIA2KIK
237047,B00HR777UA
237048,B00D604A6G
237049,B00JALHF80
237056,B00ICZ60AE
237057,B00ICZ63CE
237058,B00H3PEFGK
237059,B00GK5I240
237060,B00GK5H8OU
237061,B00GK5A0EU
237064,B00IR8Q00G
237065,B00IASJMG2
237069,B006HICLFG
237070,B00HMZS47M
237077,B0081CPXW4
237078,B0081CQ93G
237079,B004S26YRO
237082,B00EWUOX02
237084,B004CSEH8W
237086,B009S3D3X6
237087,B0053ABP5Q
237090,B0044R7DUK
237091,B00FBCIM1G
237093,B00CCD7XSU
237094,B0073QUZL8
237096,B0063MIM2W
237101,B005BTWW7E
237102,B00DX8FN44
237103,B00CHS0GDY
237104,B00CUJ9TFG
237105,B009RR5M9G
237106,B009VF4KEW
237107,B00CTLKTC2
237108,B0089R500G
237109,B005LXXVSO
237110,B008RB9MR6
237111,B00HSBHC6O
237115,B00DCW0C56
237116,B005SYP5OY
237117,B005SYPFI0
237118,B00K6R8JU0
237119,B00G9A36AQ
237120,B00EP01QEU
237121,B00FYEXPQ8
237122,B00J0CQWFQ
237123,B00H34U6IM
237127,B00H3QONTI
237128,B00CTLIP00
237129,B00FMT0I42
237130,B00FQKU1I0
237131,B00EZ03STG
237134,B008HT0UVU
237135,B009HXL47Y
237136,B00AF9DUC6
237137,B008XTR1OI
237138,B00DVJOK0S
237139,B00C1WL5YU
237140,B008OSCX0U
237141,B0017JRMZY
237142,B008EWS954
237143,B00CJ3O49Y
237147,B009F1LS42
237149,B00BD5DCHE
237150,B00DIJY2RM
237154,B0088BQ0CK
237159,B003BR65W6
237160,B00EOS09VO
237161,B00CFRC9CS
237162,B00FIXCOY4
237172,B00B8RCDT0
237175,B00IX94BWS
237176,B00IJAAG6G
237177,B00DVMI7E0
237179,B009TFZPHU
237180,B00GHQZP6K
237182,B00JREFRSU
237184,B00GWAKH3W
237185,B0065T6N8I
237186,B00G94RO0K
237187,B003X28G1W
237188,B009TOOI60
237189,B009TE7K9M
237190,B00HH3V4OO
237192,B009ZNL0YI
237194,B00DGF1H08
237195,B00FAMF7OW
237196,B0096LL5YO
237197,B00C865YFK
237200,B00CKA72F4
237201,B0049PBYXY
237205,B00EAOV2DQ
237206,B00FSUXNFQ
237208,B00BGVQ0CO
237209,B00EW87F04
237210,B007PK5850
237211,B003D16BN8
237212,B00D08IAEW
237213,B00GYT2X0G
237214,B00HG9YIHY
237215,B00C3HUOY0
237218,B008UY11LA
237220,B00DT6CGQ8
237221,B00CK7SBW0
237222,B006K4N54I
237223,B00APGHJ1C
237227,B00BFWP2KK
237228,B00F4ZV51E
237230,B007OBV50W
237233,B00EECGNWY
237234,B00AE435EA
237237,B005HPJ8DI
237238,B00CDXEC92
237239,B003YQPKE8
237240,B004XTLOM2
237241,B00BQ06MIW
237242,B008S1OZ0Y
237243,B00DRIA2IC
237245,B0048A45L8
237246,B0060JT76I
237247,B003UNZ2I4
237248,B003APFRKA
237249,B003CSOJLI
237250,B003LVARU8
237251,B003LVCLPC
237252,B003HUCPK8
237253,B001AH1JH0
237254,B00K3J6VOW
237255,B00IFYP65W
237256,B00CZ6NXI8
237259,B00HNMIHIK
237263,B00JC2PSJ0
237264,B00F4UVD9I
237265,B00EE3049Q
237267,B00IH1O2H6
237269,B00HQZ1ESO
237270,B00G6JIT98
237271,B00DEEVNNM
237272,B00C80J7J0
237273,B0069IMCOE
237276,B00IK22WSS
237281,B0065VPRAQ
237282,B00CJ65ZQM
237283,B00FIX9QXQ
237285,B00FRR90NE
237287,B00CCBWQ8Y
237288,B0077MWZSE
237299,B00COM9GXO
237301,B0065MKWIW
237302,B00C3XEWSI
237303,B00C3XEMB0
237312,B00FL3A9J8
237314,B00FGVRT7K
237315,B00GMUW302
237316,B00FN6T9DA
237319,B00DIYH93G
237320,B00BG2NZ94
237322,B00ECYTDG2
237323,B004OZD85Q
237324,B004K2AMNO
237325,B003Y6O5LM
237328,B004PZWGP8
237329,B000LRRUAK
237330,B004WPP98W
237331,B00E0H9EKG
237332,B00CJ0LM92
237333,B00FJ3RKGA
237334,B001G6PXQI
237336,B004S03JWE
237337,B000IEVXUE
237341,B008S2G42K
237346,B00C4G6T0I
237347,B00BONFUJS
237348,B003F53KO0
237349,B00BBIIQVU
237350,B005FMAO36
237351,B008FHYF4M
237352,B00194EP5C
237353,B004XCGEMY
237354,B004X7DOD6
237355,B00G3UCWKM
237356,B00DOZIE2Y
237359,B00GM6KO3Y
237360,B00INWQYT8
237361,B00J717AL0
237362,B00HS6VT0O
237363,B00502K7RY
237366,B003LB4XIU
237367,B005GW1U5G
237369,B002PQWHCQ
237372,B00DF0SVTO
237373,B004WYLUQS
237374,B00CN4H400
237377,B00DQ5TRCS
237379,B001BYAYEQ
237380,B000EOP674
237381,B0098Y9D6G
237382,B0098Y9DZ2
237385,B001TK3J4E
237387,B007MPWLXK
237388,B003S7UZKW
237389,B003U62CGG
237390,B0094D2BK6
237393,B00H9V4X6K
237394,B00G00IJFM
237396,B00G8WXVMS
237398,B0082CUT7M
237399,B005FD528C
237400,B00E81FISQ
237401,B00FQY3GLK
237402,B001FYF6M2
237403,B00ATORD8Y
237404,B005FMGF4I
237406,B002KXSTIU
237412,B00D9G0TU8
237413,B00BRPL8E4
237415,B00IQ4L984
237416,B00GY1WM32
237419,B00KDA8NV0
237421,B00IWRBQEC
237424,B006KUAKOA
237425,B005GG6B42
237426,B00EOG3P6M
237428,B00IDZUERS
237429,B00IDZUGVM
237433,B00FXG9VTW
237436,B00BFPTV18
237439,B004TH4OIE
237443,B0085P2WIU
237448,B003XFTKUA
237454,B0083G1IGI
237459,B00CCJ9SOG
237460,B003BSYDLK
237461,B0044EQIYU
237464,B000KFYLQE
237465,B00FFV1Z3K
237472,B00B0O9646
237473,B004LKGSCY
237479,B00CV3GEUE
237480,B00C7KZHPO
237486,B002HVM8R8
237488,B00BD6RC1K
237489,B0028V21R4
237490,B0028UVVEE
237491,B007Q0Q3B2
237492,B00BJPSZHK
237498,B00HISXS4C
237502,B00CH50WO0
237507,B00GQWWTUA
237508,B00G7H43JO
237514,B00FS7CKIK
237515,B00CIY7LS0
237520,B00FJX41RQ
237521,B00HUCDZFS
237522,B00GP7ZJ58
237523,B00HI1G12K
237524,B00GCQTJ5S
237525,B00G71DBYI
237527,B00149YJZ8
237532,B00B8XHCKO
237535,B00AGJ4NIA
237538,B00B7PD2PM
237540,B0073OR478
237542,B0071B8EQS
237543,B003CN2WH6
237552,B0096I9E54
237567,B007TDLVE0
237571,B00DMI17LS
237572,B004U3KELI
237579,B00CX8JWS8
237580,B00AFCM4O8
237581,B00AFCLHSM
237582,B00AFCLGTC
237583,B00AFCKHL0
237584,B00HJGZ04E
237585,B00HQW7O4A
237586,B00H8KY59M
237587,B00EPDGT9E
237588,B00B7XM0MA
237589,B00B3PJBCO
237592,B00ECVIQZO
237593,B006QPM53S
237595,B004YG7C5W
237597,B00C253L2A
237599,B00EF9QNO4
237601,B007B2IHV4
237602,B008P3NNH6
237603,B004LYPE6G
237606,B00BLXHBMK
237607,B007BM08JI
237611,B008FQM1WQ
237613,B004I5XBIQ
237616,B003XJSH4Q
237617,B003XJSGI8
237618,B003XJVA9U
237620,B00AQ9LCQG
237622,B003JD0AVY
237624,B00FI80UO0
237625,B00DLASABM
237626,B00I0EQHMS
237627,B005GAQGOS
237629,B002U9BI1E
237630,B00F9955ZW
237635,B006SBZJWY
237637,B00DFF1KMY
237638,B0015U0NOM
237640,B00CTHPVUQ
237641,B00EPEMODI
237642,B00AWRO070
237646,B002E1X5OG
237648,B00CGPSRBQ
237651,B00ANQHIMO
237654,B003Y5CQWS
237655,B00B46YBXG
237656,B002MZRDQK
237658,B00866ENFS
237659,B004NLW2YO
237660,B008KPA7Z0
