user ID,source ID
0,A15Q67S0AWNUXU
1,A1N21FD99OF9L
2,A3U15LQROZIS54
3,A2LWIFL205U59V
4,A16OLBD9KV4UIC
5,A3E0O4PYGO5S23
6,A2L9KGL3BBGI0J
7,A1NPJNM5N95C4Z
8,A2G4ZK9TYGREKQ
9,A2MWIMLZOLKMRD
10,AM0L9V3EDVYE9
11,A2B20OOJWWHKT4
12,AWKU6XP0NUTIH
13,A1P2WTEHX9YLOU
14,A3M7Z3EV5E7OS9
15,A1A5VL3ZID2C86
16,A2NELOJIA6NS9W
17,ATNKVZCJNG99J
18,AXZ5O65MY22TF
19,A2NHXU2W6OM98F
20,A3DTONS095LLWJ
21,A24DN2S8IU8LZN
22,A3C94D041AJG67
23,A3L36SB7YJ1MSM
24,A1QT981IMPBMWW
25,A31SR9KL32ECEX
26,ABZ5EWBDLJ5GY
27,A3B5Y7M1CMHX6O
28,A1YPLBRMYW05ZJ
29,AOZ9EA4UCNNDZ
30,A4WJCF6KPO6
31,A14O27AIZCIZEG
32,A3CSIHU84TQMOG
33,AB65VQVEGPIDP
34,A3GYRDZF3SU2WW
35,A22ODKM6CSCGHF
36,A16PJL9IFSB5YU
37,A28X13Z3YQUA2V
38,A3BVEUKK6468FA
39,AWVROTC2TRWSU
40,AZJ6T0XFSCLF4
41,A14EBAYGHO9AOB
42,A3O2EB7NAR9Z8W
43,A7SSGY6FOEXJL
44,AO7WXBXK5KCN4
45,A1XRGABTVVA63Y
46,A1OIGXLR6NXMJQ
47,A14N4RTRJBGI9W
48,A2TEY660QN4DAB
49,A1ZETT0JA6JZ1J
50,A1XC3AZMEAZ86V
51,A7IZ97ZROWK3K
52,A235COSF6CBGH2
53,A2AEU5BATRB2KG
54,A1FSKR1BMT1KN9
55,A3SLNZ4V7GF6T7
56,A1R1OM5P5IYP3C
57,A11D1730SXSBJP
58,AL27QFFBGC1ID
59,A2DGY842OV333G
60,A20C49P4CB3AE7
61,A1P8AMAWDW7KK0
62,AQ9QDQKY1BA6M
63,A3T8TT2MGDBU3L
64,A39H6NIBQPN08N
65,A1PNTJYIF0AQZ8
66,A3JQQ60AQBOLPO
67,A2QSFR1CFC5YNA
68,AJXP7D7F77JKP
69,A2EPMZLGUN1I80
70,A2OYUOK43RVR09
71,A1A239YMSVBWRW
72,A3O9N6OA0AL1JP
73,AG2PIX8WRQH1
74,A18IXUU8AOMZVM
75,A3INGCH04EC9GI
76,A7EC47F91DGG1
77,A3NAYX044NU4V
78,A1DEOEYV18WBJ5
79,A1X7FK2VE2XCCR
80,AW7BQI7A9IIYD
81,AI7IWGTUKZHDG
82,AUOBROSS3ZFK9
83,A22Q39YHZ3KMWY
84,A3E4MHJOR20ETU
85,A2KC8MQ1JCIK4Z
86,AKH06VFU9P9Q9
87,A1SVMRA5E2S552
88,AVW7F23IETAVB
89,A1L4IVKI6Y5R2M
90,A2MSS3EUMYBQK3
91,A3MMS684YENIIG
92,A1RXX1LVOQFH3I
93,AAU5X4W0X3GLA
94,A1OZFUNA63AQ0K
95,A23Z7M0MA7JNSI
96,A3G1HXS06P9GEJ
97,A3371ICPC33GW
98,ASJNDHSOJ8DP7
99,A2RZXJ42J0G83V
100,AXNKCGIH2C73
101,A1U5I4YXF60VP8
102,A50MU17PBRQIA
103,A3DTVMQGMNLX26
104,A2GUTLN1YEW4D8
105,A2IPSXD17ETHBD
106,A3LFENPIR1OYGT
107,A3H7WGKAZKT4OP
108,A3EPAKNEND3CV2
109,A3L3YLHXHOQK3T
110,A1HJFFMTEU2KI0
111,ASPT0RY1NJ0JU
112,A1041E3M8ET9YQ
113,A1J8JZD3EKVFXF
114,AX1LSQH9MDXWH
115,A15W3ROX6DDWOO
116,A3SJG3XGAJ02XU
117,AO3B87BNPF0GN
118,A2XZVAQ9H368E
119,A2KS9AJJTHJWNC
120,AXNA01QLN7351
121,A3GRAZMTK5TZZK
122,A2MSBOF0NW5N2Q
123,A3AOUOR1JCVLTP
124,A34AIYIIPOX40V
125,A3DKBYXLBOYV5Q
126,AU3TUIB9P2Q86
127,A4OWB70LY4D79
128,AHAR9C0O6HVE9
129,A31G5GJQ8PG3HE
130,A3CTBE5SC2P632
131,A3K7PA4K4AYSJS
132,A2VPX2XUUSPDLP
133,ARC96CK1MK5HF
134,A2P6WKFYV8A3PC
135,A1NCBQV394IZBZ
136,AEUD0JCYQQFLH
137,A3DNIZWU1BM6QX
138,A2CEHB5A29OI4O
139,ABXO79FG12VZY
140,A2E7KVN2V27WHU
141,A34VIHFAMRFYMW
142,A3728P4F0QZHF0
143,AOLGUSGNLFBYN
144,A2L75L697AJXCX
145,A3GIWFPKI4BNZG
146,A23RH3R4YK0US9
147,A2GS3S8QR4YTN6
148,A3SV9CF15WL0IO
149,ADWQ1BOLRKPO6
150,A2E40ZHZB0TVAD
151,A14NFXCTMIAKPO
152,A3S9T1DZNGJ45I
153,A1SRI9VLRMRAO
154,A3Q0530JM2091D
155,AMHRFI5EOI4KM
156,A25EY05ZUTJKDA
157,A2H60WEIU18HK
158,A2M42IKMGIPAIA
159,A16MH0MT9X3SER
160,A22NWFK742FQ9X
161,A22LLQ00V32YZJ
162,A2EITHZQUDEA47
163,ASR46ZD2TSNVX
164,A1VEF1N8LGPMYW
165,A2UZ0TR4XKZ2ZU
166,A17UHSA8KQSO8Z
167,A1GFVALOZMHO2F
168,A2YSO8IXKAJ8OK
169,AWB7FGM8CB0BM
170,A3JMWTT9A5NRP6
171,A58HKZON798VU
172,ACQAPSZG2WXDR
173,AK506OYKGYR4V
174,A2H9HKIG09Y7BT
175,A1S92YPKPA6RBI
176,A9WB0110WUT14
177,A2XW5U3T8FL6DT
178,A32NY3UOKCVB1P
179,A1R3VP8GF4SYEC
180,A1YLWKIE53JQGZ
181,AU526WA1L3J1T
182,A2UUM8KGCHTXFR
183,A19RXA276VFNU4
184,A1X3MK3WDCT2B1
185,A1UEBXOVPYSER2
186,A3HQN0AQ0XXNUC
187,AGDWT4Y0E3OJV
188,A1P7L0SW2RVPYO
189,A20P2FNTNE7519
190,A2UDM58AXW7O3V
191,A2V72IX1CAGQKE
192,A3UZAEVG051NFK
193,A3OJRC8MA5L1QJ
194,A3Q7E7ZRRQPLPP
195,AKNZKP23J6A5E
196,ATY1PE8NS38NP
197,A1NILWY28IPBN0
198,A3UL2LLIC20EZF
199,A1QBN8UULWXA9A
200,A3N6YRR9O8WMIK
201,A2YEUS7XMDFVU0
202,A1X3EEXRFEQR9K
203,AUGO9ZYKT2GYU
204,A28HIMM956GSD5
205,A1650J00C0BRQP
206,A3CPUJMH9UM32D
207,A2XSVUB7FL92OW
208,A338TQ0K1NCBYY
209,A2969COWVST7QF
210,A3TUT2FMPX6EB0
211,AVQOK3D16H5SM
212,A370R9734LB86N
213,A3HPH1JP60O0XS
214,A304BUBREQKRJY
215,A2RK0JFZO2NKBS
216,A1D90GJEO8F0QM
217,AT83997FJQJN9
218,A32JH0N6BQQK90
219,A29SSACBG8TCGQ
220,A3IG4STUY6Z023
221,A1G58WN1B7NL34
222,A3OF39MMDQ76PO
223,AB1PEQ3N6MPZ6
224,A2Y8MQF70I6DCN
225,A1V4641875E27E
226,A2JXJOAVB8NKJP
227,A6SA2ACHAIMMY
228,A1Q2N5CHS7OFNA
229,A2HQ2015FTYOG0
230,A521347BPS5Z1
231,A1E0MWTIMP3LJ7
232,A3HHN9N7VG0QB3
233,A35Y3BLLYJW630
234,A2KUXAG5JEPTVN
235,A237M100LDW445
236,A2344YBBW7MTTC
237,A1XMLIP137T7O
238,AC8QFJYVYW8SQ
239,A1AU7KZF9D61TG
240,A379JXVG5TVJOE
241,A2T9XS446NSUHK
242,A2OWQ83HZG9Q1F
243,A1WMDGXKYWP0CR
244,A3C8T3DMTQJ2KR
245,A3JD31J7QJ69ID
246,AWQV8GQ6CF2H3
247,A1XQXEF3XQWXYL
248,A3QPJZ2JDX8WMJ
249,A28Q4R859IYOPX
250,A19E7ZX9RYUI3F
251,A3OUXPZ0CJGYOZ
252,A25VDEFBZXKPOZ
253,A3NDPJ3T8VIGLC
254,A370XQVH0O1GXE
255,A34NH5MQ1AD56D
256,A1B3II0M2WG2YM
257,A1OCCIMD2B9QGC
258,A1JNE3MYRALAQ6
259,A1Q6X6A4Y7ULGF
260,A27SFNM505FS28
261,A1LB61T5WJMVAJ
262,A1TSTF1UVVKOAM
263,A8L1G17RLN8VN
264,A21IDBILS7Y26A
265,AU31HN2YSAPEF
266,AV9R9RMU7HEDQ
267,A2KKY4B1NBBKBI
268,A3VJHEQEYWDELT
269,A1IAKAWAHC6RRD
270,A3G8FJD6NRUTFW
271,AUEHUJ9NRHRK1
272,A35WRXXKCNLBKH
273,A25PRFNM91N86Q
274,A1959HM4RO08EL
275,A2YVQ4DCHRTYN1
276,AICT3PNLXDB6L
277,A3UT79LVTX22ZH
278,A3R7EQ7FPTB66T
279,A3SQNCNTG1T6VA
280,A1JFQU4RP6ZXD8
281,A1T465UOXQBHFL
282,A3SJ9XS2JP8X0L
283,A3MU79FSODFXDU
284,A11IJUZV93QEST
285,A1B14979KPYGVQ
286,A1CETWNJS6IA3P
287,A3R7695ZGG5XEI
288,ALN25YT9GHXGP
289,AX4B4NUZ8IB2R
290,A2T1POX7FPBZZ
291,A1FJLKH8JJ4EA3
292,A2P1J0130WGQH0
293,A25RMFHVJE0M2Z
294,A2BGMFYO7Q7SZ7
295,AQC3SPEFPAX1M
296,A3DE3WBHFMRQPQ
297,A18DYTRLLUBOP3
298,A2H3KBGKJCSJQS
299,A2RFVCHVUB69D0
300,AKHEZ0BN2E5WE
301,A13TWE6UKDS8KX
302,A24600JWXEXKLC
303,A2EBX0JU7R8XRY
304,AVW0IGQRL3WQ5
305,A1MXSDSY2OPHA0
306,A1NAFWG9YC4T4T
307,AL6NL7URPT764
308,A16N7W4431B8HM
309,A317ENKKDB0Q9G
310,A1AZISCZ3YO6Z3
311,A29TP9KHDIFA92
312,A2CXF5PSXWPOEX
313,A3BW496KDTLTMM
314,A1OOKS72SDE76O
315,A5W7KKBV59D1B
316,A8WIGMPBXPCOE
317,A20QXX0TW1XS4J
318,A3G1VHUE4TBQHO
319,A2PKATZZ3VB518
320,A1TSA2EKM7XD9M
321,A2X616HR0FF4KK
322,A3RJOP3I4KVYE5
323,A195X0COBJ03HC
324,A22HQEFWGI9FBM
325,AIR15M8GHFC2X
326,AN4NDOQ269KV
327,A3B273U66E266Z
328,A21SIF0CLJDO9U
329,A3C6ABL4ZU5864
330,A2NILXXQKNEGSO
331,A16G07KQNCKI9K
332,A1EFAYRV9JQMKT
333,AXJRUXPWM6JIS
334,AEBQ80I9BYCPE
335,A1SXOJTM7YWAMP
336,A36SN337RF1WY4
337,A2HLC74OQBL3CX
338,A3C0ITW2XGIU1U
339,A1ED0EF8ITB01C
340,AJLVSX6N6HWRL
341,A3QIJ3OFGP8KLP
342,A3JXAV3LG2PNFK
343,A12ERDDK5BNWE3
344,AA8M6331NI1EN
345,APRXRZPA3EW7G
346,A3A9HDQ2EAB5J7
347,A2RXHCCB4IK3CZ
348,AOAL8V4RRN2RZ
349,AW1PSSVB9U8LL
350,AFKRF79SLNDV8
351,A1VK065AKZY6IV
352,A20ADZF8TKVR9N
353,A10AVFDDU87KJ4
354,A314X9P6GZUMSW
355,A1EIWDH2NSTTAS
356,ARZVEX72CUG61
357,A1GJKSZV2QOW7V
358,A32VXSBCJT400O
359,A7RMN8Y9O2L06
360,A2BYV7S1QP2YIG
361,A1R4BVOF5YKJX0
362,AT0IKAJJBC86V
363,A2D9J11ABBRCNL
364,A1LVA0P5Z6LK72
365,A1MQYVKFSLR24W
366,A19XCUROJXU0LU
367,A2FOSB7OQ8P1WO
368,A1BFE4KWRQXZ8Q
369,A1UA15PLQEDD7G
370,A7020WW2ZUQU2
371,A1YWL3D8SL6567
372,A2E07LXKYQ9MMC
373,A1QPBJ5XL0N5GA
374,A3HLUBDLMU8RGO
375,A14Q3XTGHQD5OA
376,A8KYE165N5K8J
377,AWS91ZM79K9XL
378,AI1NMQWHJT3ZL
379,A24KMKYGYPW60P
380,AHZX1J8MJRW3L
381,A3SPM8R0147DJ0
382,A1OEUH7PFLGPGV
383,A319104SPVMW2V
384,A3RATAGFMJQ320
385,AMFIPCYDYWGVT
386,A1ZKX2QB50377T
387,A30G6WBO8TAO14
388,A2EF9QZZZBNNBJ
389,A2ZTBRK0B5TSJH
390,A16F2CBU1PAROH
391,A9B9CA1R404H0
392,AM3MH4YR4MZ46
393,A3LLPZQ12HZGRL
394,AQ3YSF85S12R3
395,A3ROR5K2J2JB8M
396,A2X9NKSC6BL7XP
397,A1AHVAFIFT4EQ0
398,A3G0TQCODF7TD
399,A20J9B3UABC87I
400,ATOFV6ZQ8JLON
401,A3S3VSXEFXBMRC
402,A18G278KEARRKF
403,A3KHOFC9GOWQY7
404,AYD68L8PW0YW
405,A2NZLFWO8D6D6M
406,A10W1WEN6P4OPQ
407,AB8TZA1KIEVKF
408,A1WX4GVK9I90KB
409,A1MCZLKTUW95US
410,A2KD9EDKK7LVTI
411,A36T1YBWD0GI7K
412,A1SMHZVCHXZH63
413,A10PSXUO8K8VIC
414,A254XEYB4Y0RFA
415,A3OBA97QRPJC98
416,A160FYAAQ2NV18
417,A117H3YT3PNFWF
418,A3GV4Y7TCM9X2
419,A1QG9LPWTHG91M
420,A1MG46I7CSZ4X4
421,A2MFZQKXSRRDKT
422,A1WKYDXGQRW1I4
423,A1SBON0TNNXAOB
424,A3RO8EWFXJSMLB
425,ASC8EBJWRRQQG
426,A37RJ3VKMOX2QG
427,A12KG1WB97PFC7
428,AK4RR4CLBLGS0
429,A1JMDWOXWMC5G6
430,ACKAX1BE0FM3B
431,A2EHOGO1CGBQZ0
432,A214QAR6BHJL2A
433,A16R9NG0TD0EK6
434,A30WSULW0XPNF3
435,A36UIN7KK77LCU
436,A3EKC3E6A0QWN9
437,A1OF4WW5SDVY1
438,A3KY6GNNQCZ5ZZ
439,A20SGUIXI0NCAU
440,A3L6MEXE3C2J3V
441,A1C9E2R3ILXVCA
442,A15E3QRNLR6R49
443,A3UT2X5FTJ8IG
444,A18W75I5YPNZJJ
445,A29SXE0C8RP1R4
446,A24BP8Q0DN5WOS
447,AFJI2OGMRCWPO
448,A2RC3KGTYQ4B3Q
449,A1Z1YUKDNU2H1Z
450,A146Q1V1GU69LS
451,AEZPBH0SHONJK
452,A22UBH252IVB4N
453,A3PIIBTODQ693T
454,A3O33FOLEKVVB5
455,A3POFFZV8ZQHP8
456,A3IB4CQ2QEJLJ8
457,A3GZJAE0Y77X9C
458,AA8W50YBEM29D
459,A1YHMUXW92C7ND
460,AW41X3RWQQTBH
461,A2BMRTFU5U3PZM
462,A3AYTRPIAFMMRL
463,A17K4M77NJXBNY
464,AD4CWQ4WCYGCX
465,A2DWIJF8OI8Q14
466,A1GVP4H5KPRF83
467,A1KLCOTINRQULQ
468,AY1GIKM9B7WD3
469,ARMP5KVW7VW9
470,A2O6ZO8I28VSEM
471,A1THXU56N8WGRD
472,A2PWY7554Q6AO5
473,AWAAFFKEV7Z9N
474,AI94ZXBHCG3KH
475,AO1LH5ZFPI9IP
476,A17G8IGK3VHTS4
477,ARF106NZ1OXQZ
478,A35K39MUI62YGE
479,A3PEAOUAJPCM0K
480,A3BCG90RVIXAVO
481,A1CAOOCQQAD720
482,A3SQS0R3W0G57U
483,A1Y2KBBKJ84HGD
484,A3OXMPDQATEEBC
485,A2SVBGW7YZRUDL
486,A2VEHFE4X1QY1Z
487,A2DLRRMRYOCLU3
488,AF2WO964VCM58
489,AF3IT6O3VVJWB
490,A2H6KLXQ2J87RR
491,A1474T59X6O75K
492,A3F6OOC5FAIRN8
493,AGL13JYOVEOFP
494,A3RH633TB2VO9C
495,A4OGAHOVIP594
496,A1Q35CV540SZCP
497,AECOW5EW8TJ3Q
498,A3JVM4PNQ9F6MH
499,AO5HECJFS7Z14
500,A2LR8NQQ2N6X2R
501,A319DV9CKUT067
502,A1RC3IKW8OB6W2
503,AQ6BC76U77C7X
504,A2NB99GO7U2TIQ
505,A939TEY75JTJB
506,A22HX99ZGA9NF7
507,A3CPORNMBBO04V
508,A3UP35FCLHTFFZ
509,A2MZLIGN8HF47Y
510,A5Z5PW04F807W
511,A3MCP1Y87DJFL7
512,A2GWS4I3ZT884K
513,A1CSD31W1OTDF
514,A1G1FKAMD4WD6E
515,A24NX3LCZ59JOQ
516,A1OTDENSIFBKXE
517,A3AWOYYDRI3H6R
518,AD5EUM8V0N438
519,A1EH2OH56YJUQP
520,A3JEZN60YD1EG6
521,A3L3EUKGCDDNZ
522,A2Q6YQIW3B4XN6
523,A3UYQVLXKSPKG5
524,A1YZX5TOUWYOTR
525,A1L6PD52EJ98IK
526,A4TICTJJFY5IN
527,A1TE5O4ZRGI12N
528,A2E9R4QLW9WCAY
529,A2GINUR6P2I9P5
530,A1BHX28BBBJ3UW
531,A3EOX0APFN5HNV
532,A7FJ68BMMPDGD
533,A28JR7V8HEONXR
534,A21PUXVJLZJ7D0
535,AF6D2LE67JSM
536,AG38WLMZFMSY3
537,A25Q4C2UDIOPXC
538,A39DHFZ2XKHEE2
539,A1HKRFJ9QX2HVX
540,A1FRIBXUEIRNQ3
541,A1TWMUCAU35FMV
542,AMM12QMTBUD5X
543,A2CMZUF98XE8V1
544,AOZ10BIT4K4WX
545,ALGU24R3F04CF
546,A2MJI2TGX1JLJY
547,AOH399XURM395
548,ASNZWZVNEZGQK
549,A1DOX9D9V44XY7
550,A2BPWKO046K2VW
551,A3EOO7ECBYL94H
552,A3CU44605L2PYG
553,A2RV8KNSKO0E5U
554,A1PTILJG47ABU
555,A3FWTUD4GDHYRO
556,A2BHQ5QPRTRBE1
557,A3GBFYI3G5RM64
558,A2T24Z5QP2OMXU
559,A3KCJOZZ7LMJ1J
560,A376555E35C1G5
561,A3DYX6KMZILYDT
562,A2FTQ2J53HKOKO
563,A2CW7YC9ARXY2D
564,AP8VZ3E4GTTH3
565,A20PN7610O5XMU
566,A3UCTMICTVN231
567,A2RVVOBD3SG56S
568,A1FFEM796KFM44
569,AKKYTJITAYV7Y
570,A3I7STKWMMXVLC
571,AP3DAFU86H0JJ
572,AD79V4Q7CG2T4
573,A3BXV9189NYEMP
574,A11054UCHEKZF0
575,ALC2LBPFLFXTL
576,A24ZH6M8Y49XQC
577,A1KU8HFBI6MIRZ
578,A2XD56CL469EMC
579,A3BPAULVT6CIN0
580,A15FCPNOM52678
581,AMSNO3DZFP4FS
582,A1QXNR4WZKR8M1
583,A171UBX7D9YXKY
584,A24PXWD67V1A4Z
585,A1HZ1JYB83LG2W
586,A2UV8A1ZO6VA9D
587,A103979529MRJY0U56QI4
588,A23J82ZQHRZ16O
589,A1K5E29U92JROH
590,A2ZVPCF2RBEH3S
591,AKGULZLLUDGUQ
592,A2UE636VS953CN
593,A1D0PHYBW2QXXF
594,A2PIDOIB4BRZU8
595,AXPTB77G8K7P0
596,A1S6XGXF8T6Y7Q
597,A33YU1U9MEV98L
598,A2UJBADKUG36G5
599,A307K8SI2HR2H0
600,AN1K02L6M4J3C
601,A2FE5PCQUGDT9Y
602,A140FST4EBGR8M
603,A1CVMF6UL0D1ET
604,A36IK9S8Y5PV5K
605,A3D7WYVWITH24H
606,A25K2HZXNN3KBF
607,AD8WCKE5CNLUR
608,A35MDYPHO3P69D
609,A3CFKOZBJ9WG6I
610,AHF4MV0VEHZI6
611,A22IGYQQ9KMK0J
612,A12HFMPEH9BR6F
613,A3AW0KSVV2BGKW
614,A1LMN7UO2AEBID
615,A1BHGPOBJGBFDD
616,A1E2PWLIQX4F1Z
617,A2A048BWMZGKUE
618,A2CBGM9ZTNST8Z
619,A2Z062LLU4GOA5
620,A2XHZDAPUFARH6
621,ANRI7XBUI43L5
622,A43CAAZ5RMSFT
623,A3407BNH8WP2R4
624,A3RG6X2IP41AJL
625,A2MQYDVGSMDVBK
626,AVH52ZDIBZ41U
627,A3MCJTP20KWX80
628,A8NCUUYP2RNMH
629,A2I8YPISSWF89P
630,ALPSPAC5JV4L7
631,A2FRVY16ZUXXMS
632,A1Z1VFCXNAPRHY
633,A2IHZ2NKUM622Q
634,A3OS08H6KAWIIG
635,A1K4UFU4G2IRUV
636,A2U246UR1G729B
637,AS2DGH9XZG8F1
638,A3M9YL543P34YC
639,A24F27HLVONLQ3
640,A1UBTJAGY0XG3A
641,A2UJG51LNO4O1M
642,A284QL8F3NK2WC
643,A6Q35N4EAOWG8
644,A27SQOSL8YCK8S
645,A2SJMA8DQ44Y2A
646,A1D8KYAYOT4F1S
647,A374NKDV6Y2VEQ
648,A2XATM50N3DWIR
649,AMWO3JX09L4S
650,A2F071DFW5KSGP
651,A2JNRQLKEF6IB7
652,A3Q7G4VMK5IQDA
653,A1MSG44IC7HLYB
654,A12N4FBE4UMETK
655,A03749271P4L9K1LN5UNT
656,A8K5I4MF6QCGJ
657,AWQKQ6U320J0A
658,A2F8SA1D3WRLEG
659,A1N40PFD0FEPCN
660,AVHWTFXUVNXXU
661,A3GN9OUT9Q8JD8
662,A288E6AG3TIB10
663,A1800GAMI3CXR
664,A214X5J7F2EDR0
665,AVMT99T053E6B
666,AX4D9BUSHH3LE
667,A2SH7OWE8QJYNC
668,A3J3XISARZT8GD
669,A3IZU68SQK35G5
670,A23E9ZPS2RQZS0
671,A258JIBV22UWM8
672,A1OHOGJK6QJJZP
673,A115FKKTVGG3X8
674,A1E1YJD8PQ17E8
675,A3C4XRXZSSHENA
676,A21N2BAJOV73JE
677,A1K1MJWN986MFW
678,A2S14AFF3I1PEI
679,A1BFWIGK5S6NSW
680,A3V3OOCUDHU9B4
681,AQ4WC7ZGIYYT
682,A3CJ8WCEL7N5SA
683,A11YC5X2KDI12X
684,A1E59G4FUUCFRJ
685,A9N43A4VL9OET
686,A61K8R74TYEP6
687,A3F598ZLVUWL93
688,A1TBIVST1JDJPE
689,A2W0KKCKYPMKO5
690,A2S82CIZNK5HTJ
691,A2AGUIRQZHZK7K
692,A1KEGSQGC5SOI
693,A2GQ5OU1199USN
694,A1Q3SEVQJSXVRC
695,A2GA55P7WGHJCP
696,ACG1YJUI807TE
697,A2ONKVCEKZSAE9
698,A2L4WWI80SCDV3
699,A35ZFR9JEHXHAX
700,A1A87CCHW05OEX
701,AUU034MAGB22Z
702,AD0ELJDH10EON
703,AHISEX4L5TEXI
704,A1ILVJQME29S5Z
705,AWCVTOFNR9OGL
706,A2RDJD7EPDHQLC
707,A367QMSZKQGD13
708,A16NH50TOP4LLC
709,A3AE2IM2KQ9ROH
710,A1HQFAU759NML6
711,A1X81EB8YDQBVC
712,A3LS5ELEZEPZOD
713,A1ZI8PW4393WB3
714,A2TWE11ZRONAF3
715,A3ITUU08MLODFL
716,A152AYBX7940O
717,AKU3YO8JWK9NL
718,A2T4M2YQ81FQ7I
719,A2861ZOB823G3B
720,A1U2R0CVP16XI2
721,AULA6PM63CVCL
722,A25VQ8N50QR4DH
723,A1B7V73GW4YUGR
724,A30XUMD55V8G6U
725,A2X20N5XBHWG36
726,AINFC1NJ3ALN0
727,A27JK5LED6T8AB
728,A1J02XMVJFA8NM
729,A3KVDW97EHIDEW
730,AVU1LK496DKNT
731,A13OECNCOPRO79
732,AIEDQUA2QQYDW
733,A36RI9PYQ4X9MP
734,AU7QX5BO1XX3Y
735,A2QSMXYAMAVZAY
736,A15FB1J267BMLE
737,ADTUAJ8NA00Z8
738,A36HE758XHWOJ9
739,A3JPJ2LOZLB480
740,A1QCQZUE8NYPHL
741,A3FAOBO8T88TIT
742,API93P4EZAUDQ
743,A1SP0QI5WMPKDG
744,A2V1BUEE8L2MP7
745,AP450PBXI5VQF
746,AXQJ9U4EB7S4J
747,ADE7WEQFCFAG7
748,A3TCA91K21EVV7
749,A1NVER4FI1K13K
750,AURLKULJOZKK2
751,A2SX36HBYDFM6L
752,AOCC8OT4JX9UZ
753,A2T45ACFZFGP4I
754,A2FAHY26BXZFWZ
755,A2V0CRWORRHYO0
756,AS8YN7IGEPM
757,A126CRMYJ2FC1N
758,A1E11198LO69EO
759,A2TKXU619KKEEE
760,A3CVPPLPTHUVY9
761,AX5O7O9DALUP4
762,A2JYBTA1MHR0KA
763,A3MFXK1Z16EUVG
764,A3VDC0QW39NELW
765,A3GVBTQPWGRMWO
766,AZC097NSZCUQ8
767,A21Z6O5S4HJ75W
768,ANRN0RB6SZZUR
769,ADE65K0JDCII7
770,A273K6GVLOELR2
771,A31G3KO6F23EO9
772,ADVDMMFWOZNCX
773,A395USB5IZT0WE
774,A29ESLC45FURPV
775,ARB0OCZT1DDF3
776,AZNZ4V0YQDK6P
777,A21NQ9AGLYXZPL
778,AKM56ZFX3Z2LL
779,A124MQESI6PUUT
780,A33QIBGZN61XJB
781,A1AWAXCO9WFV73
782,A26JVQAGYVYTXJ
783,A3NTD3T0WNWOF8
784,A173O6RHW3I8FA
785,A1AVXGTY8QSO8V
786,A8VI7KMUHI7ZH
787,A29RTUYSFO5L02
788,A3SOK9WNFQRNSB
789,A82XC36EFA0ID
790,A15OP78W8FAAD1
791,A1QY7VNG0HSV8O
792,A1BU43IBOYVZY6
793,A1G0684OLZ4RU8
794,A17SJ8FUZFPQYI
795,A1B92M0W108G7H
796,A38D4M8BQPZYHA
797,AFL0ZMIE88CC9
798,AL3A6QCHEGI9J
799,A1FD8LO11T1Q5Q
800,A1TA8B8X5VXLIT
801,A1LHJ1IR3QWC5T
802,A2T7QC9G7RUHEN
803,AL3IIK5E729J
804,A3IZRU6IL51ZB4
805,ALVVICE30ZM6K
806,A34NI9FS6CHLJE
807,A35NZZX80YNZFY
808,A1ZYRY92VJ361X
809,ACUKEAWLNC3KP
810,A1IXASPJEASB1H
811,A1PXDD0X8EFT4V
812,APQWE8QEL5L7O
813,A1FT9GBIK6YACN
814,A2EAOKK2GRP7K3
815,A31P01E1RUIGHH
816,A2ZV3PPSZXNX7C
817,A2KZ0UIXK1TMIE
818,A2HC9ZM66MA5GG
819,A1FNQ0KHS4JPAQ
820,AR8HILBIG4Q7N
821,A3A910P12ERLI8
822,AB9QXC67UKQQP
823,A4KDH0GM7CZHS
824,A2K8LID0OUMO6Y
825,A111B4S11ENILA
826,A2PH41N0QCLGOE
827,A2INQE7LYL3JF9
828,A22OPZ8E6FZGWR
829,ASE3EOA4S0AW6
830,A1RDV8QDA94VKL
831,A2JY6SD6SBIY0O
832,AZCA7JN2M2WHZ
833,ATYL6HLA621R4
834,A2IA5VA1PSIEFL
835,A3CE16J7KAR4LG
836,A2P50NDVMXRD09
837,A1YM1FXNKL503I
838,A2W29QEVNPXJOQ
839,AMK3AVPB6392Z
840,A1WECA7KRZF9GH
841,AAB0YXGJPQ1ES
842,A1S48ANGFTOCM9
843,A2FE7E5K8AEN6X
844,A1OTC8P4CIMEAF
845,A38YM16BC5O50Q
846,A27RBMCNZSQJ6R
847,A1R639ZJL1J8Y8
848,A1Q8T2H13KQ435
849,A23GCTH1ID7XBG
850,A3JV0VL20US2HC
851,A3B269NCE1YRT8
852,A2M2RGAS9ILMYA
853,A36TUDXO7QHRRL
854,AKNDHLJEDY93U
855,AVW6RV7MBX0FH
856,A25C3N496W7VAA
857,A6DU3PK6UNAJ6
858,A1YT15PENPXA5Q
859,A1TRB1FIMF1G2I
860,A34R5HAINAP945
861,A3TGF3XB9466K1
862,A18HZWRXCVK8IZ
863,A1SAUTP5CI6ZW0
864,A2HVR0EGJ1A6GP
865,A1WOJASA40OOJM
866,A2GUH0W0CIYD4N
867,A1R5K6NXRLSVO5
868,AKU0ZZ3IEZW42
869,A2BVT8KMW3XJFF
870,A2S371ZGRZO215
871,A2OHKHCUVHJJUV
872,A3E7MTZ8MGM8H6
873,A2MN3ILOFH0UYP
874,ADR6KDKJTSJTE
875,A3LDE2G0LHGPUT
876,A1QWCDX5EVV2GE
877,A1ZLICEPOS65HC
878,AXFTK8BXNQKL6
879,A2B526YQBNN3JV
880,A2GP7CIJS9T23C
881,AZOQZ4DCG8JNQ
882,AUYKOBUIUZR0I
883,A2SNM8LWUHZVV5
884,A2Y3EV4HORECFJ
885,A1LJSRQMH8NE2K
886,A1EE1HLYUIJPIG
887,A2M092WHHZ5NO7
888,A387WD1LOBQ4PU
889,APMFB9YT1LZHA
890,A36IKMG970YION
891,A334NQ44K80C8A
892,A1UBPHXIWUDVE4
893,A3UY9S1T1LHE0I
894,A2RSSVBBCZ8UO3
895,A1SLR8CWYM3QTT
896,A23NYPUVHB1LB
897,A3QHNNFXTCYW5C
898,A307V9QWACW7FS
899,A09811161BMHO0F6J92FV
900,A1R2FKV04S68D1
901,A2ET9VHLD13OK2
902,A3232YKY8CRTR
903,A2TZAMIE8Y354V
904,A2Z23XRG2C7C5X
905,A1R43NV6B39LKA
906,A2O87HRBT3E0JI
907,A2CETA99AG4CGM
908,A2L1S50GABL5SI
909,A2HCZTK2PEZJZ1
910,A5W78LLM2H317
911,A2C0RMG6EKEGD0
912,AKGPQQPQSEZM3
913,A2XTJW4FPK8ZHK
914,A2QP6YZ85LBXJ
915,A10QCZUQ53TNRP
916,A6J7W9MNOYADX
917,A4P2P0GAMR7XX
918,A4P9WK7Y65O58
919,A3GVN12986WA35
920,A2LUAIUPWFTGD7
921,ASJJXU7L6M8L7
922,ALZNT57WHMMJP
923,A15F1YIG090SCX
924,A1FXTWH6VJGHB6
925,A11QLVY0EXW18L
926,A3NHTNUCFTIYBX
927,A1XY7D55H6K66K
928,A35JRUKMF5NWN6
929,A2DZGWGPI6GZ5H
930,A1NWZ36SWNMLE3
931,A1BRVZW7NTJB1R
932,A2NLEJIM4GMPB4
933,A21T3ZUNBWOZ8F
934,A1EVV5V0R95B28
935,A78QF2BQJGH81
936,A2PXM5CEPRAAY5
937,A2NDG1DVMSSAEW
938,ANT9OU9GKDUBE
939,ARI4HM9LQUZZU
940,A26BSATAVEE97Y
941,A1QPSHM3X8IUA3
942,A1OUTFWYO3YOBM
943,A2QKTPAJAGQTB3
944,A2GA51MUIJXPSZ
945,A189R4VCST004J
946,A1L2171NCB7HQR
947,A2OMADDODDWJWX
948,A1I0YDFRZV088N
949,A1HMXKPXP9A58V
950,AQXJDUO75DMY2
951,A2RDL4TIHOIUKN
952,A2S9AVD81883ML
953,AUBBXQAB2U0FV
954,AZANTZ6JTYAC8
955,AWOYDE0KZ2G0O
956,A1HLKKAC4OVAEZ
957,A1RCHVX9IV4MZO
958,A2VO4TGPEP5LYA
959,A23ZVTWJU10EKI
960,AYOTEJ617O60K
961,AULRBZMQ5OMAM
962,A2W458EUQ39QXS
963,AGNEXQP0QHTE8
964,A3874X0MVV5PV2
