bundle ID,item ID
0,3245
0,3525
1,658
1,2862
1,1140
2,533
2,2862
2,3638
3,3045
3,1269
3,880
4,4371
4,4370
4,3360
5,591
5,4369
5,2151
5,4368
5,2845
6,3876
6,1592
6,1600
7,725
7,1461
8,3877
8,1449
9,834
9,4431
9,3007
9,4430
10,78
10,154
11,2813
11,1188
12,1167
12,3742
13,3742
13,1167
13,301
13,3743
14,3743
14,1167
14,3742
15,1959
15,2818
15,1317
15,2397
15,1113
16,1113
16,2397
17,484
17,2163
17,2265
17,2325
18,484
18,2163
18,2265
18,4181
18,2325
18,4180
19,3144
19,3191
19,2492
20,695
20,2683
20,2712
20,3175
21,3175
21,2712
21,2492
21,2683
21,3191
21,695
21,3144
22,3249
22,604
22,3101
22,652
22,2994
22,357
23,1991
23,1618
24,244
24,3446
24,2581
25,244
25,3446
26,4047
26,3100
27,3100
27,1985
27,4047
28,2774
28,56
29,2648
29,1260
29,445
29,815
30,2648
30,445
31,1260
31,2235
31,3217
32,1260
32,2235
32,2713
33,2713
33,445
34,1891
34,3880
34,3205
34,2969
34,617
34,959
35,3880
35,2969
35,617
36,1891
36,3205
37,959
37,617
37,2656
37,2969
37,3205
37,3880
37,1891
38,1630
38,3096
39,1022
39,813
39,1132
39,1506
39,2728
39,2184
40,2184
40,2728
40,1506
40,813
41,3516
41,1666
41,2358
42,607
42,1919
43,1830
43,3289
44,2594
44,2004
44,413
45,1830
45,3289
46,4085
46,4084
46,4082
47,4085
47,4084
47,4083
47,4082
48,4486
48,4485
48,3324
48,2017
48,1320
49,823
49,1997
49,4484
50,1539
50,3555
51,3493
51,3266
52,1662
52,4310
52,1502
52,1697
52,1807
52,394
52,703
52,2318
52,1000
52,638
53,638
53,1000
53,2318
53,703
53,1502
53,1662
54,1807
54,4310
55,394
55,1807
56,3388
56,2761
56,1840
56,4165
56,153
56,4166
56,3684
57,4166
57,4165
57,1840
57,2761
58,4166
58,4165
59,4134
59,397
59,1182
59,862
59,47
60,397
60,1182
61,2812
61,1154
61,3543
62,659
62,11
62,2960
63,659
63,11
64,178
64,1358
64,2060
64,2538
65,1358
65,2538
66,1752
66,8
67,1942
67,1876
67,1365
68,1876
68,1365
69,1616
69,1027
69,1156
69,1791
69,1568
70,2399
70,2963
71,646
71,974
72,646
72,974
72,85
73,1822
73,702
74,412
74,3602
75,755
75,3068
76,412
76,1007
76,3602
77,2673
77,2832
77,3659
77,528
77,1824
77,2569
77,1336
77,1063
77,504
77,1452
78,504
78,1336
78,1824
78,2673
79,2104
79,3028
79,2346
80,1504
80,2308
81,634
81,2308
81,1504
82,3909
82,252
83,3911
83,1587
84,252
84,3909
84,2684
84,2598
84,1587
84,3910
84,3053
84,3911
85,2918
85,3393
86,877
86,2967
86,2884
87,3038
87,393
88,1913
88,393
88,896
88,3038
89,2772
89,88
89,1813
89,464
90,2008
90,3120
91,3080
91,2327
92,1968
92,1723
93,3325
93,2438
94,1968
94,1723
95,1246
95,2705
95,231
96,1828
96,18
96,3636
97,956
97,4394
98,3529
98,805
98,2584
99,2755
99,2537
99,4095
100,1211
100,3229
101,2944
101,1050
102,4158
102,4157
102,4156
102,765
103,1920
103,1203
103,3401
104,2556
104,1677
105,348
105,800
105,2779
106,348
106,800
106,2779
107,2421
107,1240
107,3669
107,2856
107,2643
108,1240
108,3669
108,2856
109,641
109,3338
109,81
109,3955
109,69
109,3280
109,3956
109,1302
109,3957
110,3280
110,69
110,3955
110,81
110,3338
110,641
111,3777
111,3776
112,2896
112,4199
112,1596
112,1602
112,4197
113,3334
113,4198
114,4199
114,4197
115,1305
115,334
115,1781
115,3164
115,3915
115,1690
115,36
115,3916
116,3916
116,3164
116,1781
117,334
117,1305
118,36
118,3915
118,3164
119,3502
119,4018
120,988
120,1866
121,4019
121,1470
122,2161
122,683
122,4057
123,161
123,744
124,161
124,744
125,2213
125,1364
126,1364
126,2213
126,3904
126,744
126,1524
126,1938
126,3189
126,161
127,1790
127,1543
128,579
128,174
129,3682
129,3479
130,3682
130,3479
131,915
131,1541
132,915
132,752
132,685
132,2155
132,1850
132,1541
133,295
133,1529
134,3255
134,1481
134,2112
135,54
135,1557
136,629
136,1557
136,2112
136,1481
136,2234
136,1253
136,54
136,328
136,3255
137,256
137,3681
137,290
137,2568
137,844
137,3937
137,3938
137,1884
137,1664
138,1884
138,3938
138,844
139,3937
139,2568
140,1884
140,844
141,705
141,850
141,3952
141,3079
142,3951
142,3949
143,3951
143,3949
144,705
144,850
144,3952
144,3079
144,2287
144,3950
145,2432
145,2747
146,3098
146,2473
146,4191
147,3098
147,3537
147,1900
147,1468
147,4191
148,116
148,966
148,1763
149,1020
149,2830
150,4426
150,2890
151,2048
151,2254
151,1978
151,3023
151,29
151,3624
152,4437
152,2985
152,2636
152,3590
153,4436
153,2306
153,10
154,4382
154,2781
154,2293
154,3595
154,3073
154,1659
154,189
154,3518
155,2564
155,1948
156,1301
156,2597
157,2889
157,1206
157,3270
158,3270
158,1206
158,2889
159,2499
159,2014
159,3179
159,468
160,2847
160,1824
160,1683
160,1059
161,1059
161,1683
161,468
161,1724
161,1824
161,3179
161,2014
161,2499
161,2847
162,1401
162,1073
163,134
163,333
163,2148
163,3637
163,271
164,526
164,1667
165,127
165,1667
165,3752
165,526
165,2479
166,526
166,1667
167,2190
167,235
167,1378
168,2394
168,2030
169,1905
169,2237
169,2468
169,3146
169,2310
169,3581
170,3146
170,2468
171,3581
171,2237
171,1905
172,1706
172,2157
173,1706
173,2157
173,650
173,2063
174,3842
174,711
174,1200
174,57
174,95
174,521
174,3843
175,3843
175,521
175,57
175,1200
175,711
176,3815
176,619
176,912
176,1804
177,2130
177,3210
178,1804
178,3210
178,912
178,619
178,2130
178,3815
179,4168
179,2738
180,2738
180,3497
180,4168
180,2241
180,4169
180,4170
180,1586
181,1308
181,1597
182,3668
182,204
182,2124
183,2764
183,75
183,215
184,262
184,4255
185,3609
185,3004
186,1235
186,481
187,3261
187,2436
188,1396
188,403
188,2280
188,635
189,2288
189,494
190,3257
190,414
191,952
191,2909
191,352
192,3257
192,163
192,414
192,21
192,166
193,163
193,166
194,2663
194,273
194,2440
194,2478
194,149
195,447
195,3267
196,447
196,2383
197,3258
197,3560
197,247
197,2503
198,876
198,3093
199,2545
199,3426
200,4090
200,4089
200,4086
201,4088
201,4087
202,4055
202,2685
203,837
203,4055
203,2685
204,4373
204,2404
205,4372
205,1674
205,2630
205,2719
205,3202
205,3673
205,2921
206,3550
206,3341
207,4479
207,4478
208,2977
208,2202
208,980
209,795
209,2732
210,878
210,3129
210,3378
210,1261
211,1261
211,3378
211,3129
211,878
212,454
212,12
213,655
213,1623
214,2369
214,4278
214,1383
214,3508
214,424
215,2718
215,2369
215,2729
215,4278
215,1383
215,3508
215,424
216,2369
216,1383
216,3508
216,424
217,896
217,1398
218,437
218,3688
219,28
219,3527
219,437
220,3688
220,2592
221,2094
221,1222
221,2616
221,914
222,1021
222,4285
222,3259
222,622
222,1262
222,1782
223,4286
223,1021
223,4285
223,3259
223,690
223,622
223,1262
223,1782
224,4425
224,4424
224,4423
224,4422
224,4421
224,2331
225,1066
225,3470
226,2508
226,3520
226,1066
226,1369
226,548
226,3470
227,1930
227,4391
228,2731
228,836
229,2107
229,2749
229,3135
229,1704
229,2553
230,3226
230,2247
230,4116
231,2866
231,3207
232,4116
232,3207
232,2247
232,2866
232,3226
232,3082
233,3437
233,3978
233,1003
233,2716
233,810
233,1236
233,560
234,3979
234,2787
235,3978
235,1003
235,2716
235,560
236,3197
236,4106
236,214
236,2908
237,3197
237,4106
237,214
237,3583
238,2180
238,1701
239,3240
239,517
240,4364
240,1183
241,2164
241,4363
241,3083
241,2243
242,3826
242,3672
243,1509
243,3263
244,3263
244,3825
244,3672
244,2976
244,1509
244,3826
245,768
245,3888
245,2062
246,2580
246,2782
246,3351
247,2785
247,3351
247,2782
247,2580
247,1243
247,1642
248,1190
248,3680
249,2022
249,3302
250,1696
250,3544
250,2901
250,241
250,3253
250,4015
250,3314
250,3310
250,1619
250,555
251,555
251,3314
251,4015
251,3253
252,2901
252,1696
253,2520
253,2488
254,2669
254,2366
255,2034
255,3495
256,1855
256,1057
257,3531
257,2540
258,1518
258,1274
259,4097
259,1796
260,3227
260,1467
260,2606
261,3716
261,1434
261,2810
261,1410
262,3716
262,1434
262,2810
262,1410
263,3734
263,3735
263,3736
263,3737
264,38
264,2711
264,3704
265,133
265,3717
265,879
265,1177
266,1177
266,133
267,4379
267,4378
267,958
267,4377
267,2068
267,4376
267,3448
267,2274
267,3468
268,1368
268,2464
269,3767
269,506
269,3382
270,2143
270,2224
271,1258
271,2986
271,1479
271,3580
271,2518
271,3089
271,2569
271,2981
272,1258
272,2986
272,1479
272,3580
272,2518
272,3089
272,2981
273,3822
273,3821
274,1894
274,960
275,2913
275,694
275,4415
276,43
276,3378
276,3130
276,1778
276,1802
277,618
277,2644
278,43
278,3378
278,3130
278,1778
279,1741
279,2690
279,848
279,3358
279,3055
280,928
280,2937
281,2920
281,207
282,982
282,2920
283,982
283,2937
284,928
284,982
284,2937
285,3372
285,1762
286,3640
286,998
287,3640
287,998
288,3856
288,469
288,1016
288,2212
288,3855
289,3663
289,4125
290,597
290,4126
291,1476
291,2973
291,2836
292,2081
292,3507
292,2750
293,240
293,1575
294,3469
294,1946
295,4179
295,4178
295,4177
295,3430
296,2717
296,4176
296,574
296,3430
296,4177
296,4178
296,4179
297,574
297,4176
297,2717
298,2881
298,3440
299,948
299,2270
299,1513
299,365
300,2270
300,1513
301,365
301,3440
301,2881
301,1513
301,2270
301,948
302,3474
302,1705
303,3775
303,3774
303,323
304,1705
304,323
304,3774
304,3775
304,3474
305,3422
305,3656
306,3656
306,3422
306,1908
306,3865
306,3866
306,3867
306,259
307,259
307,3867
307,3866
307,1908
308,3867
308,3866
309,2474
309,1348
310,1553
310,3462
310,2436
310,3649
311,1553
311,4128
311,3462
311,4127
312,3649
312,2436
312,4127
312,3462
312,4128
312,1553
313,1139
313,4135
313,296
313,2178
313,4136
313,1577
314,1577
314,296
315,2178
315,4135
315,1139
316,1166
316,1675
316,106
316,2315
316,488
316,3572
317,3616
317,680
318,4183
318,2895
318,4182
319,1207
319,1463
320,945
320,3600
320,1789
321,3631
321,3037
321,2632
321,1769
321,2322
322,698
322,1312
322,3641
323,698
323,1312
323,3641
324,2322
324,1769
324,2632
324,3641
324,2263
324,1312
324,698
324,3037
324,4012
324,3631
325,3631
325,2632
325,1769
325,2322
326,4167
326,250
326,1682
327,1682
327,3328
327,250
327,4167
327,2028
327,3147
327,2122
328,2122
328,3328
329,3147
329,2028
330,2902
330,3099
330,1567
330,738
331,2925
331,1163
332,270
332,1163
332,2925
333,584
333,1483
334,584
334,1483
335,2848
335,2367
335,2988
335,2496
335,3629
336,2496
336,2367
337,3629
337,2988
338,3061
338,938
338,672
338,1914
338,2111
338,138
338,1315
339,833
339,1100
340,833
340,2586
340,1100
340,2795
341,2268
341,3113
341,340
342,1980
342,1352
342,1454
342,3016
342,40
342,1974
342,3683
343,3683
343,40
343,3016
344,3163
344,439
344,4153
345,1937
345,1983
345,541
346,439
346,4153
347,1074
347,2092
347,121
348,1074
348,2092
348,121
348,2517
348,359
349,2092
349,2517
349,359
350,1760
350,3386
350,2757
351,2451
351,421
352,4434
352,285
353,1185
353,1714
353,156
354,2599
354,258
355,598
355,440
355,3881
355,728
355,929
355,1687
355,2038
356,728
356,3881
356,598
357,1550
357,626
358,4144
358,1055
358,4143
359,368
359,909
360,479
360,578
361,893
361,4096
362,3200
362,2736
362,3262
363,2052
363,3003
364,2487
364,3378
364,43
364,2652
365,3613
365,3145
365,4344
365,3140
365,839
365,1474
365,2978
365,4345
365,3285
365,860
366,860
366,3285
366,2978
366,1474
366,4344
366,3145
366,3613
367,3149
367,385
368,586
368,1103
369,3472
369,66
369,2505
369,1508
369,744
369,2418
370,2505
370,1508
370,744
371,1845
371,61
371,168
371,4383
372,4384
372,1957
373,898
373,188
373,1898
374,1566
374,1038
375,3018
375,2857
375,1650
375,3152
376,2115
376,1136
376,2770
377,3410
377,2387
378,3465
378,3106
378,3576
378,1334
378,3050
379,2476
379,936
380,2634
380,3009
380,524
380,2903
380,1719
381,3408
381,3088
381,3718
382,3265
382,3887
382,2195
382,1439
382,90
382,1053
382,2665
382,486
383,2665
383,1053
383,90
383,3265
384,1525
384,724
384,3542
384,507
384,1400
384,997
384,1955
385,1281
385,62
386,3545
386,1771
387,324
387,1755
388,324
388,1755
389,757
389,2203
389,217
389,2700
389,847
389,1362
389,2697
390,3722
390,3124
390,1351
390,748
391,1773
391,3619
391,3852
391,1854
391,1487
391,1916
391,1803
392,1487
392,1773
393,3039
393,3849
393,1680
393,2588
393,1562
393,2073
393,3648
394,3648
394,2588
394,1680
394,3039
395,746
395,1088
396,129
396,589
396,978
396,3926
397,674
397,4349
397,2688
397,1006
398,1367
398,65
399,4393
399,4392
400,3356
400,4297
400,802
400,2686
400,2083
401,3603
401,1319
401,4296
401,1977
402,2083
402,1049
402,2686
402,1977
402,802
402,4296
402,4297
402,1319
402,3603
402,3356
403,509
403,2095
404,1569
404,2992
404,1184
404,2407
405,2407
405,1184
405,2992
405,1569
405,2733
405,3801
406,1972
406,1423
406,1799
407,832
407,1829
408,832
408,1972
408,1423
408,4031
408,1799
408,1829
409,2413
409,2096
410,1972
410,4032
410,1423
410,1799
411,74
411,3076
412,177
412,2551
413,3330
413,3033
413,2127
414,1105
414,3109
415,2419
415,1554
416,3081
416,1603
417,2371
417,14
418,450
418,14
418,1554
418,2419
418,2371
418,1603
418,2590
418,3081
418,3415
418,255
419,3986
419,3417
419,3985
419,1814
419,3984
419,2291
419,3983
419,3982
419,416
420,3986
420,3982
420,416
421,267
421,1399
421,3625
421,3931
421,819
421,3932
421,372
421,2109
421,3933
422,3933
422,3932
422,3625
423,3931
423,267
424,330
424,743
424,1645
424,2518
424,2672
424,3851
424,197
425,2672
425,2518
425,743
426,197
426,3851
426,2518
427,2672
427,743
427,330
428,605
428,1161
428,2546
429,3762
429,1628
430,2080
430,756
431,1356
431,2941
432,1655
432,1097
432,4453
432,4452
433,3185
433,1655
434,472
434,3136
435,1874
435,1875
435,3112
435,120
435,4356
435,184
436,4279
436,3391
436,932
436,3212
437,1962
437,99
437,48
438,2521
438,1907
439,4279
439,932
439,3212
440,1187
440,3721
440,772
440,3419
441,3419
441,772
441,3721
442,1061
442,4359
442,779
442,953
442,2766
442,3062
443,1472
443,1225
444,1198
444,474
445,1198
445,474
446,707
446,4396
447,3141
447,3236
447,1638
448,1322
448,411
449,1322
449,411
449,3827
450,3556
450,1794
451,4390
451,4389
452,941
452,3870
452,3871
452,363
452,3872
452,446
452,532
453,363
453,3870
454,532
454,446
454,363
454,3870
454,941
455,1523
455,965
456,1739
456,2491
456,2894
456,1879
457,3329
457,205
458,2780
458,327
458,3906
458,3059
458,3905
458,682
458,2830
459,2830
459,682
459,3905
459,3059
459,3906
459,327
459,2780
459,3615
460,2573
460,1932
461,564
461,1437
462,4414
462,4413
463,4412
463,4411
464,2281
464,275
464,1734
464,3991
464,232
464,3992
464,3993
464,3994
464,706
464,3995
465,899
465,1792
465,3043
466,1792
466,3043
467,3043
467,1820
467,1792
467,899
468,91
468,1952
469,1072
469,2557
469,3015
470,939
470,2961
471,3918
471,2188
471,3917
472,3216
472,1981
473,2465
473,1321
473,1016
474,3125
474,3283
475,2465
475,1321
476,3125
476,3283
477,701
477,2465
477,1321
477,2296
477,219
477,1016
478,3476
478,2980
479,1273
479,2980
479,2694
479,969
479,3392
479,2675
479,3402
479,1208
479,3476
479,471
480,471
480,3402
480,2675
480,1273
481,3476
481,2980
482,3402
482,2675
482,3392
482,969
483,2285
483,2748
483,4011
484,3383
484,1201
484,1743
485,2725
485,1389
486,1743
486,4011
486,3252
486,2748
486,2285
486,1201
486,1389
486,3383
486,2725
486,2366
487,2549
487,2042
488,3394
488,2257
488,3808
488,2300
488,3807
489,1601
489,1184
489,2854
490,1601
490,1538
490,737
491,2010
491,2927
492,4188
492,4187
493,4188
493,4187
494,2343
494,2631
495,2097
495,1018
496,2360
496,3719
497,913
497,3026
497,1128
498,913
498,4263
498,3026
498,1128
498,4262
499,3040
499,599
499,927
499,1624
499,3618
499,3221
499,1083
499,3520
500,3221
500,3618
500,927
500,599
500,3040
501,2079
501,2320
502,2420
502,478
503,513
503,4026
503,3061
504,4026
504,3061
505,4027
505,1579
506,4028
506,1558
506,1321
506,4027
506,1579
507,4233
507,4232
507,2262
508,4474
508,4472
509,4473
509,360
509,907
510,3661
510,1689
511,3788
511,3397
511,1098
512,2231
512,3787
512,1098
513,3773
513,3772
513,3771
514,479
514,1692
515,1715
515,3231
515,2139
515,1545
515,159
516,1228
516,3433
517,2374
517,1192
518,2374
518,546
519,3027
519,3369
520,583
520,330
520,1117
520,3854
520,3853
521,583
521,330
521,1117
521,3854
522,2039
522,611
523,1687
523,150
524,4346
524,3691
525,1777
525,3236
526,2082
526,527
526,2706
526,2820
526,1096
526,812
527,967
527,1922
528,3395
528,1081
529,967
529,3390
529,2447
529,3395
529,2799
529,561
530,180
530,4175
530,4174
531,3209
531,970
532,606
532,2667
533,1727
533,3282
533,2272
534,4230
534,4229
534,830
535,374
535,112
536,2861
536,3413
536,1647
537,3790
537,410
538,1150
538,1647
538,410
538,3413
538,2861
538,3790
539,2525
539,1738
540,2525
540,1738
541,35
541,1817
541,276
541,1883
541,4355
542,226
542,656
543,2208
543,539
544,1011
544,1839
544,183
544,3533
545,1009
545,2345
545,501
546,1054
546,4465
547,3371
547,1282
547,3675
547,3165
547,1065
547,861
548,2296
548,4035
549,3698
549,1486
550,653
550,2165
551,2893
551,2165
551,1339
552,257
552,679
553,679
553,257
553,1615
553,2778
554,2869
554,891
554,3477
554,2743
554,2324
554,4142
555,2324
555,2743
555,2869
556,1448
556,731
557,2467
557,3834
557,1572
557,637
557,660
557,1409
558,1825
558,2823
558,3869
558,2898
558,3417
558,1593
558,1214
559,3318
559,4483
559,4482
559,4481
559,557
559,3215
559,1014
560,547
560,2600
561,3462
561,3500
561,196
561,1457
561,3850
562,979
562,2037
562,3105
562,2638
563,415
563,808
564,2494
564,1492
565,2174
565,3346
565,1999
566,2601
566,2415
567,3768
567,1469
568,480
568,489
569,1728
569,139
570,2294
570,4207
570,2193
570,139
570,1728
570,1975
570,2450
570,1933
571,1933
571,2450
571,1975
571,2193
572,4207
572,2294
573,2678
573,3411
573,780
574,400
574,3327
574,3412
575,1512
575,2864
575,2858
576,4010
576,4009
576,4008
577,2792
577,2858
577,669
577,2864
577,1632
577,1512
577,4008
577,889
577,4009
577,4010
578,733
578,1604
578,4316
579,1604
579,881
579,4316
580,2085
580,720
580,1242
580,2575
580,1560
581,1242
581,2085
582,2480
582,1277
583,3513
583,2544
584,2516
584,2544
584,3513
585,2833
585,3523
585,4139
585,1605
586,2833
586,3523
586,4139
586,1605
587,2589
587,3700
588,3647
588,2449
589,1331
589,2449
590,3647
590,3561
591,1331
591,3561
592,3802
592,3803
592,1532
592,3804
592,3805
592,3806
593,3828
593,3829
593,2661
593,1030
593,2997
593,1635
594,1635
594,2997
594,3828
595,2661
595,3829
596,4300
596,4299
597,2405
597,4298
598,3501
598,3492
598,3274
598,3568
598,3190
598,2635
598,3948
599,784
599,3024
600,3000
600,1823
601,2867
601,3439
602,1047
602,4336
602,2219
603,392
603,269
604,211
604,1350
605,1864
605,947
605,2611
605,1865
606,1864
606,947
606,2611
607,3732
607,3585
607,1665
607,2947
608,882
608,781
609,4416
609,3102
610,4130
610,3431
611,4131
611,4130
611,4129
611,3431
612,788
612,1318
612,2259
612,459
613,742
613,788
613,459
614,996
614,2527
614,1042
614,2159
614,3123
615,3123
615,2159
615,1042
615,996
616,3123
616,1042
616,996
617,581
617,2887
618,381
618,2759
618,2855
618,2955
619,2759
619,2955
620,381
620,2759
620,2855
620,2955
620,1404
621,4375
621,1726
621,4374
621,2466
621,950
622,2628
622,3436
623,251
623,2204
623,585
623,3769
623,3770
624,585
624,2204
625,620
625,3115
625,816
626,645
626,409
626,164
627,530
627,1805
628,2058
628,1847
628,1620
629,3404
629,2058
629,1847
629,1620
630,3404
630,1219
630,2058
630,784
630,1847
630,1620
631,3720
631,1494
632,2297
632,1636
633,2217
633,3565
634,987
634,3067
634,1691
635,991
635,4361
636,4360
636,3063
637,2608
637,2621
637,1693
637,3467
638,2608
638,3467
639,782
639,260
640,4231
640,646
640,3271
640,3108
641,1425
641,2352
642,1220
642,817
643,3183
643,1736
644,2966
644,934
644,1450
645,4315
645,709
645,282
646,31
646,4313
646,98
647,31
647,4314
647,4313
648,79
648,1646
649,3181
649,2282
649,615
649,577
649,723
650,1564
650,723
650,3593
651,2710
651,2302
652,2710
652,2302
652,1564
653,4351
653,1485
654,2171
654,2495
655,2171
655,4137
655,2495
656,2502
656,2113
657,1943
657,2961
657,3389
657,673
657,3488
658,3488
658,673
658,3389
658,2961
658,1943
659,3447
659,1812
660,500
660,1812
661,1768
661,1757
662,1326
662,2131
662,1038
663,1129
663,1038
663,3623
663,2131
663,567
663,1326
664,3036
664,1966
665,2312
665,3758
665,632
666,1966
666,632
666,3036
666,3758
666,2312
667,3758
667,632
668,289
668,283
669,283
669,2275
669,289
669,1951
669,732
670,2604
670,608
670,2756
670,2789
670,3662
671,2756
671,2745
672,3662
672,2789
672,1087
672,553
672,2745
672,2756
672,608
672,2604
673,4435
673,544
673,2087
673,3118
673,407
674,1101
674,2803
674,1323
674,1264
674,2020
674,2132
674,2093
675,1323
675,2803
676,2647
676,3494
676,2216
676,1670
676,1800
677,2647
677,3494
677,2216
677,654
677,536
677,2935
677,1670
677,1800
678,4003
678,2408
679,187
679,2493
680,3678
680,2059
680,3162
681,362
681,3678
682,2949
682,2222
682,3573
683,1505
683,2446
684,734
684,3813
684,3111
684,2400
684,3814
684,2049
685,734
685,3813
685,3111
685,2400
685,3814
685,2049
686,2049
686,3111
686,734
687,1969
687,1408
687,42
687,482
688,3084
688,1418
688,1464
688,4226
689,1464
689,4226
690,2882
690,438
690,1008
691,190
691,3425
691,3359
692,2968
692,300
693,3230
693,3379
693,2693
694,1332
694,3230
695,261
695,3597
695,1708
695,3728
696,399
696,2047
697,2926
697,2448
698,1289
698,3831
699,2279
699,2040
700,1289
700,3831
700,2279
700,2040
701,1138
701,473
701,1019
702,483
702,2532
703,1836
703,2809
704,3654
704,1836
704,2809
704,34
704,2154
705,34
705,1414
705,2154
706,4427
706,540
707,2046
707,2815
707,4060
708,2837
708,4060
708,2815
708,2046
709,3612
709,3110
709,1970
709,163
710,238
710,2619
710,1862
710,3999
710,2957
711,4173
711,2461
711,3667
712,1832
712,3535
712,3667
712,3326
713,1127
713,750
713,2522
714,750
714,1127
715,2522
715,1127
716,2339
716,3219
716,2682
716,192
717,1247
717,1314
717,4228
717,4227
718,1247
718,1314
718,4228
718,4227
719,644
719,2528
720,3541
720,2666
721,23
721,2338
721,2366
721,3541
722,2919
722,1441
723,1261
723,338
724,201
724,4402
724,3042
725,4162
725,429
726,538
726,2539
727,3094
727,1241
728,1241
728,651
728,2292
728,2026
728,1530
728,3094
728,2223
728,1772
729,4234
729,1346
730,1059
730,897
731,1059
731,2664
731,4234
732,2053
732,1599
732,4386
732,2252
732,3623
732,2238
732,2726
732,4385
733,361
733,2051
733,3598
733,2996
733,3250
733,265
733,2426
733,3143
733,2804
734,2426
734,2996
735,3143
735,361
736,2500
736,2691
737,355
737,798
738,3693
738,3694
739,2561
739,609
740,1202
740,1861
740,107
741,942
741,4270
742,3288
742,1722
743,1202
743,1861
743,942
743,107
743,1722
744,1134
744,1731
745,132
745,1046
745,2603
745,1882
745,1731
746,4053
746,4052
747,3628
747,2715
748,2185
748,1686
748,3628
748,1397
749,1344
749,1397
750,2765
750,1581
750,2932
750,1189
750,2593
751,86
751,449
752,4295
752,2951
752,4294
752,4293
752,4292
752,4291
752,4290
752,4289
752,4288
752,4287
753,3820
753,3819
754,525
754,625
755,3471
755,3945
755,25
756,3471
756,3945
756,25
757,1349
757,3944
758,1349
758,3154
759,1349
759,778
759,3944
759,1737
760,337
760,1774
760,1012
761,1869
761,1110
762,387
762,72
762,502
762,1075
763,931
763,1533
763,3218
763,2760
763,1608
764,1608
764,3218
764,1533
765,1910
765,868
765,4068
765,814
766,2090
766,3107
766,3013
767,3013
767,3107
767,2090
767,487
767,309
768,4282
768,2784
768,3052
768,826
768,317
768,4283
768,1345
768,4284
768,1514
769,1514
769,4284
769,1345
769,4283
769,3052
770,826
770,2784
770,4282
771,2289
771,4062
772,4063
772,2289
772,4062
773,2330
773,1316
774,52
774,537
775,4317
775,2074
776,2826
776,3596
776,1527
776,2074
776,4317
776,4318
776,4319
776,3301
776,1673
776,2286
777,2286
777,2826
778,686
778,727
779,2414
779,2233
780,753
780,2376
780,1993
780,708
781,46
781,957
782,2862
782,1679
783,1355
783,2971
784,2922
784,4146
784,1751
784,2702
785,4147
785,4145
786,4145
786,2702
786,1751
786,4146
786,2922
786,4147
787,2676
787,1944
788,1309
788,386
789,3670
789,386
789,1309
789,3277
789,1649
790,1649
790,3670
791,2931
791,3057
792,930
792,2392
792,3653
793,2625
793,3396
794,4406
794,4405
795,108
795,1261
796,1507
796,4148
796,1195
797,1313
797,984
797,2654
798,1313
798,984
799,1017
799,457
799,2840
800,1498
800,1747
801,4409
801,1380
802,3633
802,2070
802,441
803,1216
803,872
804,4222
804,872
804,4221
804,3496
805,2817
805,2936
805,3942
805,2746
806,2817
806,3644
806,3943
806,2936
807,2817
807,3644
808,1896
808,2746
808,3942
808,2511
808,2936
808,3494
808,3943
808,3644
808,2817
809,2838
809,722
810,2758
810,347
810,3060
810,142
810,1120
810,147
810,1889
810,894
811,1889
811,147
812,894
812,1120
812,347
813,3705
813,2565
813,2277
814,3705
814,2565
814,2277
815,2796
815,768
816,768
816,2796
816,3626
817,1197
817,857
818,4259
818,993
819,3049
819,1852
819,3577
820,3450
820,4196
821,96
821,1631
822,3577
822,1631
822,1852
822,3049
822,96
822,4196
822,3450
823,3206
823,2563
824,3299
824,704
825,2091
825,704
826,249
826,1256
827,1256
827,249
827,1551
828,648
828,2768
828,3899
828,1306
828,1165
829,1026
829,508
829,4058
830,4059
830,1026
830,508
830,4058
831,678
831,1415
832,1152
832,3323
832,717
833,3323
833,1490
833,1391
833,717
834,1973
834,3702
834,3069
835,3077
835,2151
835,1171
836,3158
836,3652
836,2088
837,495
837,741
837,3030
837,59
838,3907
838,1536
838,1048
838,1716
839,2333
839,3196
840,3907
840,2333
840,1536
840,146
840,3196
840,1048
840,1716
841,4054
841,1294
841,1561
842,1561
842,1294
842,4054
843,1561
843,1294
844,4076
844,1248
845,867
845,4075
846,1444
846,4464
847,3006
847,2752
848,222
848,700
848,949
849,3133
849,496
850,3714
850,3713
851,2937
851,1982
852,1357
852,2959
852,3409
853,1744
853,1298
854,3747
854,306
855,3673
855,2469
855,1174
856,2469
856,3673
857,1276
857,1433
858,1231
858,933
858,109
858,956
858,1984
859,956
859,109
859,933
859,1231
860,3658
860,3642
860,1837
861,1837
861,3642
862,4022
862,4021
863,4021
863,4020
864,3203
864,4022
865,1651
865,3428
865,4020
865,4021
865,4022
865,3203
865,4023
865,3645
865,2258
865,3307
866,3378
866,3484
866,2114
867,519
867,3604
868,1377
868,2627
869,1466
869,1783
870,764
870,27
871,2972
871,1534
872,2576
872,764
872,3981
872,27
873,202
873,77
873,657
874,202
874,77
874,657
875,730
875,981
876,1787
876,1827
876,3304
877,1827
877,981
877,3304
878,1787
878,3304
879,1848
879,68
879,1252
880,1252
880,80
880,68
880,1531
880,1848
881,1535
881,603
882,245
882,3232
882,1576
882,4154
882,2470
882,3275
883,1576
883,245
884,3575
884,254
884,82
885,1089
885,3657
886,1611
886,3657
886,82
886,1089
886,254
886,3575
887,3065
887,1552
887,151
888,151
888,1552
889,4274
889,1740
890,1335
890,3846
891,2677
891,2844
891,4
892,2677
892,2108
892,2844
892,4
893,2677
893,4274
893,1335
893,539
893,2844
893,4
893,3846
894,2653
894,2742
894,1918
894,763
894,2057
894,1547
894,3908
894,1950
895,3908
895,1918
896,1810
896,4190
896,1806
897,344
897,2816
897,461
897,2311
898,3303
898,2016
898,1381
898,349
899,2623
899,434
899,2232
899,2203
900,434
900,3132
900,2067
900,2956
900,2232
900,2203
900,51
900,326
901,3812
901,2566
902,2954
902,3456
903,2954
903,3456
903,2182
904,1965
904,144
904,2134
904,783
904,2514
904,3539
904,4200
905,4200
905,3539
905,2514
905,783
905,2134
905,144
905,1965
906,199
906,3453
906,3489
906,2993
906,179
906,787
906,3350
907,199
907,3453
907,3489
907,2993
907,179
907,787
907,3350
908,566
908,325
908,1119
908,2722
909,1119
909,325
909,566
910,1076
910,1366
911,869
911,1819
912,3695
912,3696
913,1293
913,2099
913,1232
913,2582
913,4107
914,846
914,3546
915,4037
915,160
916,2991
916,3699
917,3848
917,1280
918,3818
918,3186
919,2382
919,3344
919,1148
920,4438
920,1157
920,2406
921,4273
921,3490
922,4273
922,3490
922,4271
923,4272
923,2998
923,239
924,2827
924,729
925,383
925,2999
925,2831
925,3434
925,845
925,925
926,925
926,845
926,3434
926,1304
926,2831
926,1272
926,2999
926,383
927,1272
927,3434
928,921
928,3592
929,1229
929,162
929,140
930,140
930,162
930,1229
930,3592
930,3537
930,921
930,2515
931,456
931,4045
932,3374
932,4045
932,456
933,1917
933,1640
934,1712
934,612
934,4280
935,2550
935,600
935,3627
935,2396
936,2550
936,600
936,2396
937,3526
937,545
938,545
938,2984
938,1145
938,1888
938,3505
938,3526
939,3505
939,1888
939,1145
939,2984
940,739
940,3847
941,3846
941,2914
941,2523
941,2807
941,3847
941,370
941,739
942,1928
942,2061
942,3727
942,2319
943,2319
943,2061
944,2824
944,1556
944,4159
944,1643
944,4160
944,3114
945,4159
945,1556
946,2128
946,2019
947,1987
947,2128
947,2019
947,1094
948,2524
948,191
949,961
949,3574
950,4078
950,4077
951,4078
951,1887
951,1384
952,1732
952,3475
952,3634
952,1713
953,1052
953,2309
953,1284
953,1249
954,2342
954,4213
955,430
955,4215
955,4214
956,316
956,818
957,430
957,4214
958,2167
958,110
958,2266
959,2266
959,2167
960,3014
960,266
960,3686
960,951
961,1442
961,721
962,3686
962,951
963,828
963,771
963,2428
963,3222
963,4024
963,2381
963,1550
964,1135
964,1986
964,2128
965,1135
965,2128
966,718
966,136
967,1031
967,3485
967,1909
967,198
968,4172
968,4171
969,1031
969,4172
969,3485
969,1909
969,4171
969,198
970,4225
970,4224
970,4223
970,1698
970,1915
971,4225
971,4224
971,4223
971,1299
972,697
972,2
972,4000
972,1684
972,3020
972,806
972,4001
972,688
972,2510
972,4002
973,697
973,2
973,4000
973,1684
973,3020
973,806
973,4001
973,688
973,2510
973,4002
974,3749
974,3750
974,1051
974,3751
974,3014
975,3751
975,1051
976,1584
976,751
977,774
977,1040
978,1584
978,751
978,1040
979,4463
979,4462
979,4461
980,4460
980,4459
981,4206
981,3610
982,428
982,1926
982,6
983,3765
983,3064
983,3008
983,3766
983,1634
984,1634
984,3766
984,3008
984,3765
985,568
985,1963
986,3538
986,3617
986,3833
987,346
987,3319
987,1057
988,2762
988,630
989,2762
989,630
989,1393
989,1170
990,4281
990,1080
990,1652
991,2727
991,1886
992,1533
992,1798
992,1291
993,4098
993,4099
993,4100
993,3194
993,1932
994,1932
994,4098
995,3194
995,4099
996,2771
996,3707
997,3708
997,2771
998,1342
998,1797
999,3142
999,1002
999,3244
1000,1748
1000,329
1000,2970
1000,431
1000,2296
1001,2507
1001,593
1002,436
1002,185
1002,593
1002,2507
1002,304
1003,2269
1003,2626
1004,1996
1004,2084
1005,4111
1005,210
1006,2585
1006,2562
1007,2911
1007,353
1008,3153
1008,2777
1009,307
1009,3892
1009,3891
1009,793
1009,943
1010,3660
1010,3153
1010,2777
1011,307
1011,3892
1011,943
1012,307
1012,3892
1012,3891
1012,943
1013,1710
1013,1258
1013,2569
1013,1564
1013,2518
1013,1688
1013,221
1014,1710
1014,1258
1014,2569
1014,1564
1014,2518
1014,1688
1014,221
1015,1310
1015,268
1016,268
1016,1310
1016,766
1017,2730
1017,1340
1018,4458
1018,1180
1018,4457
1018,4454
1019,1224
1019,4456
1019,4455
1020,2255
1020,1473
1020,627
1021,4429
1021,2361
1022,2011
1022,2583
1023,39
1023,990
1024,843
1024,596
1024,7
1025,671
1025,2372
1025,2924
1026,671
1026,7
1027,3532
1027,1125
1027,2012
1028,3532
1028,1916
1028,2012
1028,1594
1028,2015
1029,3139
1029,667
1029,2031
1029,375
1029,884
1029,1270
1029,616
1029,712
1030,616
1030,375
1030,2031
1030,667
1030,3139
1031,3058
1031,1816
1032,3058
1032,883
1032,3155
1032,1816
1033,2373
1033,3155
1034,1060
1034,485
1034,1388
1034,1296
1034,3170
1034,2560
1035,511
1035,2652
1035,3381
1036,522
1036,2535
1037,1112
1037,3874
1037,3873
1037,2335
1038,3874
1038,803
1039,1153
1039,2852
1039,331
1040,1718
1040,2050
1041,1405
1041,3178
1041,2135
1042,542
1042,664
1043,754
1043,3387
1043,45
1044,3756
1044,1160
1045,19
1045,2899
1046,1844
1046,1
1047,1460
1047,2945
1048,3315
1048,1460
1048,2945
1049,2724
1049,2906
1050,1084
1050,1412
1051,1412
1051,2868
1051,1084
1051,3824
1051,3504
1051,2534
1052,2326
1052,1159
1052,3029
1052,1287
1053,3557
1053,1209
1054,3029
1054,1287
1055,790
1055,1295
1056,3519
1056,2220
1057,291
1057,1841
1058,279
1058,924
1058,63
1058,291
1059,17
1059,2839
1059,4141
1059,64
1059,2462
1059,1765
1060,922
1060,422
1061,2390
1061,248
1062,1671
1062,2385
1062,248
1062,422
1062,2390
1062,856
1062,922
1063,124
1063,491
1063,1402
1063,2362
1064,491
1064,1402
1065,3934
1065,2650
1066,2650
1066,3571
1066,3034
1066,3362
1066,2055
1066,794
1066,3121
1066,351
1066,3934
1067,351
1067,794
1068,2055
1068,3034
1068,3571
1069,1508
1069,193
1069,1303
1070,0
1070,919
1071,1034
1071,2559
1072,2145
1072,2952
1072,2443
1073,3160
1073,2041
1074,2679
1074,681
1074,3054
1074,640
1075,100
1075,631
1075,2348
1076,3674
1076,2571
1077,451
1077,1786
1078,123
1078,2024
1079,182
1079,1116
1080,4030
1080,30
1080,4029
1080,2240
1080,3638
1081,4038
1081,4039
1081,4040
1082,3188
1082,2146
1083,3157
1083,3406
1083,2316
1084,2304
1084,1694
1085,1834
1085,3764
1086,1834
1086,3764
1086,1925
1087,870
1087,3031
1087,2790
1087,3235
1088,3962
1088,2983
1088,3961
1089,2409
1089,1453
1090,384
1090,2916
1090,3322
1091,1591
1091,594
1091,4302
1092,937
1092,4301
1092,1045
1093,594
1093,4302
1094,4366
1094,4365
1095,490
1095,1137
1096,975
1096,3376
1096,999
1097,2504
1097,4104
1097,838
1097,855
1097,24
1098,24
1098,838
1098,2504
1099,855
1099,4104
1100,442
1100,1360
1101,1360
1101,2687
1101,3156
1101,1940
1101,169
1101,442
1102,442
1102,1940
1102,1360
1103,3156
1103,2687
1104,1976
1104,169
1104,3286
1104,972
1104,3646
1105,103
1105,2144
1106,1976
1106,103
1107,1387
1107,2874
1108,3306
1108,1570
1109,3317
1109,3418
1109,2943
1110,126
1110,3293
1111,1565
1111,3137
1111,1217
1111,3176
1111,2905
1111,512
1112,3621
1112,1929
1113,2543
1113,3548
1114,1988
1114,2543
1114,3548
1115,1102
1115,4140
1116,1102
1116,4140
1116,2471
1117,2210
1117,1255
1117,1853
1117,3460
1117,1720
1117,831
1117,602
1117,3521
1117,4305
1117,4306
1118,3521
1118,602
1118,1720
1118,3460
1118,1853
1119,3725
1119,313
1119,3726
1119,3586
1120,3586
1120,3726
1121,343
1121,3451
1122,2651
1122,4220
1122,3405
1122,1244
1123,4071
1123,3367
1123,885
1123,1753
1124,1753
1124,885
1124,3367
1124,4071
1125,242
1125,389
1125,4340
1126,157
1126,4340
1126,389
1126,3562
1126,73
1126,863
1126,242
1126,4341
1126,4342
1126,4343
1127,4343
1127,4341
1127,73
1128,3563
1128,2354
1128,3857
1129,3858
1129,3148
1129,3311
1130,2610
1130,1290
1130,2226
1131,1258
1131,3914
1131,3912
1132,3291
1132,3914
1132,3913
1132,3912
1132,3601
1133,3914
1133,3913
1134,1998
1134,3706
1134,233
1135,212
1135,1194
1136,1528
1136,2043
1137,2043
1137,3020
1137,1528
1137,1194
1137,2137
1137,84
1137,212
1137,1588
1137,2348
1137,2457
1138,1179
1138,135
1138,3965
1138,1583
1139,380
1139,3559
1140,135
1140,3965
1140,1583
1141,2065
1141,3964
1141,3963
1142,2637
1142,2321
1143,3703
1143,2321
1143,2637
1144,2463
1144,3924
1144,1363
1144,1904
1144,2805
1144,777
1144,1257
1144,3925
1145,3264
1145,895
1146,435
1146,453
1146,395
1147,3810
1147,3809
1148,395
1148,3809
1148,453
1148,435
1148,3810
1148,3811
1149,3570
1149,4212
1149,2641
1150,3570
1150,4212
1151,2674
1151,687
1152,2384
1152,3234
1152,3127
1152,1238
1152,1669
1152,3958
1152,2386
1152,2245
1152,623
1153,623
1153,2245
1153,2386
1154,3454
1154,2166
1155,3214
1155,2166
1156,3454
1156,2660
1157,460
1157,3104
1157,1595
1158,83
1158,339
1159,341
1159,2125
1160,341
1160,2699
1161,918
1161,3345
1161,3085
1161,444
1162,1639
1162,1750
1162,680
1162,3355
1162,1371
1162,92
1162,2298
1162,569
1163,569
1163,3355
1164,92
1164,680
1165,3666
1165,2427
1165,2938
1165,2359
1165,3503
1166,689
1166,104
1166,3786
1166,1881
1167,1881
1167,3786
1167,104
1167,689
1167,676
1168,2389
1168,3582
1168,1069
1168,2536
1169,2389
1169,3582
1169,1069
1169,2536
1170,1311
1170,2788
1170,3022
1170,2098
1170,2751
1170,2141
1171,1311
1171,2788
1171,3022
1172,4067
1172,4066
1173,4065
1173,4066
1173,4067
1173,1826
1174,691
1174,1815
1174,3514
1174,1967
1174,2617
1175,4388
1175,37
1176,3331
1176,1240
1176,3423
1177,1979
1177,3086
1177,3423
1177,1240
1177,3331
1177,511
1177,2173
1178,2941
1178,2907
1179,2707
1179,3044
1180,1164
1180,2437
1180,2618
1180,699
1181,820
1181,3639
1181,176
1181,1095
1182,820
1182,1095
1183,3835
1183,3836
1183,1574
1183,3837
1183,2880
1183,3838
1183,2023
1184,3838
1184,3836
1185,1812
1185,531
1186,3
1186,3844
1187,470
1187,9
1188,3845
1188,3441
1189,9
1189,470
1189,3441
1189,3844
1189,1756
1189,3845
1189,3
1190,1104
1190,1353
1190,3552
1190,1130
1191,4114
1191,3399
1191,2870
1191,1413
1191,4115
1192,1413
1192,3399
1193,2870
1193,4114
1194,2194
1194,1473
1194,2930
1194,1443
1195,3166
1195,1678
1196,576
1196,1721
1197,551
1197,379
1198,418
1198,2337
1198,3284
1199,2403
1199,58
1199,2302
1200,4367
1200,773
1200,811
1201,1099
1201,2982
1201,4070
1201,466
1202,4070
1202,2982
1203,2602
1203,3547
1204,1421
1204,369
1205,849
1205,3763
1206,1858
1206,3763
1207,2242
1207,3426
1208,2242
1208,1626
1208,1329
1208,3426
1209,1626
1209,1329
1210,63
1210,2519
1210,2305
1210,866
1210,1142
1210,1842
1211,63
1211,2519
1211,2305
1211,866
1211,1142
1211,1842
1212,181
1212,4235
1213,4238
1213,4237
1213,4236
1214,4398
1214,663
1215,3701
1215,1833
1215,2835
1216,2102
1216,744
1217,636
1217,305
1218,493
1218,1263
1219,60
1219,2117
1219,2344
1220,2344
1220,2117
1220,1598
1220,1785
1220,3297
1220,60
1221,3239
1221,2029
1221,1056
1222,1056
1222,3239
1223,105
1223,148
1224,67
1224,148
1224,4101
1224,713
1224,105
1225,4401
1225,797
1225,2442
1226,515
1226,3709
1226,3211
1227,2701
1227,2720
1228,2614
1228,2021
1229,3276
1229,1754
1230,3868
1230,2554
1231,3276
1231,1725
1231,2021
1231,3868
1232,1354
1232,1488
1232,1456
1232,224
1232,286
1232,1582
1232,1141
1232,1458
1233,1458
1233,1141
1233,1582
1233,224
1233,1456
1233,1488
1234,575
1234,3352
1234,3013
1234,2445
1234,2229
1235,2904
1235,1776
1235,7
1235,1559
1235,1700
1236,1838
1236,2365
1237,2904
1237,1700
1238,7
1238,1870
1239,3400
1239,4350
1239,1989
1239,3296
1240,1386
1240,444
1241,2949
1241,2669
1242,1818
1242,3511
1242,444
1242,2174
1243,4399
1243,2800
1244,3536
1244,3407
1244,1648
1244,923
1245,2933
1245,1613
1245,3536
1245,1435
1245,3407
1245,1648
1245,923
1246,3724
1246,1079
1246,3723
1247,1478
1247,2350
1248,1037
1248,2101
1248,3506
1249,1478
1249,2350
1249,3506
1249,1230
1249,47
1250,1511
1250,1661
1250,4091
1251,1899
1251,2460
1252,2970
1252,219
1253,195
1253,2531
1254,2794
1254,432
1255,1024
1255,87
1255,2948
1255,2299
1256,1846
1256,1808
1257,1846
1257,1168
1257,1808
1257,841
1257,4103
1258,1860
1258,549
1259,971
1259,2351
1260,2435
1260,2351
1260,971
1261,552
1261,3966
1261,1420
1261,1856
1262,3967
1262,552
1262,3966
1262,2578
1262,2484
1262,1420
1262,1856
1263,1625
1263,3967
1263,552
1263,3966
1263,2578
1263,2484
1263,1420
1263,1856
1264,2578
1264,2484
1265,3608
1265,2100
1266,2214
1266,4102
1267,2939
1267,308
1268,308
1268,1766
1269,1766
1269,308
1269,2939
1270,1501
1270,854
1270,749
1270,4257
1270,4256
1270,3591
1271,3046
1271,3375
1271,303
1272,1501
1272,854
1272,4257
1272,4256
1272,3591
1273,2116
1273,529
1273,1621
1273,2158
1274,3449
1274,2624
1275,516
1275,3151
1275,2
1276,3579
1276,382
1276,887
1276,1175
1276,1489
1276,2328
1276,983
1276,2475
1276,1114
1277,3579
1277,382
1277,887
1277,1175
1277,1489
1277,2328
1277,983
1277,2475
1277,1114
1278,4120
1278,4119
1278,4118
1279,4121
1279,3051
1279,4117
1280,4117
1280,3051
1280,4118
1280,4119
1280,4120
1280,4121
1281,4433
1281,4432
1282,613
1282,2249
1282,3972
1282,543
1283,2871
1283,1234
1284,3971
1284,274
1285,543
1285,274
1285,3971
1285,3167
1285,3972
1285,2249
1285,613
1285,1234
1285,2871
1286,2871
1286,1234
1286,613
1286,2249
1286,3972
1286,3971
1286,274
1286,543
1287,3097
1287,4064
1287,2929
1288,3097
1288,4064
1289,1443
1289,2929
1289,4064
1289,3097
1290,1013
1290,1657
1291,3455
1291,1328
1292,2170
1292,3882
1292,3204
1292,3883
1292,3884
1292,3885
1292,3687
1292,3886
1293,2821
1293,3128
1293,4112
1294,4112
1294,3128
1294,2821
1294,5
1294,582
1295,3335
1295,995
1296,4447
1296,916
1297,2129
1297,4448
1297,1780
1298,900
1298,905
1298,332
1299,2640
1299,3599
1299,237
1299,554
1300,900
1300,332
1300,2431
1301,2640
1301,2431
1301,3599
1301,554
1302,3650
1302,3665
1302,3664
1302,1897
1302,173
1302,1932
1303,1218
1303,3939
1303,2364
1303,1406
1303,2123
1303,3940
1303,1911
1303,3177
1303,3171
1304,3171
1304,1911
1304,1406
1305,2123
1305,2364
1305,3939
1305,1218
1306,2379
1306,319
1307,1261
1307,1956
1307,108
1307,3074
1308,1261
1308,108
1308,3074
1309,345
1309,696
1309,1549
1310,2721
1310,786
1310,44
1310,3486
1311,345
1311,3486
1311,1549
1312,2721
1312,44
1313,3540
1313,3218
1314,4074
1314,4073
1315,122
1315,3697
1316,293
1316,278
1317,1422
1317,3902
1318,3903
1318,2609
1319,1422
1319,3903
1319,3902
1319,216
1319,2609
1320,3901
1320,2191
1321,1903
1321,3260
1321,1330
1321,3900
1322,3260
1322,1330
1322,3900
1323,3517
1323,4403
1323,1880
1324,796
1324,858
1325,796
1325,2662
1326,2156
1326,4108
1326,2077
1327,2453
1327,2156
1327,4108
1327,2077
1328,3859
1328,2086
1328,3131
1328,3860
1328,3333
1328,2150
1328,3861
1329,3861
1329,2150
1329,3333
1329,2086
1329,3859
1330,3860
1330,3131
1331,1922
1331,1931
1331,115
1331,443
1332,3398
1332,3182
1333,4327
1333,367
1333,4326
1333,4325
1333,3309
1333,2126
1333,3273
1333,4324
1334,1394
1334,3012
1335,2819
1335,3990
1335,2846
1335,158
1336,1091
1336,2819
1336,3990
1336,2846
1336,158
1337,2860
1337,3989
1338,2370
1338,3791
1338,2512
1338,3792
1338,3457
1338,2363
1339,2512
1339,3791
1339,2370
1340,1480
1340,358
1340,2668
1340,3221
1340,89
1341,1205
1341,503
1342,2797
1342,758
1343,2797
1343,807
1343,758
1344,799
1344,2032
1345,330
1345,2032
1345,799
1345,726
1346,840
1346,3414
1346,1901
1346,165
1347,4205
1347,1663
1348,840
1348,1901
1348,165
1349,3692
1349,1471
1350,2452
1350,2377
1351,1609
1351,1544
1352,2910
1352,2203
1352,2003
1352,1063
1353,1063
1353,2003
1353,2203
1354,3799
1354,785
1355,2558
1355,3798
1356,2878
1356,2533
1356,3761
1356,1703
1357,2533
1357,1627
1358,4056
1358,2849
1359,3087
1359,4469
1359,4468
1359,1359
1359,4467
1359,1118
1359,4466
1359,2923
1360,2444
1360,2025
1360,1540
1360,2928
1361,1987
1361,433
1362,2444
1362,2025
1362,1540
1362,2928
1363,3622
1363,3373
1363,243
1364,3373
1364,3622
1365,1849
1365,71
1365,3651
1365,1563
1366,4204
1366,4203
1366,2897
1367,2341
1367,2347
1368,1730
1368,423
1369,4428
1369,1622
1370,128
1370,3001
1371,4277
1371,865
1372,4277
1372,865
1372,4276
1372,4275
1372,1784
1373,3676
1373,3987
1373,3655
1373,1521
1373,1590
1374,2245
1374,973
1375,973
1375,1590
1375,1521
1375,3655
1375,3987
1375,3676
1375,2245
1375,920
1375,3988
1375,2775
1376,3898
1376,1267
1376,477
1376,3897
1376,3896
1376,3895
1376,3894
1376,3893
1377,3893
1377,3894
1377,3895
1377,3896
1377,3897
1377,477
1377,1267
1377,3898
1378,3898
1378,1267
1378,477
1378,3896
1378,3895
1378,3894
1378,3893
1379,4014
1379,2671
1379,4013
1380,1767
1380,2791
1381,1193
1381,3041
1381,639
1381,2018
1381,963
1381,2215
1382,2215
1382,963
1382,639
1382,1193
1383,1106
1383,4471
1384,859
1384,1039
1385,2913
1385,3251
1385,2349
1385,1949
1385,1459
1385,1199
1385,2989
1386,1004
1386,2579
1387,4050
1387,498
1387,4051
1388,4051
1388,498
1389,2498
1389,4081
1389,4080
1390,3759
1390,1427
1390,3760
1390,1428
1390,1431
1391,3228
1391,2596
1391,1085
1392,3960
1392,1292
1393,1482
1393,3959
1394,4036
1394,2401
1395,3566
1395,3740
1395,3741
1395,2555
1396,1395
1396,336
1396,570
1397,336
1397,1395
1398,3312
1398,2642
1398,3744
1398,3745
1398,3746
1399,1462
1399,2567
1400,2530
1400,41
1400,2680
1400,1300
1400,408
1400,292
1400,1788
1401,3748
1401,2118
1402,3748
1402,2118
1402,1259
1403,3135
1403,2375
1403,2917
1403,3060
1404,3060
1404,2946
1404,2917
1404,2160
1404,2375
1404,3135
1405,3998
1405,3997
1405,3996
1406,3524
1406,822
1406,3014
1406,3305
1406,556
1406,3385
1407,3385
1407,556
1407,114
1407,3305
1407,3014
1407,3996
1407,3997
1407,822
1407,3524
1407,3998
1408,3316
1408,2814
1408,2975
1409,3816
1409,405
1409,760
1409,492
1409,3193
1409,3817
1410,3817
1410,3193
1410,3816
1411,4354
1411,4353
1411,4352
1411,2996
1412,2900
1412,1580
1412,2206
1412,137
1413,299
1413,1068
1414,892
1414,287
1415,985
1415,3387
1416,1390
1416,1077
1416,175
1417,2829
1417,1499
1418,1935
1418,2829
1418,1499
1419,3134
1419,3256
1419,3800
1420,3256
1420,3800
1421,130
1421,3117
1422,171
1422,141
1422,2323
1423,2021
1423,3634
1424,2251
1424,946
1425,3192
1425,3778
1426,3779
1426,3778
1427,1964
1427,4309
1427,572
1427,4308
1427,4307
1428,1964
1428,4309
1428,572
1428,4307
1429,1426
1429,2875
1430,910
1430,1172
1430,1268
1430,2186
1430,1526
1430,1672
1430,3199
1431,1526
1431,2186
1431,1172
1431,910
1432,3332
1432,4150
1432,4149
1433,4152
1433,4151
1434,3783
1434,3784
1434,3785
1434,563
1434,3246
1435,3246
1435,3785
1436,1960
1436,3795
1436,601
1436,1546
1436,1958
1436,2267
1437,2526
1437,1196
1438,2526
1438,1196
1438,2007
1439,3172
1439,234
1439,4320
1440,4323
1440,4322
1440,4321
1441,2670
1441,3452
1442,1921
1442,2595
1443,2670
1443,3452
1444,1131
1444,864
1445,1131
1445,864
1446,2692
1446,1953
1446,1510
1446,2176
1447,4451
1447,874
1448,1761
1448,1023
1448,390
1449,390
1449,1023
1450,2587
1450,1123
1450,3946
1450,1515
1451,2248
1451,1375
1451,3354
1451,1515
1451,759
1451,3946
1451,101
1451,1123
1451,2587
1452,1484
1452,754
1452,2892
1453,321
1453,4025
1454,3017
1454,587
1455,587
1455,2865
1456,2793
1456,2187
1457,1005
1457,2187
1457,2793
1458,1336
1458,1361
1459,2121
1459,977
1459,2175
1460,4046
1460,3048
1461,624
1461,1385
1462,986
1462,1176
1463,1341
1463,2552
1463,1176
1463,791
1463,2953
1463,1424
1463,986
1463,371
1464,1176
1464,2552
1464,1341
1465,2552
1465,1341
1466,2659
1466,4093
1466,4094
1466,643
1466,1043
1467,1250
1467,102
1467,4138
1467,3421
1467,2301
1468,4138
1468,3421
1469,2886
1469,2189
1469,330
1469,520
1469,3645
1469,1932
1469,3510
1470,1932
1470,3645
1470,520
1471,330
1471,2886
1472,2317
1472,4189
1472,218
1472,1890
1473,4189
1473,1892
1474,1044
1474,1124
1474,1941
1474,3445
1475,3217
1475,3823
1476,821
1476,3823
1477,2703
1477,2198
1477,661
1477,2329
1478,2329
1478,2703
1479,1093
1479,3731
1479,3730
1480,1093
1480,3731
1480,3730
1481,3739
1481,1668
1481,3738
1481,13
1482,1658
1482,1288
1483,3225
1483,3936
1483,302
1483,172
1483,3689
1483,2276
1483,3935
1483,994
1484,2177
1484,1573
1485,2747
1485,2205
1486,1438
1486,32
1487,3308
1487,3363
1488,2612
1488,534
1489,2612
1489,534
1490,2859
1490,229
1490,3416
1490,3515
1491,229
1491,2859
1492,2767
1492,3554
1493,3554
1493,2767
1493,3361
1494,3349
1494,1122
1494,2045
1494,3091
1494,2646
1494,3976
1494,944
1494,3977
1494,2482
1495,2773
1495,320
1495,2225
1496,3370
1496,2934
1496,2218
1497,3370
1497,2218
1497,3383
1498,3122
1498,3383
1499,3119
1499,1173
1500,3444
1500,2005
1500,3463
1501,2044
1501,3549
1501,376
1502,1936
1502,2221
1503,514
1503,1589
1504,3149
1504,3498
1505,223
1505,26
1506,716
1506,1058
1507,294
1507,1465
1508,388
1508,2391
1509,131
1509,565
1509,2391
1510,2888
1510,1695
1511,2850
1511,2509
1512,1417
1512,2783
1512,1895
1512,4007
1512,4006
1512,4005
1512,804
1512,1028
1513,2541
1513,873
1514,2054
1514,2058
1514,1210
1514,1656
1514,1493
1514,264
1514,2657
1514,873
1514,2541
1515,1610
1515,4404
1515,2950
1516,1070
1516,3243
1516,1297
1517,3243
1517,1070
1518,2169
1518,1033
1518,2689
1518,3126
1518,3237
1518,4201
1518,4202
1519,2169
1519,1033
1519,2689
1519,3126
1519,3237
1519,4201
1519,4202
1520,3254
1520,3781
1521,968
1521,1186
1521,1759
1522,968
1522,1186
1523,3588
1523,3241
1524,2441
1524,2303
1524,4362
1524,1885
1525,467
1525,1927
1526,2353
1526,2633
1527,3512
1527,3011
1528,3011
1528,2075
1529,1115
1529,2607
1529,3839
1530,1115
1530,2607
1530,3839
1531,3841
1531,3840
1532,4041
1532,4042
1532,523
1533,3377
1533,2236
1534,4219
1534,4218
1534,4217
1534,3509
1534,3620
1534,4216
1535,4219
1535,4218
1535,4217
1535,3509
1535,4216
1536,4397
1536,2072
1537,4420
1537,1793
1537,1337
1537,2433
1537,4419
1538,2851
1538,152
1538,1067
1538,614
1538,3757
1539,3757
1539,614
1540,1681
1540,3066
1541,890
1541,852
1542,3890
1542,3095
1543,1143
1543,1775
1543,3889
1544,1143
1544,3321
1544,3890
1545,402
1545,1859
1545,3611
1545,200
1546,3611
1546,1859
1546,402
1547,1859
1547,402
1548,3366
1548,2197
1548,1061
1549,3366
1549,1061
1550,2197
1550,1347
1551,378
1551,2704
1552,378
1552,2704
1553,20
1553,4410
1553,3635
1553,1071
1554,3598
1554,2822
1555,2570
1555,2964
1556,297
1556,2002
1557,2574
1557,3973
1558,4048
1558,2425
1558,4049
1559,801
1559,22
1560,111
1560,3251
1560,2261
1561,2613
1561,1271
1561,2253
1562,1062
1562,559
1562,888
1563,888
1563,170
1563,559
1563,1062
1563,735
1564,1555
1564,1519
1564,94
1565,1078
1565,420
1566,2458
1566,2879
1567,1029
1567,4079
1568,2497
1568,2883
1568,2340
1569,719
1569,2958
1570,1126
1570,649
1571,3487
1571,4122
1571,649
1571,4123
1571,4124
1571,1126
1572,2250
1572,908
1572,4335
1572,1795
1572,2196
1572,4333
1572,4332
1572,4331
1573,2250
1573,908
1573,1795
1573,2196
1573,4334
1573,4333
1573,4332
1573,4331
1574,1496
1574,1111
1574,3025
1575,1496
1575,3025
1576,4195
1576,851
1576,4099
1576,4194
1576,4193
1577,4099
1577,4193
1578,770
1578,2887
1579,903
1579,2887
1580,2980
1580,621
1580,426
1581,426
1581,573
1581,1724
1581,342
1581,761
1581,621
1581,2980
1582,342
1582,573
1583,419
1583,37
1583,4312
1583,4311
1584,3056
1584,288
1584,1748
1584,3630
1585,3056
1585,288
1585,1748
1585,1707
1585,49
1585,3630
1586,3429
1586,3630
1587,288
1587,452
1588,2398
1588,1578
1588,670
1589,1578
1589,670
1590,2410
1590,2853
1591,3589
1591,2483
1592,1092
1592,1500
1593,4061
1593,3614
1594,70
1594,4395
1595,4004
1595,1181
1595,1215
1595,3685
1595,3021
1595,3677
1595,53
1596,2239
1596,497
1597,145
1597,4260
1597,2332
1597,747
1597,2429
1597,3295
1597,4261
1597,2828
1597,2806
1598,3278
1598,246
1598,97
1598,3424
1598,2056
1599,1010
1599,2454
1599,2615
1599,4092
1599,714
1600,1146
1600,799
1601,1517
1601,3482
1601,1802
1601,799
1601,1146
1601,1226
1601,2402
1602,3864
1602,3863
1603,2260
1603,562
1603,3862
1603,2412
1604,562
1604,3862
1605,4251
1605,4250
1606,276
1606,1542
1606,4247
1606,3300
1606,4248
1606,1151
1606,4249
1606,4250
1606,4251
1607,3300
1607,4247
1607,1542
1608,4251
1608,4250
1609,4249
1609,1151
1610,1654
1610,1767
1611,4418
1611,4417
1612,2168
1612,875
1613,4446
1613,4445
1613,4444
1613,4443
1613,4442
1613,4441
1613,4440
1613,4439
1614,1533
1614,2378
1615,55
1615,2006
1616,736
1616,4450
1616,4449
1617,1451
1617,842
1618,2138
1618,1212
1619,3071
1619,3019
1619,3782
1620,3159
1620,23
1621,3466
1621,463
1622,3643
1622,1001
1623,4072
1623,3643
1623,1001
1624,209
1624,733
1625,209
1625,733
1625,3169
1626,962
1626,1729
1627,827
1627,2000
1628,3830
1628,824
1629,2000
1629,827
1629,824
1629,3830
1629,1729
1629,962
1630,1709
1630,3551
1630,4381
1630,1699
1630,2629
1630,4380
1630,2089
1631,4211
1631,2036
1631,2149
1632,366
1632,2035
1632,3339
1632,1416
1633,366
1633,2035
1633,1416
1633,3002
1634,4348
1634,4347
1635,3387
1635,1327
1636,373
1636,1749
1636,425
1637,373
1637,1749
1637,425
1638,3921
1638,3920
1638,1307
1638,3919
1639,425
1639,3919
1639,1307
1639,3920
1639,203
1639,1749
1639,3921
1639,373
1640,3921
1640,1307
1641,3755
1641,2658
1641,3754
1642,1392
1642,2314
1643,4155
1643,1641
1644,1392
1644,2314
1645,4155
1645,1641
1646,4245
1646,633
1647,4245
1647,633
1648,2655
1648,3443
1649,4244
1649,4243
1650,940
1650,1717
1650,1376
1650,1606
1650,1893
1651,940
1651,1717
1652,1376
1652,1606
1653,1025
1653,3290
1654,989
1654,335
1654,3553
1655,2912
1655,2336
1656,1685
1656,2336
1656,2912
1656,3348
1657,1779
1657,3247
1657,4184
1657,4185
1657,2940
1657,3298
1657,4186
1658,3753
1658,3090
1659,2786
1659,2142
1659,2979
1660,2979
1660,2142
1660,2786
1660,3090
1660,3753
1661,595
1661,2763
1662,4113
1662,2368
1663,580
1663,2645
1664,2417
1664,3442
1665,3442
1665,580
1666,3594
1666,976
1667,3970
1667,3969
1668,3180
1668,3968
1669,3208
1669,2395
1670,715
1670,886
1671,1251
1671,684
1671,16
1672,3248
1672,4034
1672,3195
1673,220
1673,4033
1674,311
1674,3481
1674,76
1674,3922
1675,1746
1675,2754
1676,1491
1676,2754
1676,3922
1676,1746
1676,76
1676,3481
1676,3923
1676,311
1677,3092
1677,2801
1678,1090
1678,1133
1679,2696
1679,2334
1679,2211
1679,2120
1680,3480
1680,3384
1681,2737
1681,3384
1682,167
1682,143
1683,2698
1683,2708
1683,1162
1684,1455
1684,3435
1684,1612
1684,2162
1684,4338
1684,4337
1685,2698
1685,2708
1685,1162
1686,3435
1686,2162
1686,4338
1686,4337
1687,2283
1687,1407
1687,1121
1688,2681
1688,906
1689,3780
1689,693
1689,1430
1689,2753
1690,2753
1690,475
1690,1430
1690,693
1690,3780
1691,1994
1691,2741
1691,272
1691,1770
1691,2273
1692,1109
1692,186
1693,499
1693,767
1693,1811
1693,4239
1694,2620
1694,150
1695,3947
1695,1831
1696,1503
1696,1821
1697,1735
1697,118
1697,2172
1697,1286
1697,3103
1697,3789
1698,3789
1698,3103
1698,2172
1699,902
1699,3710
1699,3711
1699,3712
1700,902
1700,3710
1700,3711
1700,3712
1701,1604
1701,2033
1702,2420
1702,1653
1703,4246
1703,2723
1703,3187
1704,465
1704,3201
1704,222
1704,3483
1705,2723
1705,3187
1706,3272
1706,769
1706,1843
1706,2456
1707,4330
1707,4329
1707,2990
1707,4328
1708,1036
1708,930
1709,476
1709,2841
1709,628
1709,3587
1709,280
1710,1871
1710,3353
1711,476
1711,2841
1711,4339
1711,628
1711,1144
1712,3584
1712,955
1712,1918
1713,1992
1713,3632
1714,3238
1714,455
1714,2013
1714,1338
1714,2380
1714,1520
1715,2735
1715,391
1716,1379
1716,647
1716,3605
1716,2076
1716,3174
1717,3605
1717,3174
1718,1872
1718,3032
1719,1872
1719,1906
1719,3032
1720,3461
1720,1446
1721,1086
1721,4258
1722,1227
1722,3269
1722,964
1723,696
1723,3005
1724,1961
1724,2513
1724,3522
1725,1961
1725,2513
1726,3794
1726,350
1726,2133
1726,3793
1727,3432
1727,2843
1728,2147
1728,2246
1728,2307
1729,1374
1729,2477
1729,2066
1730,396
1730,4470
1731,3342
1731,4132
1732,535
1732,2179
1732,4132
1732,4133
1732,3342
1732,401
1733,4480
1733,1093
1734,775
1734,2639
1735,2744
1735,3478
1735,3116
1736,2356
1736,448
1736,1285
1737,2356
1737,2472
1737,448
1737,1863
1737,1285
1738,2356
1738,2472
1738,448
1739,1748
1739,901
1739,3578
1740,1548
1740,4069
1740,2071
1741,417
1741,1382
1741,3103
1742,3832
1742,2572
1743,3198
1743,2572
1743,3103
1743,3832
1743,1382
1743,417
1744,2227
1744,2490
1745,2227
1745,2915
1745,2490
1745,2228
1745,3679
1746,2506
1746,3072
1746,206
1746,2355
1746,3224
1746,550
1746,2230
1746,809
1747,809
1747,2230
1747,550
1747,3224
1747,2355
1747,206
1747,1733
1747,3072
1747,2506
1748,518
1748,1169
1749,1971
1749,642
1750,4254
1750,1239
1750,2569
1750,2430
1750,2424
1751,4254
1751,1239
1751,208
1751,2569
1751,2430
1751,2244
1751,2424
1752,2010
1752,3047
1753,227
1753,1867
1753,2808
1753,2136
1754,93
1754,3953
1755,3953
1755,2192
1755,3954
1755,588
1755,93
1755,1158
1755,2709
1755,675
1755,155
1756,155
1756,2709
1756,588
1756,3954
1756,2192
1757,1445
1757,1497
1758,1809
1758,710
1759,354
1759,125
1760,1676
1760,3242
1760,2119
1761,3875
1761,225
1762,3464
1762,1742
1763,2885
1763,917
1763,3357
1764,2078
1764,2769
1764,236
1765,3124
1765,3426
1765,2069
1765,2489
1766,2069
1766,2489
1767,3340
1767,3343
1767,1585
1767,853
1767,2974
1767,2416
1767,2256
1767,1082
1767,3289
1767,117
1768,3340
1768,3343
1768,1585
1768,853
1768,2974
1768,2416
1768,2256
1768,1082
1768,3289
1768,117
1769,4408
1769,2622
1769,2278
1769,4407
1770,2876
1770,2393
1770,3607
1771,2695
1771,3715
1771,2295
1771,2811
1772,2811
1772,2295
1772,3715
1773,1283
1773,1015
1773,1522
1773,776
1773,1614
1773,3528
1773,2649
1774,3528
1774,776
1774,1522
1774,1015
1774,1283
1775,1516
1775,2152
1776,954
1776,2388
1777,3035
1777,458
1778,3879
1778,2103
1778,3878
1778,1447
1779,2181
1779,2264
1780,3491
1780,263
1780,4400
1780,1213
1781,2106
1781,1801
1782,2987
1782,2802
1782,1801
1783,3458
1783,2891
1783,3729
1784,1923
1784,1954
1784,4240
1784,1758
1784,1924
1784,4241
1784,4242
1784,2153
1784,1178
1785,1924
1785,1758
1785,4240
1785,1954
1786,1178
1786,4241
1787,4264
1787,2001
1787,829
1787,250
1787,1108
1787,692
1788,4264
1788,2001
1788,829
1788,250
1788,1108
1788,692
1789,2209
1789,3685
1790,1372
1790,3365
1790,212
1790,364
1790,1237
1790,1266
1791,4110
1791,4109
1792,406
1792,3075
1793,4110
1793,4109
1794,3347
1794,1436
1795,3347
1795,1835
1795,590
1795,1436
1796,1147
1796,1432
1797,1835
1797,590
1798,119
1798,3403
1799,3930
1799,3929
1799,3928
1799,3927
1800,3929
1800,3928
1800,3927
1801,926
1801,1064
1801,2734
1801,3974
1801,228
1801,2027
1801,1995
1801,356
1801,3975
1802,2734
1802,1064
1803,3975
1803,926
1804,4303
1804,1343
1805,1411
1805,4304
1806,592
1806,1537
1806,2542
1806,745
1807,2542
1807,745
1808,1093
1808,762
1808,1233
1808,3473
1809,789
1809,4016
1810,404
1810,662
1811,4016
1811,2064
1811,935
1811,662
1811,1711
1811,789
1811,4017
1811,1745
1811,404
1811,1311
1812,2284
1812,4105
1812,792
1812,1149
1812,3558
1813,2284
1813,4105
1813,792
1813,1149
1813,3558
1814,3797
1814,510
1814,3336
1815,2872
1815,3336
1815,3796
1815,3220
1815,510
1815,3797
1816,2547
1816,4358
1816,3168
1817,2547
1817,4357
1818,2529
1818,284
1819,1990
1819,4161
1819,1324
1819,284
1819,1934
1819,2529
1820,1934
1820,4161
1821,1324
1821,1990
1822,1429
1822,4209
1822,4208
1822,398
1823,1429
1823,4209
1823,4208
1824,4210
1824,1877
1824,3534
1825,871
1825,3337
1825,3213
1825,2962
1825,2110
1825,2577
1825,3564
1826,871
1826,3337
1826,3213
1826,2962
1826,2110
1826,2577
1826,3564
1827,871
1827,3337
1827,3213
1827,2110
1827,2577
1827,3564
1828,1637
1828,4269
1829,3078
1829,4252
1829,3184
1830,4253
1830,1912
1830,1633
1831,3530
1831,825
1832,2207
1832,2548
1832,1851
1832,50
1833,2548
1833,1851
1833,50
1834,4044
1834,4043
1835,4044
1835,4043
1835,1254
1836,1702
1836,427
1837,3161
1837,2200
1837,1204
1837,1660
1838,377
1838,505
1839,213
1839,1764
1839,1868
1840,1155
1840,1644
1841,610
1841,1617
1842,4192
1842,2201
1843,610
1843,322
1844,4164
1844,310
1844,3292
1844,4163
1844,2739
1845,4164
1845,310
1845,3292
1845,4163
1845,2739
1846,3294
1846,938
1846,672
1846,2873
1847,992
1847,3294
1847,938
1847,672
1847,2873
1848,3683
1848,740
1848,1032
1849,3683
1849,740
1849,1032
1849,281
1849,2459
1850,2357
1850,1403
1851,15
1851,318
1852,2605
1852,1857
1853,2825
1853,2486
1854,3606
1854,2009
1854,2502
1855,2502
1855,2009
1855,3606
1856,1475
1856,1902
1857,37
1857,1041
1857,3083
1858,2485
1858,666
1859,666
1859,2485
1859,3083
1859,1041
1859,37
1860,4477
1860,571
1860,4475
1860,1629
1861,4476
1861,1191
1862,3313
1862,3537
1863,3499
1863,113
1864,3268
1864,2220
1864,2423
1865,3427
1865,298
1866,1878
1866,2863
1867,3129
1867,1073
1867,3368
1867,2105
1867,694
1868,694
1868,3368
1868,3129
1869,2105
1869,1073
1870,3420
1870,3380
1871,1035
1871,3233
1872,2742
1872,23
1872,1824
1872,3173
1873,23
1873,1824
1874,1279
1874,230
1874,3173
1874,1824
1874,23
1874,2742
1875,1477
1875,1278
1876,1370
1876,3438
1877,2271
1877,2183
1877,2455
1877,3733
1878,253
1878,3567
1878,3364
1878,3287
1878,1221
1878,3941
1878,2714
1878,911
1878,1571
1879,2411
1879,2798
1879,2842
1879,2591
1880,2591
1880,2842
1880,2798
1880,2411
1881,3279
1881,668
1881,2313
1882,3279
1882,668
1882,2313
1883,33
1883,315
1884,665
1884,1373
1885,665
1885,1373
1886,2501
1886,194
1887,2501
1887,1440
1888,1873
1888,3010
1888,1607
1889,3459
1889,1607
1889,2434
1890,3459
1890,2434
1891,2740
1891,3150
1892,1495
1892,2481
1892,3690
1892,462
1893,2995
1893,2439
1893,1333
1893,3070
1893,277
1894,277
1894,3070
1894,1107
1894,2942
1894,2965
1894,1333
1894,1945
1894,1223
1894,2439
1894,2995
1895,2877
1895,2140
1896,1947
1896,3281
1896,3223
1896,4266
1896,904
1896,4265
1897,4268
1897,4267
1898,4265
1898,904
1898,4266
1898,1939
1898,4267
1898,3223
1898,4268
1898,3281
1898,1947
1899,1265
1899,1325
1900,2989
1900,314
1901,2989
1901,314
1901,1275
1901,1325
1902,835
1902,558
1903,1245
1903,677
1904,1419
1904,2776
1905,2422
1905,3138
1905,2290
1905,312
1906,3320
1906,2834
1907,2776
1907,3980
1907,312
1907,2290
1907,3138
1907,1419
1907,2834
1907,3320
1907,2422
1908,3671
1908,3569
1909,2199
1909,4387
